ISO-10303-21;
HEADER;
FILE_DESCRIPTION (('ViewDefinition [ReferenceView]'), '2;1');
FILE_NAME ('VAS-Fahrbahnschicht.ifc', '2025-09-15T12:25:20', ('MicMueller'), ('thinkproject Deutschland GmbH'), 'IFC Engine DLL', 'DESITE md pro 3.4.4', 'MicMueller');
FILE_SCHEMA (('IFC4'));
ENDSEC;
DATA;
#1 = IFCPERSON('MicMueller', $, $, $, $, $, $, $);
#2 = IFCORGANIZATION($, 'thinkproject Deutschland GmbH', $, $, $);
#3 = IFCPERSONANDORGANIZATION(#1, #2, $);
#4 = IFCAPPLICATION(#2, '3.4.4', 'DESITE md pro', 'DESITE');
#5 = IFCOWNERHISTORY(#3, #4, $, .ADDED., 1757931920, #3, #4, 1757931920);
#6 = IFCSIUNIT(*, .LENGTHUNIT., $, .METRE.);
#7 = IFCSIUNIT(*, .AREAUNIT., $, .SQUARE_METRE.);
#8 = IFCSIUNIT(*, .VOLUMEUNIT., $, .CUBIC_METRE.);
#9 = IFCSIUNIT(*, .PLANEANGLEUNIT., $, .RADIAN.);
#10 = IFCMEASUREWITHUNIT(IFCPLANEANGLEMEASURE(1.74532925199433E-2), #9);
#11 = IFCDIMENSIONALEXPONENTS(0, 0, 0, 0, 0, 0, 0);
#12 = IFCCONVERSIONBASEDUNIT(#11, .PLANEANGLEUNIT., 'DEGREE', #10);
#13 = IFCSIUNIT(*, .LENGTHUNIT., .MILLI., .METRE.);
#14 = IFCSIUNIT(*, .AREAUNIT., .MILLI., .SQUARE_METRE.);
#15 = IFCSIUNIT(*, .VOLUMEUNIT., .MILLI., .CUBIC_METRE.);
#16 = IFCSIUNIT(*, .LENGTHUNIT., .CENTI., .METRE.);
#17 = IFCUNITASSIGNMENT((#6, #7, #8, #12));
#18 = IFCPROJECT('3VsHiVN_TDFPwVGyTob$O1', #5, 'PB40_Demonstrator_VAS-Modell', $, $, $, $, (#24), #17);
#19 = IFCDIRECTION((0., 1.));
#20 = IFCDIRECTION((1., 0., 0.));
#21 = IFCDIRECTION((0., 0., 1.));
#22 = IFCCARTESIANPOINT((0., 0., 0.));
#23 = IFCAXIS2PLACEMENT3D(#22, #21, #20);
#24 = IFCGEOMETRICREPRESENTATIONCONTEXT($, 'Model', 3, 1.E-5, #23, #19);
#25 = IFCDIRECTION((1., 0., 0.));
#26 = IFCDIRECTION((0., 0., 1.));
#27 = IFCCARTESIANPOINT((409215., 5719875., 0.));
#28 = IFCAXIS2PLACEMENT3D(#27, #26, #25);
#29 = IFCLOCALPLACEMENT($, #28);
#30 = IFCSITE('0zR5RsNi5FHQiuX$cwdEiD', #5, 'IfcSite', $, $, #29, $, $, $, $, $, $, $, $);
#31 = IFCRELAGGREGATES('3M3UCF76110g2SaXXmW_vJ', #5, '', $, #18, (#30));
#32 = IFCDIRECTION((1., 0., 0.));
#33 = IFCDIRECTION((0., 0., 1.));
#34 = IFCCARTESIANPOINT((0., 0., 0.));
#35 = IFCAXIS2PLACEMENT3D(#34, #33, #32);
#36 = IFCLOCALPLACEMENT(#29, #35);
#37 = IFCBUILDING('29WYzvnSn0aA9OD292pqUw', #5, 'VAS-Fahrbahnschicht', 'Fx0230 V01 670958 - 671144 | A1000', $, #36, $, $, $, $, $, $);
#38 = IFCRELAGGREGATES('2SVg3pZpf1tOyPZcImRXIJ', #5, '', $, #30, (#37));
#39 = IFCDIRECTION((1., 0., 0.));
#40 = IFCDIRECTION((0., 0., 1.));
#41 = IFCCARTESIANPOINT((0., 0., 0.));
#42 = IFCAXIS2PLACEMENT3D(#41, #40, #39);
#43 = IFCLOCALPLACEMENT(#36, #42);
#44 = IFCBUILDINGSTOREY('2K5u_MzxL9zw0b3_e5XcaV', #5, 'Fahrbahn_R', $, $, #43, $, $, $, $);
#45 = IFCRELAGGREGATES('0hDJbhojv3T8zHziUel$2P', #5, '', $, #37, (#44, #707));
#46 = IFCDIRECTION((1., 0., 0.));
#47 = IFCDIRECTION((0., 0., 1.));
#48 = IFCCARTESIANPOINT((0., 0., 0.));
#49 = IFCAXIS2PLACEMENT3D(#48, #47, #46);
#50 = IFCLOCALPLACEMENT(#43, #49);
#51 = IFCBUILDINGSTOREY('2z1eTk55v7xRn6ncOIFQ7F', #5, 'ErdBau_UB', $, $, #50, $, $, $, $);
#52 = IFCRELAGGREGATES('3ogZO50AbAvPSftLUVE0hr', #5, '', $, #44, (#51, #283, #523));
#53 = IFCDIRECTION((1., 0., 0.));
#54 = IFCDIRECTION((0., 0., 1.));
#55 = IFCCARTESIANPOINT((0., 0., 0.));
#56 = IFCAXIS2PLACEMENT3D(#55, #54, #53);
#57 = IFCLOCALPLACEMENT(#50, #56);
#58 = IFCBUILDINGSTOREY('3ZnlAVLTDCMeipMgvkN9Tx', #5, 'Sicker_L', $, $, #57, $, $, $, $);
#59 = IFCRELAGGREGATES('2zpXlO8zT0Yu0W7mloeSNS', #5, '', $, #51, (#58, #116, #171, #228));
#60 = IFCCARTESIANPOINTLIST3D(((0., 91.109999999404, 128.29057003905), (-1.49905976257287E-1, 91.109999999404, 128.2965462781), (0., 91.109999999404, 127.89057003905), (-1.49905976257287E-1, 91.109999999404, 127.89057003905), (0., 81.109999999404, 128.09057003905), (0., 81.109999999404, 128.49057003905), (-1.49905976257287E-1, 81.109999999404, 128.09057003905), (-1.49905976257287E-1, 81.109999999404, 128.4965462781), (0., 71.109999999404, 128.29057003905), (-1.49905976257287E-1, 71.109999999404, 128.29057003905), (0., 71.109999999404, 128.69057003905), (-1.49905976257287E-1, 71.109999999404, 128.6965462781), (0., 61.109999999404, 128.49057003905), (-1.49905976257287E-1, 61.109999999404, 128.49057003905), (0., 61.109999999404, 128.89057003905), (-1.49905976257287E-1, 61.109999999404, 128.8965462781), (0., 51.109999999404, 128.69057003905), (-1.49905976257287E-1, 51.109999999404, 128.69057003905), (0., 51.109999999404, 129.09057003905), (-1.49905976257287E-1, 51.109999999404, 129.0965462781), (0., 41.109999999404, 128.89057003905), (-1.49905976257287E-1, 41.109999999404, 128.89057003905), (0., 41.109999999404, 129.29057003905), (-1.49905976257287E-1, 41.109999999404, 129.2965462781), (0., 31.109999999404, 129.09057003905), (-1.49905976257287E-1, 31.109999999404, 129.09057003905), (0., 31.109999999404, 129.49057003905), (-1.49905976257287E-1, 31.109999999404, 129.4965462781), (0., 21.109999999404, 129.29057003905), (-1.49905976257287E-1, 21.109999999404, 129.29057003905), (0., 21.109999999404, 129.69057003905), (-1.49905976257287E-1, 21.109999999404, 129.6965462781), (0., 11.109999999404, 129.49057003905), (-1.49905976257287E-1, 11.109999999404, 129.49057003905), (0., 11.109999999404, 129.89057003905), (-1.49905976257287E-1, 11.109999999404, 129.8965462781), (0., 8.10999999940395, 129.550570039051), (-1.49905976257287E-1, 8.10999999940395, 129.550570039051), (0., 8.10999999940395, 129.950570039051), (-1.49905976257287E-1, 8.10999999940395, 129.9565462781), (0., 4.10999999940395, 129.630570039051), (-1.49905976257287E-1, 4.10999999940395, 129.630570039051), (0., 4.10999999940395, 130.030570039051), (-1.49905976257287E-1, 4.10999999940395, 130.0365462781), (0., 1.10999999940395, 129.690570039051), (-1.49905976257287E-1, 1.10999999940395, 129.690570039051), (0., 1.10999999940395, 130.090570039051), (-1.49905976257287E-1, 1.10999999940395, 130.0965462781), (0., 4.6999999973923E-1, 129.703370039051), (-1.49905976257287E-1, 4.6999999973923E-1, 129.703370039051), (0., 4.6999999973923E-1, 130.103370039051), (-1.49905976257287E-1, 4.6999999973923E-1, 130.1093462781), (0., 4.59999999962747E-1, 129.703570039051), (-1.49905976257287E-1, 4.59999999962747E-1, 129.703570039051), (0., 4.59999999962747E-1, 130.103570039051), (-1.49905976257287E-1, 4.59999999962747E-1, 130.109546278101), (0., 0., 129.71277003905), (-1.49905976257287E-1, 0., 129.71277003905), (0., 0., 130.11277003905), (-1.49905976257287E-1, 0., 130.1187462781), (0., -4.40000000409782E-1, 129.721570039051), (-1.49905976257287E-1, -4.40000000409782E-1, 129.721570039051), (0., -4.40000000409782E-1, 130.121570039051), (-1.49905976257287E-1, -4.40000000409782E-1, 130.127546278101), (0., -4.50000000186265E-1, 129.721770039052), (-1.49905976257287E-1, -4.50000000186265E-1, 129.721770039052), (0., -4.50000000186265E-1, 130.121770039052), (-1.49905976257287E-1, -4.50000000186265E-1, 130.127746278101), (0., -3.89000000059605, 129.790570039051), (-1.49905976257287E-1, -3.89000000059605, 129.790570039051), (0., -3.89000000059605, 130.190570039051), (-1.49905976257287E-1, -3.89000000059605, 130.1965462781), (0., -8.89000000059605, 129.890570039051), (-1.49905976257287E-1, -8.89000000059605, 129.890570039051), (0., -8.89000000059605, 130.290570039051), (-1.49905976257287E-1, -8.89000000059605, 130.2965462781), (0., -18.890000000596, 130.090570039051), (-1.49905976257287E-1, -18.890000000596, 130.090570039051), (0., -18.890000000596, 130.490570039051), (-1.49905976257287E-1, -18.890000000596, 130.4965462781), (0., -28.890000000596, 130.290570039051), (-1.49905976257287E-1, -28.890000000596, 130.290570039051), (0., -28.890000000596, 130.690570039051), (-1.49905976257287E-1, -28.890000000596, 130.6965462781), (0., -38.890000000596, 130.490570039051), (-1.49905976257287E-1, -38.890000000596, 130.490570039051), (0., -38.890000000596, 130.890570039051), (-1.49905976257287E-1, -38.890000000596, 130.8965462781), (0., -48.890000000596, 130.690570039051), (-1.49905976257287E-1, -48.890000000596, 130.690570039051), (0., -48.890000000596, 131.090570039051), (-1.49905976257287E-1, -48.890000000596, 131.0965462781), (0., -58.890000000596, 130.890570039051), (-1.49905976257287E-1, -58.890000000596, 130.890570039051), (0., -58.890000000596, 131.290570039051), (-1.49905976257287E-1, -58.890000000596, 131.2965462781), (0., -68.890000000596, 131.090570039051), (-1.49905976257287E-1, -68.890000000596, 131.090570039051), (0., -68.890000000596, 131.490570039051), (-1.49905976257287E-1, -68.890000000596, 131.4965462781), (0., -78.890000000596, 131.290570039051), (-1.49905976257287E-1, -78.890000000596, 131.290570039051), (0., -78.890000000596, 131.690570039051), (-1.49905976257287E-1, -78.890000000596, 131.696546278101), (0., -88.890000000596, 131.490570039051), (-1.49905976257287E-1, -88.890000000596, 131.490570039051), (0., -88.890000000596, 131.890570039051), (-1.49905976257287E-1, -88.890000000596, 131.896546278101), (0., -92.8500000005588, 131.569770039036), (-1.49905976257287E-1, -92.8500000005588, 131.569770039036), (0., -92.8500000005588, 131.969770039036), (-1.49905976257287E-1, -92.8500000005588, 131.975746278086)));
#61 = IFCTRIANGULATEDFACESET(#60, $, .T., ((1, 3, 4), (2, 1, 4), (4, 5, 7), (4, 3, 5), (7, 5, 9), (7, 9, 10), (10, 9, 13), (10, 13, 14), (14, 13, 17), (14, 17, 18), (18, 17, 21), (18, 21, 22), (22, 21, 25), (22, 25, 26), (26, 25, 29), (26, 29, 30), (30, 29, 33), (30, 33, 34), (34, 33, 37), (34, 37, 38), (38, 37, 41), (38, 41, 42), (42, 41, 45), (42, 45, 46), (46, 45, 49), (46, 49, 50), (50, 49, 53), (50, 53, 54), (54, 53, 57), (54, 57, 58), (58, 57, 61), (58, 61, 62), (62, 61, 65), (62, 65, 66), (66, 65, 69), (66, 69, 70), (70, 69, 73), (70, 73, 74), (74, 73, 77), (74, 77, 78), (78, 77, 81), (78, 81, 82), (82, 81, 85), (82, 85, 86), (86, 85, 89), (86, 89, 90), (90, 89, 93), (90, 93, 94), (94, 93, 97), (94, 97, 98), (98, 97, 101), (98, 101, 102), (102, 101, 105), (102, 105, 106), (106, 105, 109), (106, 109, 110), (3, 6, 5), (3, 1, 6), (5, 6, 11), (5, 11, 9), (9, 11, 15), (9, 15, 13), (13, 15, 19), (13, 19, 17), (17, 19, 23), (17, 23, 21), (21, 23, 27), (21, 27, 25), (25, 27, 31), (25, 31, 29), (29, 31, 35), (29, 35, 33), (35, 37, 33), (35, 39, 37), (37, 39, 43), (37, 43, 41), (43, 45, 41), (43, 47, 45), (45, 47, 51), (45, 51, 49), (49, 51, 55), (49, 55, 53), (55, 57, 53), (55, 59, 57), (57, 59, 63), (57, 63, 61), (61, 63, 67), (61, 67, 65), (67, 69, 65), (67, 71, 69), (69, 71, 75), (69, 75, 73), (73, 75, 79), (73, 79, 77), (77, 79, 83), (77, 83, 81), (81, 83, 87), (81, 87, 85), (85, 87, 91), (85, 91, 89), (89, 91, 95), (89, 95, 93), (93, 95, 99), (93, 99, 97), (97, 99, 103), (97, 103, 101), (101, 103, 107), (101, 107, 105), (105, 107, 111), (105, 111, 109), (1, 8, 6), (1, 2, 8), (6, 8, 12), (6, 12, 11), (11, 12, 16), (11, 16, 15), (15, 16, 20), (15, 20, 19), (19, 20, 24), (19, 24, 23), (23, 24, 28), (23, 28, 27), (27, 28, 32), (27, 32, 31), (31, 32, 36), (31, 36, 35), (36, 39, 35), (36, 40, 39), (39, 40, 44), (39, 44, 43), (44, 47, 43), (44, 48, 47), (47, 48, 52), (47, 52, 51), (51, 52, 56), (51, 56, 55), (56, 59, 55), (56, 60, 59), (59, 60, 64), (59, 64, 63), (63, 64, 68), (63, 68, 67), (68, 71, 67), (68, 72, 71), (71, 72, 76), (71, 76, 75), (75, 76, 80), (75, 80, 79), (79, 80, 84), (79, 84, 83), (83, 84, 88), (83, 88, 87), (87, 88, 92), (87, 92, 91), (91, 92, 96), (91, 96, 95), (95, 96, 100), (95, 100, 99), (99, 100, 104), (99, 104, 103), (103, 104, 108), (103, 108, 107), (107, 108, 112), (107, 112, 111), (2, 7, 8), (2, 4, 7), (8, 7, 10), (8, 10, 12), (10, 16, 12), (10, 14, 16), (16, 14, 18), (16, 18, 20), (20, 18, 22), (20, 22, 24), (24, 22, 26), (24, 26, 28), (28, 26, 30), (28, 30, 32), (32, 30, 34), (32, 34, 36), (36, 34, 38), (36, 38, 40), (38, 44, 40), (38, 42, 44), (44, 42, 46), (44, 46, 48), (46, 52, 48), (46, 50, 52), (52, 50, 54), (52, 54, 56), (56, 54, 58), (56, 58, 60), (60, 58, 62), (60, 62, 64), (62, 68, 64), (62, 66, 68), (68, 66, 70), (68, 70, 72), (72, 70, 74), (72, 74, 76), (76, 74, 78), (76, 78, 80), (80, 78, 82), (80, 82, 84), (84, 82, 86), (84, 86, 88), (88, 86, 90), (88, 90, 92), (90, 96, 92), (90, 94, 96), (96, 94, 98), (96, 98, 100), (100, 98, 102), (100, 102, 104), (104, 102, 106), (104, 106, 108), (108, 106, 110), (108, 110, 112), (109, 111, 110), (111, 112, 110)), $);
#62 = IFCCOLOURRGB($, 1., 1., 1.);
#63 = IFCSURFACESTYLERENDERING(#62, 0., $, $, $, $, $, $, .FLAT.);
#64 = IFCSURFACESTYLE('m:ffffffff', .BOTH., (#63));
#65 = IFCPRESENTATIONSTYLEASSIGNMENT((#64));
#66 = IFCSTYLEDITEM(#61, (#65), $);
#67 = IFCSHAPEREPRESENTATION(#24, 'Body', 'Tessellation', (#61));
#68 = IFCPRODUCTDEFINITIONSHAPE($, $, (#67));
#69 = IFCDIRECTION((1., 0., 0.));
#70 = IFCDIRECTION((0., 0., 1.));
#71 = IFCCARTESIANPOINT((0., 0., 0.));
#72 = IFCAXIS2PLACEMENT3D(#71, #70, #69);
#73 = IFCLOCALPLACEMENT(#57, #72);
#74 = IFCBUILDINGELEMENTPROXY('1xRrVvTEbDVRdaL1VxQzks', #5, '670960,000-671143,960', '670960,000-671143,960', $, #73, #68, $, $);
#75 = IFCMATERIAL('Kunststoff', $, $);
#76 = IFCRELASSOCIATESMATERIAL('21xO4m$9n6agTVYQr3zw1D', #5, 'Kunststoff', $, (#74, #131, #1148, #1313), #75);
#77 = IFCRELCONTAINEDINSPATIALSTRUCTURE('0cc9wmwlb2UfxmA5ysIJk0', #5, $, $, (#74), #58);
#78 = IFCPROPERTYSINGLEVALUE('BauphaseEnde', $, IFCTEXT('2'), $);
#79 = IFCPROPERTYSINGLEVALUE('Bauphase', $, IFCTEXT('1'), $);
#80 = IFCPROPERTYSINGLEVALUE('BauphaseStart', $, IFCTEXT('1'), $);
#81 = IFCPROPERTYSET('2jYpiisfDCqhgRAxIGTqbb', #5, 'Bauphase', $, (#78, #79, #80));
#82 = IFCRELDEFINESBYPROPERTIES('08xc3ukqXB$fQ8VhXuD_G_', #5, 'Bauphase', $, (#74), #81);
#83 = IFCPROPERTYSINGLEVALUE('Material', $, IFCTEXT('Boden'), $);
#84 = IFCPROPERTYSET('32GCulIg96agfKyHer44he', #5, 'Baustoff', $, (#83));
#85 = IFCRELDEFINESBYPROPERTIES('1kgctqXPTD$RSWaImIMffC', #5, 'Baustoff', $, (#74), #84);
#86 = IFCPROPERTYSINGLEVALUE('Planer', $, IFCTEXT('Schuessler-Plan'), $);
#87 = IFCPROPERTYSINGLEVALUE('Quelle/Herkunft_Daten', $, IFCTEXT('card_1'), $);
#88 = IFCPROPERTYSINGLEVALUE('Bemerkungen', $, IFCTEXT('Senkrechte Sickerschicht herstellen'), $);
#89 = IFCPROPERTYSINGLEVALUE('LOG', $, IFCINTEGER(200), $);
#90 = IFCPROPERTYSINGLEVALUE('KBK_Nr', $, IFCTEXT('4.110.2.020'), $);
#91 = IFCPROPERTYSINGLEVALUE('Planungsnormen', $, IFCTEXT('ZTV E-StB 17'), $);
#92 = IFCPROPERTYSINGLEVALUE('Bauteil', $, IFCTEXT('Oberflaechenentwaesserung'), $);
#93 = IFCPROPERTYSINGLEVALUE('LOI', $, IFCINTEGER(200), $);
#94 = IFCPROPERTYSET('15mYvLJtX0tB7OJ9Y0Ljgq', #5, 'Bauteilinformation', $, (#86, #87, #88, #89, #90, #91, #92, #93));
#95 = IFCRELDEFINESBYPROPERTIES('240zbHlgr0XQgp3PlvdAIx', #5, 'Bauteilinformation', $, (#74), #94);
#96 = IFCPROPERTYSINGLEVALUE('Objekttyp', $, IFCTEXT('Sickerschicht'), $);
#97 = IFCPROPERTYSINGLEVALUE('Objektklasse', $, IFCTEXT('Oberflaechenentwaesserung'), $);
#98 = IFCPROPERTYSINGLEVALUE('Objektgruppe', $, IFCTEXT('Entwaesserung'), $);
#99 = IFCPROPERTYSET('2M14PyU9X8qxDwCAzc7M4g', #5, 'Klassifizierung', $, (#96, #97, #98));
#100 = IFCRELDEFINESBYPROPERTIES('15yUkx8e57EBLXdC7Oy_I5', #5, 'Klassifizierung', $, (#74), #99);
#101 = IFCPROPERTYSINGLEVALUE('Bauabschnitt', $, IFCTEXT('1'), $);
#102 = IFCPROPERTYSINGLEVALUE('Bereich', $, IFCTEXT('Sueden'), $);
#103 = IFCPROPERTYSINGLEVALUE('StationierungBis', $, IFCTEXT('671+143,960'), $);
#104 = IFCPROPERTYSINGLEVALUE('StationierungVon', $, IFCTEXT('670+960,000'), $);
#105 = IFCPROPERTYSINGLEVALUE('Von_BauKM', $, IFCLENGTHMEASURE(670960.), $);
#106 = IFCPROPERTYSINGLEVALUE('Achse', $, IFCTEXT('1'), $);
#107 = IFCPROPERTYSINGLEVALUE('Ebene', $, IFCTEXT('1'), $);
#108 = IFCPROPERTYSINGLEVALUE('Bis_BauKM', $, IFCLENGTHMEASURE(671143.96), $);
#109 = IFCPROPERTYSET('3HPPqXTxf8IOz33WbKpVMu', #5, 'Lage', $, (#101, #102, #103, #104, #105, #106, #107, #108));
#110 = IFCRELDEFINESBYPROPERTIES('2bEq43Sh9BQgtVvMPR8rmh', #5, 'Lage', $, (#74), #109);
#111 = IFCDIRECTION((1., 0., 0.));
#112 = IFCDIRECTION((0., 0., 1.));
#113 = IFCCARTESIANPOINT((0., 0., 0.));
#114 = IFCAXIS2PLACEMENT3D(#113, #112, #111);
#115 = IFCLOCALPLACEMENT(#50, #114);
#116 = IFCBUILDINGSTOREY('3GrSNzOF5DeRp3kZDBJE$L', #5, 'Sicker_R', $, $, #115, $, $, $, $);
#117 = IFCCARTESIANPOINTLIST3D(((-19., 91.109999999404, 128.01055003905), (-19.1499999968801, 91.109999999404, 128.006802538988), (-18.8490924772923, 91.109999999404, 128.014322727117), (-18.9994999999763, 91.109999999404, 127.60680003905), (-19.1494999999995, 91.109999999404, 127.60680003905), (-18.8495000000112, 91.109999999404, 127.60680003905), (-19., 81.109999999404, 128.21055003905), (-18.9994999999763, 81.109999999404, 127.80680003905), (-19.1499999968801, 81.109999999404, 128.206802538988), (-19.1494999999995, 81.109999999404, 127.80680003905), (-18.8495000000112, 81.109999999404, 127.80680003905), (-18.8490924772923, 81.109999999404, 128.214322727117), (-18.9994999999763, 71.109999999404, 128.00680003905), (-19.1494999999995, 71.109999999404, 128.00680003905), (-18.8495000000112, 71.109999999404, 128.00680003905), (-19., 71.109999999404, 128.41055003905), (-19.1499999968801, 71.109999999404, 128.406802538988), (-18.8490924772923, 71.109999999404, 128.414322727117), (-18.9994999999763, 61.109999999404, 128.20680003905), (-19.1494999999995, 61.109999999404, 128.20680003905), (-18.8495000000112, 61.109999999404, 128.20680003905), (-19., 61.109999999404, 128.61055003905), (-19.1499999968801, 61.109999999404, 128.606802538988), (-18.8490924772923, 61.109999999404, 128.614322727117), (-18.9994999999763, 51.109999999404, 128.40680003905), (-19.1494999999995, 51.109999999404, 128.40680003905), (-18.8495000000112, 51.109999999404, 128.40680003905), (-19., 51.109999999404, 128.81055003905), (-19.1499999968801, 51.109999999404, 128.806802538988), (-18.8490924772923, 51.109999999404, 128.814322727118), (-18.9994999999763, 41.109999999404, 128.60680003905), (-19.1494999999995, 41.109999999404, 128.60680003905), (-18.8495000000112, 41.109999999404, 128.60680003905), (-19., 41.109999999404, 129.01055003905), (-19.1499999968801, 41.109999999404, 129.006802538988), (-18.8490924772923, 41.109999999404, 129.014322727118), (-18.9994999999763, 31.109999999404, 128.80680003905), (-19.1494999999995, 31.109999999404, 128.80680003905), (-18.8495000000112, 31.109999999404, 128.80680003905), (-19., 31.109999999404, 129.21055003905), (-19.1499999968801, 31.109999999404, 129.206802538988), (-18.8490924772923, 31.109999999404, 129.214322727118), (-18.9994999999763, 21.109999999404, 129.00680003905), (-19.1494999999995, 21.109999999404, 129.00680003905), (-18.8495000000112, 21.109999999404, 129.00680003905), (-19., 21.109999999404, 129.41055003905), (-19.1499999968801, 21.109999999404, 129.406802538988), (-18.8490924772923, 21.109999999404, 129.414322727118), (-18.9994999999763, 11.109999999404, 129.20680003905), (-19.1494999999995, 11.109999999404, 129.20680003905), (-18.8495000000112, 11.109999999404, 129.20680003905), (-19., 11.109999999404, 129.61055003905), (-19.1499999968801, 11.109999999404, 129.606802538988), (-18.8490924772923, 11.109999999404, 129.614322727118), (-18.9994999999763, 8.10999999940395, 129.266800039051), (-19.1494999999995, 8.10999999940395, 129.266800039051), (-18.8495000000112, 8.10999999940395, 129.266800039051), (-19., 8.10999999940395, 129.670550039051), (-19.1499999968801, 8.10999999940395, 129.666802538988), (-18.8490924772923, 8.10999999940395, 129.674322727118), (-18.9994999999763, 4.10999999940395, 129.346800039051), (-19.1494999999995, 4.10999999940395, 129.346800039051), (-18.8495000000112, 4.10999999940395, 129.346800039051), (-19., 4.10999999940395, 129.750550039051), (-19.1499999968801, 4.10999999940395, 129.746802538988), (-18.8490924772923, 4.10999999940395, 129.754322727118), (-18.9994999999763, 1.10999999940395, 129.406800039051), (-19.1494999999995, 1.10999999940395, 129.406800039051), (-18.8495000000112, 1.10999999940395, 129.406800039051), (-19., 1.10999999940395, 129.810550039051), (-19.1499999968801, 1.10999999940395, 129.806802538988), (-18.8490924772923, 1.10999999940395, 129.814322727118), (-18.9994999999763, 4.6999999973923E-1, 129.419600039051), (-19.1494999999995, 4.6999999973923E-1, 129.419600039051), (-18.8495000000112, 4.6999999973923E-1, 129.419600039051), (-19., 4.6999999973923E-1, 129.823350039051), (-19.1499999968801, 4.6999999973923E-1, 129.819602538988), (-18.8490924772923, 4.6999999973923E-1, 129.827122727118), (-18.9994999999763, 4.59999999962747E-1, 129.419800039051), (-19.1494999999995, 4.59999999962747E-1, 129.419800039051), (-18.8495000000112, 4.59999999962747E-1, 129.419800039051), (-19., 4.59999999962747E-1, 129.823550039051), (-19.1499999968801, 4.59999999962747E-1, 129.819802538989), (-18.8490924772923, 4.59999999962747E-1, 129.827322727118), (-18.9994999999763, 0., 129.42900003905), (-19.1494999999995, 0., 129.42900003905), (-18.8495000000112, 0., 129.42900003905), (-19., 0., 129.83275003905), (-19.1499999968801, 0., 129.829002538988), (-18.8490924772923, 0., 129.836522727117), (-18.9994999999763, -4.40000000409782E-1, 129.437800039051), (-19.1494999999995, -4.40000000409782E-1, 129.437800039051), (-18.8495000000112, -4.40000000409782E-1, 129.437800039051), (-19., -4.40000000409782E-1, 129.841550039051), (-19.1499999968801, -4.40000000409782E-1, 129.837802538989), (-18.8490924772923, -4.40000000409782E-1, 129.845322727119), (-18.9994999999763, -4.50000000186265E-1, 129.438000039052), (-19.1494999999995, -4.50000000186265E-1, 129.438000039052), (-18.8495000000112, -4.50000000186265E-1, 129.438000039052), (-19., -4.50000000186265E-1, 129.841750039052), (-19.1499999968801, -4.50000000186265E-1, 129.838002538989), (-18.8490924772923, -4.50000000186265E-1, 129.845522727119), (-18.9994999999763, -3.89000000059605, 129.506800039051), (-19.1494999999995, -3.89000000059605, 129.506800039051), (-18.8495000000112, -3.89000000059605, 129.506800039051), (-19., -3.89000000059605, 129.910550039051), (-19.1499999968801, -3.89000000059605, 129.906802538988), (-18.8490924772923, -3.89000000059605, 129.914322727118), (-18.9994999999763, -8.89000000059605, 129.606800039051), (-19.1494999999995, -8.89000000059605, 129.606800039051), (-18.8495000000112, -8.89000000059605, 129.606800039051), (-19., -8.89000000059605, 130.010550039051), (-19.1499999968801, -8.89000000059605, 130.006802538988), (-18.8490924772923, -8.89000000059605, 130.014322727118), (-18.9994999999763, -18.890000000596, 129.806800039051), (-19.1494999999995, -18.890000000596, 129.806800039051), (-18.8495000000112, -18.890000000596, 129.806800039051), (-19., -18.890000000596, 130.210550039051), (-19.1499999968801, -18.890000000596, 130.206802538988), (-18.8490924772923, -18.890000000596, 130.214322727118), (-18.9994999999763, -28.890000000596, 130.006800039051), (-19.1494999999995, -28.890000000596, 130.006800039051), (-18.8495000000112, -28.890000000596, 130.006800039051), (-19., -28.890000000596, 130.410550039051), (-19.1499999968801, -28.890000000596, 130.406802538988), (-18.8490924772923, -28.890000000596, 130.414322727118), (-18.9994999999763, -38.890000000596, 130.206800039051), (-19.1494999999995, -38.890000000596, 130.206800039051), (-18.8495000000112, -38.890000000596, 130.206800039051), (-19., -38.890000000596, 130.610550039051), (-19.1499999968801, -38.890000000596, 130.606802538988), (-18.8490924772923, -38.890000000596, 130.614322727118), (-18.9994999999763, -48.890000000596, 130.406800039051), (-19.1494999999995, -48.890000000596, 130.406800039051), (-18.8495000000112, -48.890000000596, 130.406800039051), (-19., -48.890000000596, 130.810550039051), (-19.1499999968801, -48.890000000596, 130.806802538988), (-18.8490924772923, -48.890000000596, 130.814322727118), (-18.9994999999763, -58.890000000596, 130.606800039051), (-19.1494999999995, -58.890000000596, 130.606800039051), (-18.8495000000112, -58.890000000596, 130.606800039051), (-19., -58.890000000596, 131.010550039051), (-19.1499999968801, -58.890000000596, 131.006802538988), (-18.8490924772923, -58.890000000596, 131.014322727118), (-18.9994999999763, -68.890000000596, 130.806800039051), (-19.1494999999995, -68.890000000596, 130.806800039051), (-18.8495000000112, -68.890000000596, 130.806800039051), (-19.1499999968801, -68.890000000596, 131.206802538988), (-19., -68.890000000596, 131.210550039051), (-18.8490924772923, -68.890000000596, 131.214322727118), (-18.9994999999763, -78.890000000596, 131.006800039051), (-19.1494999999995, -78.890000000596, 131.006800039051), (-18.8495000000112, -78.890000000596, 131.006800039051), (-19.1499999968801, -78.890000000596, 131.406802538988), (-19., -78.890000000596, 131.410550039051), (-18.8490924772923, -78.890000000596, 131.414322727118), (-18.9994999999763, -88.890000000596, 131.206800039051), (-19.1494999999995, -88.890000000596, 131.206800039051), (-18.8495000000112, -88.890000000596, 131.206800039051), (-19.1499999968801, -88.890000000596, 131.606802538989), (-19., -88.890000000596, 131.610550039051), (-18.8490924772923, -88.890000000596, 131.614322727118), (-18.9994999999763, -92.8500000005588, 131.286000039036), (-19.1494999999995, -92.8500000005588, 131.286000039036), (-18.8495000000112, -92.8500000005588, 131.286000039036), (-19.1499999968801, -92.8500000005588, 131.686002538974), (-19., -92.8500000005588, 131.689750039036), (-18.8490924772923, -92.8500000005588, 131.693522727103)));
#118 = IFCTRIANGULATEDFACESET(#117, $, .T., ((1, 3, 6), (1, 6, 4), (1, 4, 2), (2, 4, 5), (3, 7, 12), (3, 1, 7), (12, 7, 16), (2, 7, 1), (12, 16, 18), (7, 17, 16), (2, 9, 7), (18, 16, 22), (7, 9, 17), (16, 17, 23), (18, 22, 24), (16, 23, 22), (24, 22, 28), (22, 23, 29), (24, 28, 30), (22, 29, 28), (30, 28, 34), (28, 29, 35), (30, 34, 36), (28, 35, 34), (36, 34, 40), (35, 40, 34), (36, 40, 42), (35, 41, 40), (42, 40, 46), (40, 41, 47), (42, 46, 48), (40, 47, 46), (48, 46, 52), (46, 47, 53), (48, 52, 54), (46, 53, 52), (54, 52, 58), (53, 58, 52), (54, 58, 60), (53, 59, 58), (60, 58, 64), (58, 59, 65), (60, 64, 66), (58, 65, 64), (66, 64, 70), (64, 65, 71), (66, 70, 72), (64, 71, 70), (72, 70, 76), (70, 71, 77), (72, 76, 78), (70, 77, 76), (78, 76, 82), (76, 77, 83), (78, 82, 84), (76, 83, 82), (84, 82, 88), (82, 83, 89), (84, 88, 90), (82, 89, 88), (90, 88, 94), (88, 89, 95), (90, 94, 96), (88, 95, 94), (96, 94, 100), (95, 100, 94), (96, 100, 102), (95, 101, 100), (102, 100, 106), (100, 101, 107), (102, 106, 108), (100, 107, 106), (108, 106, 112), (106, 107, 113), (108, 112, 114), (106, 113, 112), (114, 112, 118), (112, 113, 119), (114, 118, 120), (112, 119, 118), (120, 118, 124), (118, 119, 125), (120, 124, 126), (118, 125, 124), (126, 124, 130), (125, 130, 124), (126, 130, 132), (125, 131, 130), (132, 130, 136), (130, 131, 137), (132, 136, 138), (130, 137, 136), (138, 136, 142), (136, 137, 143), (138, 142, 144), (136, 143, 142), (144, 142, 149), (143, 149, 142), (144, 149, 150), (143, 148, 149), (150, 149, 155), (149, 148, 154), (150, 155, 156), (149, 154, 155), (156, 155, 161), (155, 154, 160), (156, 161, 162), (155, 160, 161), (162, 161, 167), (161, 160, 166), (162, 167, 168), (161, 166, 167), (5, 9, 2), (5, 10, 9), (9, 10, 14), (9, 14, 17), (17, 14, 20), (17, 20, 23), (23, 20, 26), (23, 26, 29), (29, 26, 32), (29, 32, 35), (32, 41, 35), (32, 38, 41), (41, 38, 44), (41, 44, 47), (47, 44, 50), (47, 50, 53), (50, 59, 53), (50, 56, 59), (59, 56, 62), (59, 62, 65), (65, 62, 68), (65, 68, 71), (71, 68, 74), (71, 74, 77), (77, 74, 80), (77, 80, 83), (83, 80, 86), (83, 86, 89), (89, 86, 92), (89, 92, 95), (92, 101, 95), (92, 98, 101), (101, 98, 104), (101, 104, 107), (107, 104, 110), (107, 110, 113), (113, 110, 116), (113, 116, 119), (119, 116, 122), (119, 122, 125), (122, 131, 125), (122, 128, 131), (131, 128, 134), (131, 134, 137), (137, 134, 140), (137, 140, 143), (140, 148, 143), (140, 146, 148), (148, 146, 152), (148, 152, 154), (154, 152, 158), (154, 158, 160), (160, 158, 164), (160, 164, 166), (5, 8, 10), (5, 4, 8), (10, 8, 13), (4, 11, 8), (10, 13, 14), (8, 15, 13), (4, 6, 11), (8, 11, 15), (14, 13, 19), (13, 15, 21), (14, 19, 20), (13, 21, 19), (20, 19, 25), (19, 21, 27), (20, 25, 26), (19, 27, 25), (26, 25, 31), (25, 27, 33), (26, 31, 32), (25, 33, 31), (32, 31, 37), (31, 33, 39), (32, 37, 38), (31, 39, 37), (38, 37, 43), (37, 39, 45), (38, 43, 44), (37, 45, 43), (44, 43, 49), (43, 45, 51), (44, 49, 50), (43, 51, 49), (50, 49, 55), (49, 51, 57), (50, 55, 56), (49, 57, 55), (56, 55, 61), (55, 57, 63), (56, 61, 62), (55, 63, 61), (62, 61, 67), (61, 63, 69), (62, 67, 68), (61, 69, 67), (68, 67, 73), (67, 69, 75), (68, 73, 74), (67, 75, 73), (74, 73, 79), (73, 75, 81), (74, 79, 80), (73, 81, 79), (80, 79, 85), (79, 81, 87), (80, 85, 86), (79, 87, 85), (86, 85, 91), (85, 87, 93), (86, 91, 92), (85, 93, 91), (92, 91, 97), (91, 93, 99), (92, 97, 98), (91, 99, 97), (98, 97, 103), (97, 99, 105), (98, 103, 104), (97, 105, 103), (104, 103, 109), (103, 105, 111), (104, 109, 110), (103, 111, 109), (110, 109, 115), (109, 111, 117), (110, 115, 116), (109, 117, 115), (116, 115, 121), (115, 117, 123), (116, 121, 122), (115, 123, 121), (122, 121, 127), (121, 123, 129), (122, 127, 128), (121, 129, 127), (128, 127, 133), (127, 129, 135), (128, 133, 134), (127, 135, 133), (134, 133, 139), (133, 135, 141), (134, 139, 140), (133, 141, 139), (140, 139, 145), (139, 141, 147), (140, 145, 146), (139, 147, 145), (146, 145, 151), (145, 147, 153), (146, 151, 152), (145, 153, 151), (152, 151, 157), (151, 153, 159), (152, 157, 158), (151, 159, 157), (158, 157, 163), (157, 159, 165), (158, 163, 164), (157, 165, 163), (6, 12, 11), (6, 3, 12), (11, 12, 18), (11, 18, 15), (15, 18, 24), (15, 24, 21), (21, 24, 30), (21, 30, 27), (27, 30, 36), (27, 36, 33), (33, 36, 42), (33, 42, 39), (39, 42, 48), (39, 48, 45), (45, 48, 54), (45, 54, 51), (51, 54, 60), (51, 60, 57), (57, 60, 66), (57, 66, 63), (63, 66, 72), (63, 72, 69), (69, 72, 78), (69, 78, 75), (75, 78, 84), (75, 84, 81), (81, 84, 90), (81, 90, 87), (87, 90, 96), (87, 96, 93), (93, 96, 102), (93, 102, 99), (99, 102, 108), (99, 108, 105), (105, 108, 114), (105, 114, 111), (111, 114, 120), (111, 120, 117), (117, 120, 126), (117, 126, 123), (123, 126, 132), (123, 132, 129), (129, 132, 138), (129, 138, 135), (135, 138, 144), (135, 144, 141), (141, 144, 150), (141, 150, 147), (147, 150, 156), (147, 156, 153), (153, 156, 162), (153, 162, 159), (159, 162, 168), (159, 168, 165), (168, 167, 165), (165, 167, 163), (163, 167, 166), (163, 166, 164)), $);
#119 = IFCCOLOURRGB($, 1., 1., 1.);
#120 = IFCSURFACESTYLERENDERING(#119, 0., $, $, $, $, $, $, .FLAT.);
#121 = IFCSURFACESTYLE('m:ffffffff', .BOTH., (#120));
#122 = IFCPRESENTATIONSTYLEASSIGNMENT((#121));
#123 = IFCSTYLEDITEM(#118, (#122), $);
#124 = IFCSHAPEREPRESENTATION(#24, 'Body', 'Tessellation', (#118));
#125 = IFCPRODUCTDEFINITIONSHAPE($, $, (#124));
#126 = IFCDIRECTION((1., 0., 0.));
#127 = IFCDIRECTION((0., 0., 1.));
#128 = IFCCARTESIANPOINT((0., 0., 0.));
#129 = IFCAXIS2PLACEMENT3D(#128, #127, #126);
#130 = IFCLOCALPLACEMENT(#115, #129);
#131 = IFCBUILDINGELEMENTPROXY('2NGD20Jc92n8GX4y$471j9', #5, '670960,000-671143,960', '670960,000-671143,960', $, #130, #125, $, $);
#132 = IFCRELCONTAINEDINSPATIALSTRUCTURE('0rwdxwvQf7KeNGnAjYc8du', #5, $, $, (#131), #116);
#133 = IFCPROPERTYSINGLEVALUE('BauphaseEnde', $, IFCTEXT('2'), $);
#134 = IFCPROPERTYSINGLEVALUE('Bauphase', $, IFCTEXT('1'), $);
#135 = IFCPROPERTYSINGLEVALUE('BauphaseStart', $, IFCTEXT('1'), $);
#136 = IFCPROPERTYSET('3m47bLIHX4Ger7PL6rQhcp', #5, 'Bauphase', $, (#133, #134, #135));
#137 = IFCRELDEFINESBYPROPERTIES('2mRu6bBwz8kxL7UNp6r0Bm', #5, 'Bauphase', $, (#131), #136);
#138 = IFCPROPERTYSINGLEVALUE('Material', $, IFCTEXT('Boden'), $);
#139 = IFCPROPERTYSET('0vvs9kKrP5TRtjnSFW8mkd', #5, 'Baustoff', $, (#138));
#140 = IFCRELDEFINESBYPROPERTIES('06VPRPFTTD9uWu$MwSrPmn', #5, 'Baustoff', $, (#131), #139);
#141 = IFCPROPERTYSINGLEVALUE('Planer', $, IFCTEXT('Schuessler-Plan'), $);
#142 = IFCPROPERTYSINGLEVALUE('Quelle/Herkunft_Daten', $, IFCTEXT('card_1'), $);
#143 = IFCPROPERTYSINGLEVALUE('Bemerkungen', $, IFCTEXT('Senkrechte Sickerschicht herstellen'), $);
#144 = IFCPROPERTYSINGLEVALUE('LOG', $, IFCINTEGER(200), $);
#145 = IFCPROPERTYSINGLEVALUE('KBK_Nr', $, IFCTEXT('4.110.2.020'), $);
#146 = IFCPROPERTYSINGLEVALUE('Planungsnormen', $, IFCTEXT('ZTV E-StB 17'), $);
#147 = IFCPROPERTYSINGLEVALUE('Bauteil', $, IFCTEXT('Oberflaechenentwaesserung'), $);
#148 = IFCPROPERTYSINGLEVALUE('LOI', $, IFCINTEGER(200), $);
#149 = IFCPROPERTYSET('24rXHngvT6WPRs$eGRXI9i', #5, 'Bauteilinformation', $, (#141, #142, #143, #144, #145, #146, #147, #148));
#150 = IFCRELDEFINESBYPROPERTIES('365xGv3M5ASw4S8BQUw4UO', #5, 'Bauteilinformation', $, (#131), #149);
#151 = IFCPROPERTYSINGLEVALUE('Objekttyp', $, IFCTEXT('Sickerschicht'), $);
#152 = IFCPROPERTYSINGLEVALUE('Objektklasse', $, IFCTEXT('Oberflaechenentwaesserung'), $);
#153 = IFCPROPERTYSINGLEVALUE('Objektgruppe', $, IFCTEXT('Entwaesserung'), $);
#154 = IFCPROPERTYSET('3Ap1UgJKfEYQUG7nS$1b_l', #5, 'Klassifizierung', $, (#151, #152, #153));
#155 = IFCRELDEFINESBYPROPERTIES('1FT1Du9pr4y8h$pqPZJf3N', #5, 'Klassifizierung', $, (#131), #154);
#156 = IFCPROPERTYSINGLEVALUE('Bauabschnitt', $, IFCTEXT('1'), $);
#157 = IFCPROPERTYSINGLEVALUE('Bereich', $, IFCTEXT('Sueden'), $);
#158 = IFCPROPERTYSINGLEVALUE('StationierungBis', $, IFCTEXT('671+143,960'), $);
#159 = IFCPROPERTYSINGLEVALUE('StationierungVon', $, IFCTEXT('670+960,000'), $);
#160 = IFCPROPERTYSINGLEVALUE('Von_BauKM', $, IFCLENGTHMEASURE(670960.), $);
#161 = IFCPROPERTYSINGLEVALUE('Achse', $, IFCTEXT('1'), $);
#162 = IFCPROPERTYSINGLEVALUE('Ebene', $, IFCTEXT('1'), $);
#163 = IFCPROPERTYSINGLEVALUE('Bis_BauKM', $, IFCLENGTHMEASURE(671143.96), $);
#164 = IFCPROPERTYSET('3UTcCdUAL2qwSpkJphL6sb', #5, 'Lage', $, (#156, #157, #158, #159, #160, #161, #162, #163));
#165 = IFCRELDEFINESBYPROPERTIES('1PGtz8Ylv2NfLrAA_rEPEm', #5, 'Lage', $, (#131), #164);
#166 = IFCDIRECTION((1., 0., 0.));
#167 = IFCDIRECTION((0., 0., 1.));
#168 = IFCCARTESIANPOINT((0., 0., 0.));
#169 = IFCAXIS2PLACEMENT3D(#168, #167, #166);
#170 = IFCLOCALPLACEMENT(#50, #169);
#171 = IFCBUILDINGSTOREY('1aqaWdKk16LBWpGWPthf_J', #5, 'FB_F\X\FCllBoden_R', $, $, #170, $, $, $, $);
#172 = IFCCARTESIANPOINTLIST3D(((-16.7115130037419, 91.109999999404, 128.56791843955), (-16.6519461951102, 91.109999999404, 128.569407609766), (-16.6489361702115, 91.109999999404, 128.575427659574), (-16.8763507436379, 91.109999999404, 128.548137910766), (-17.0857854694477, 91.109999999404, 128.40851476023), (-17.3196247437154, 91.109999999404, 128.252621910694), (-18., 91.109999999404, 128.4133), (-18.0129755300586, 91.109999999404, 128.430600706754), (-18.1680863578222, 91.109999999404, 128.349167522188), (-18.4426660424215, 91.109999999404, 128.246200140449), (-18.5509373535751, 91.109999999404, 128.221839095448), (-16.7115130037419, 81.109999999404, 128.76791843955), (-16.6519461951102, 81.109999999404, 128.769407609766), (-16.6489361702115, 81.109999999404, 128.775427659574), (-16.8763507436379, 81.109999999404, 128.748137910766), (-17.0857854694477, 81.109999999404, 128.60851476023), (-17.3196247437154, 81.109999999404, 128.452621910694), (-18., 81.109999999404, 128.6133), (-18.0129755300586, 81.109999999404, 128.630600706754), (-18.1680863578222, 81.109999999404, 128.549167522188), (-18.4426660424215, 81.109999999404, 128.446200140449), (-18.5509373535751, 81.109999999404, 128.421839095449), (-16.7115130037419, 71.109999999404, 128.96791843955), (-16.6519461951102, 71.109999999404, 128.969407609766), (-16.6489361702115, 71.109999999404, 128.975427659574), (-16.8763507436379, 71.109999999404, 128.948137910766), (-17.0857854694477, 71.109999999404, 128.80851476023), (-17.3196247437154, 71.109999999404, 128.652621910695), (-18., 71.109999999404, 128.8133), (-18.0129755300586, 71.109999999404, 128.830600706754), (-18.1680863578222, 71.109999999404, 128.749167522188), (-18.4426660424215, 71.109999999404, 128.646200140449), (-18.5509373535751, 71.109999999404, 128.621839095449), (-17.0857854694477, 61.109999999404, 129.00851476023), (-16.7115130037419, 61.109999999404, 129.16791843955), (-16.8763507436379, 61.109999999404, 129.148137910766), (-16.6519461951102, 61.109999999404, 129.169407609766), (-16.6489361702115, 61.109999999404, 129.175427659574), (-17.3196247437154, 61.109999999404, 128.852621910695), (-18., 61.109999999404, 129.0133), (-18.0129755300586, 61.109999999404, 129.030600706754), (-18.1680863578222, 61.109999999404, 128.949167522188), (-18.4426660424215, 61.109999999404, 128.846200140449), (-18.5509373535751, 61.109999999404, 128.821839095449), (-17.0857854694477, 51.109999999404, 129.20851476023), (-17.3196247437154, 51.109999999404, 129.052621910695), (-16.8763507436379, 51.109999999404, 129.348137910766), (-16.7115130037419, 51.109999999404, 129.36791843955), (-16.6519461951102, 51.109999999404, 129.369407609766), (-16.6489361702115, 51.109999999404, 129.375427659575), (-18., 51.109999999404, 129.2133), (-18.0129755300586, 51.109999999404, 129.230600706754), (-18.1680863578222, 51.109999999404, 129.149167522189), (-18.4426660424215, 51.109999999404, 129.046200140449), (-18.5509373535751, 51.109999999404, 129.021839095449), (-17.3196247437154, 41.109999999404, 129.252621910695), (-17.0857854694477, 41.109999999404, 129.40851476023), (-16.8763507436379, 41.109999999404, 129.548137910766), (-16.7115130037419, 41.109999999404, 129.56791843955), (-16.6519461951102, 41.109999999404, 129.569407609766), (-16.6489361702115, 41.109999999404, 129.575427659575), (-18., 41.109999999404, 129.4133), (-18.0129755300586, 41.109999999404, 129.430600706754), (-18.1680863578222, 41.109999999404, 129.349167522189), (-18.4426660424215, 41.109999999404, 129.24620014045), (-18.5509373535751, 41.109999999404, 129.221839095449), (-17.3196247437154, 31.109999999404, 129.452621910695), (-17.0857854694477, 31.109999999404, 129.60851476023), (-16.8763507436379, 31.109999999404, 129.748137910766), (-16.7115130037419, 31.109999999404, 129.76791843955), (-16.6519461951102, 31.109999999404, 129.769407609766), (-16.6489361702115, 31.109999999404, 129.775427659575), (-18., 31.109999999404, 129.6133), (-18.0129755300586, 31.109999999404, 129.630600706754), (-18.1680863578222, 31.109999999404, 129.549167522189), (-18.4426660424215, 31.109999999404, 129.44620014045), (-18.5509373535751, 31.109999999404, 129.421839095449), (-17.3196247437154, 21.109999999404, 129.652621910695), (-17.0857854694477, 21.109999999404, 129.80851476023), (-16.8763507436379, 21.109999999404, 129.948137910766), (-16.7115130037419, 21.109999999404, 129.96791843955), (-16.6519461951102, 21.109999999404, 129.969407609766), (-16.6489361702115, 21.109999999404, 129.975427659575), (-18., 21.109999999404, 129.8133), (-18.0129755300586, 21.109999999404, 129.830600706754), (-18.1680863578222, 21.109999999404, 129.749167522189), (-18.4426660424215, 21.109999999404, 129.64620014045), (-18.5509373535751, 21.109999999404, 129.621839095449), (-17.3196247437154, 11.109999999404, 129.852621910695), (-17.0857854694477, 11.109999999404, 130.00851476023), (-16.8763507436379, 11.109999999404, 130.148137910766), (-16.7115130037419, 11.109999999404, 130.16791843955), (-16.6519461951102, 11.109999999404, 130.169407609766), (-16.6489361702115, 11.109999999404, 130.175427659575), (-18., 11.109999999404, 130.0133), (-18.0129755300586, 11.109999999404, 130.030600706754), (-18.1680863578222, 11.109999999404, 129.949167522189), (-18.4426660424215, 11.109999999404, 129.84620014045), (-18.5509373535751, 11.109999999404, 129.821839095449), (-17.3196247437154, 8.10999999940395, 129.912621910695), (-17.0857854694477, 8.10999999940395, 130.068514760231), (-16.8763507436379, 8.10999999940395, 130.208137910766), (-16.7115130037419, 8.10999999940395, 130.22791843955), (-16.6519461951102, 8.10999999940395, 130.229407609766), (-16.6489361702115, 8.10999999940395, 130.235427659575), (-18., 8.10999999940395, 130.0733), (-18.0129755300586, 8.10999999940395, 130.090600706754), (-18.1680863578222, 8.10999999940395, 130.009167522189), (-18.4426660424215, 8.10999999940395, 129.90620014045), (-18.5509373535751, 8.10999999940395, 129.881839095449), (-17.3196247437154, 4.10999999940395, 129.992621910695), (-17.0857854694477, 4.10999999940395, 130.148514760231), (-16.8763507436379, 4.10999999940395, 130.288137910766), (-16.7115130037419, 4.10999999940395, 130.30791843955), (-16.6519461951102, 4.10999999940395, 130.309407609766), (-16.6489361702115, 4.10999999940395, 130.315427659575), (-18., 4.10999999940395, 130.1533), (-18.0129755300586, 4.10999999940395, 130.170600706754), (-18.1680863578222, 4.10999999940395, 130.089167522189), (-18.4426660424215, 4.10999999940395, 129.98620014045), (-18.5509373535751, 4.10999999940395, 129.961839095449), (-17.3196247437154, 1.10999999940395, 130.052621910695), (-17.0857854694477, 1.10999999940395, 130.208514760231), (-16.8763507436379, 1.10999999940395, 130.348137910766), (-16.7115130037419, 1.10999999940395, 130.36791843955), (-16.6519461951102, 1.10999999940395, 130.369407609766), (-16.6489361702115, 1.10999999940395, 130.375427659575), (-18., 1.10999999940395, 130.2133), (-18.0129755300586, 1.10999999940395, 130.230600706754), (-18.1680863578222, 1.10999999940395, 130.149167522189), (-18.4426660424215, 1.10999999940395, 130.04620014045), (-18.5509373535751, 1.10999999940395, 130.021839095449), (-17.3196247437154, 4.6999999973923E-1, 130.065421910695), (-17.0857854694477, 4.6999999973923E-1, 130.221314760231), (-16.8763507436379, 4.6999999973923E-1, 130.360937910767), (-16.7115130037419, 4.6999999973923E-1, 130.380718439551), (-16.6519461951102, 4.6999999973923E-1, 130.382207609766), (-16.6489361702115, 4.6999999973923E-1, 130.388227659575), (-18., 4.6999999973923E-1, 130.226100000001), (-17.3196247437154, 4.59999999962747E-1, 130.065621910695), (-18.0129755300586, 4.6999999973923E-1, 130.243400706755), (-18.1680863578222, 4.6999999973923E-1, 130.161967522189), (-17.0857854694477, 4.59999999962747E-1, 130.221514760231), (-16.8763507436379, 4.59999999962747E-1, 130.361137910767), (-16.7115130037419, 4.59999999962747E-1, 130.380918439551), (-16.6519461951102, 4.59999999962747E-1, 130.382407609767), (-16.6489361702115, 4.59999999962747E-1, 130.388427659575), (-18.4426660424215, 4.6999999973923E-1, 130.05900014045), (-18.5509373535751, 4.6999999973923E-1, 130.034639095449), (-18., 4.59999999962747E-1, 130.226300000001), (-18.0129755300586, 4.59999999962747E-1, 130.243600706755), (-18.1680863578222, 4.59999999962747E-1, 130.162167522189), (-18.4426660424215, 4.59999999962747E-1, 130.05920014045), (-18.5509373535751, 4.59999999962747E-1, 130.034839095449), (-17.3196247437154, 0., 130.074821910695), (-17.0857854694477, 0., 130.23071476023), (-16.8763507436379, 0., 130.370337910766), (-16.7115130037419, 0., 130.39011843955), (-16.6519461951102, 0., 130.391607609766), (-16.6489361702115, 0., 130.397627659574), (-18., 0., 130.2355), (-18.0129755300586, 0., 130.252800706754), (-18.1680863578222, 0., 130.171367522188), (-18.4426660424215, 0., 130.068400140449), (-18.5509373535751, 0., 130.044039095449), (-17.3196247437154, -4.40000000409782E-1, 130.083621910696), (-17.0857854694477, -4.40000000409782E-1, 130.239514760231), (-16.8763507436379, -4.40000000409782E-1, 130.379137910767), (-16.7115130037419, -4.40000000409782E-1, 130.398918439551), (-16.6519461951102, -4.40000000409782E-1, 130.400407609767), (-16.6489361702115, -4.40000000409782E-1, 130.406427659576), (-18., -4.40000000409782E-1, 130.244300000001), (-17.3196247437154, -4.50000000186265E-1, 130.083821910696), (-18.0129755300586, -4.40000000409782E-1, 130.261600706755), (-18.1680863578222, -4.40000000409782E-1, 130.18016752219), (-17.0857854694477, -4.50000000186265E-1, 130.239714760232), (-16.8763507436379, -4.50000000186265E-1, 130.379337910767), (-16.7115130037419, -4.50000000186265E-1, 130.399118439552), (-16.6519461951102, -4.50000000186265E-1, 130.400607609767), (-16.6489361702115, -4.50000000186265E-1, 130.406627659576), (-18.4426660424215, -4.40000000409782E-1, 130.077200140451), (-18.5509373535751, -4.40000000409782E-1, 130.05283909545), (-18., -4.50000000186265E-1, 130.244500000001), (-18.0129755300586, -4.50000000186265E-1, 130.261800706755), (-18.1680863578222, -4.50000000186265E-1, 130.18036752219), (-18.4426660424215, -4.50000000186265E-1, 130.077400140451), (-18.5509373535751, -4.50000000186265E-1, 130.05303909545), (-17.3196247437154, -3.89000000059605, 130.152621910695), (-17.0857854694477, -3.89000000059605, 130.308514760231), (-16.8763507436379, -3.89000000059605, 130.448137910766), (-16.7115130037419, -3.89000000059605, 130.46791843955), (-16.6519461951102, -3.89000000059605, 130.469407609766), (-16.6489361702115, -3.89000000059605, 130.475427659575), (-18., -3.89000000059605, 130.3133), (-18.0129755300586, -3.89000000059605, 130.330600706754), (-18.1680863578222, -3.89000000059605, 130.249167522189), (-18.4426660424215, -3.89000000059605, 130.14620014045), (-18.5509373535751, -3.89000000059605, 130.121839095449), (-17.3196247437154, -8.89000000059605, 130.252621910695), (-17.0857854694477, -8.89000000059605, 130.408514760231), (-16.8763507436379, -8.89000000059605, 130.548137910766), (-16.7115130037419, -8.89000000059605, 130.56791843955), (-16.6519461951102, -8.89000000059605, 130.569407609766), (-16.6489361702115, -8.89000000059605, 130.575427659575), (-18., -8.89000000059605, 130.4133), (-18.0129755300586, -8.89000000059605, 130.430600706754), (-18.1680863578222, -8.89000000059605, 130.349167522189), (-18.4426660424215, -8.89000000059605, 130.24620014045), (-18.5509373535751, -8.89000000059605, 130.221839095449), (-17.3196247437154, -18.890000000596, 130.452621910695), (-17.0857854694477, -18.890000000596, 130.608514760231), (-16.8763507436379, -18.890000000596, 130.748137910766), (-16.7115130037419, -18.890000000596, 130.76791843955), (-16.6519461951102, -18.890000000596, 130.769407609766), (-16.6489361702115, -18.890000000596, 130.775427659575), (-18., -18.890000000596, 130.6133), (-18.0129755300586, -18.890000000596, 130.630600706754), (-18.1680863578222, -18.890000000596, 130.549167522189), (-18.4426660424215, -18.890000000596, 130.44620014045), (-18.5509373535751, -18.890000000596, 130.421839095449), (-17.3196247437154, -28.890000000596, 130.652621910695), (-17.0857854694477, -28.890000000596, 130.808514760231), (-16.8763507436379, -28.890000000596, 130.948137910766), (-16.7115130037419, -28.890000000596, 130.967918439551), (-16.6519461951102, -28.890000000596, 130.969407609766), (-16.6489361702115, -28.890000000596, 130.975427659575), (-18., -28.890000000596, 130.8133), (-18.0129755300586, -28.890000000596, 130.830600706754), (-18.1680863578222, -28.890000000596, 130.749167522189), (-18.4426660424215, -28.890000000596, 130.64620014045), (-18.5509373535751, -28.890000000596, 130.621839095449), (-17.3196247437154, -38.890000000596, 130.852621910695), (-17.0857854694477, -38.890000000596, 131.008514760231), (-16.8763507436379, -38.890000000596, 131.148137910766), (-16.7115130037419, -38.890000000596, 131.167918439551), (-16.6519461951102, -38.890000000596, 131.169407609766), (-16.6489361702115, -38.890000000596, 131.175427659575), (-18., -38.890000000596, 131.0133), (-18.0129755300586, -38.890000000596, 131.030600706755), (-18.1680863578222, -38.890000000596, 130.949167522189), (-18.4426660424215, -38.890000000596, 130.84620014045), (-18.5509373535751, -38.890000000596, 130.821839095449), (-17.3196247437154, -48.890000000596, 131.052621910695), (-17.0857854694477, -48.890000000596, 131.208514760231), (-16.8763507436379, -48.890000000596, 131.348137910766), (-16.7115130037419, -48.890000000596, 131.367918439551), (-16.6519461951102, -48.890000000596, 131.369407609766), (-16.6489361702115, -48.890000000596, 131.375427659575), (-18., -48.890000000596, 131.213300000001), (-18.0129755300586, -48.890000000596, 131.230600706755), (-18.1680863578222, -48.890000000596, 131.149167522189), (-18.4426660424215, -48.890000000596, 131.04620014045), (-18.5509373535751, -48.890000000596, 131.021839095449), (-17.3196247437154, -58.890000000596, 131.252621910695), (-17.0857854694477, -58.890000000596, 131.408514760231), (-16.8763507436379, -58.890000000596, 131.548137910767), (-16.7115130037419, -58.890000000596, 131.567918439551), (-16.6519461951102, -58.890000000596, 131.569407609767), (-16.6489361702115, -58.890000000596, 131.575427659575), (-18., -58.890000000596, 131.413300000001), (-18.1680863578222, -58.890000000596, 131.349167522189), (-18.0129755300586, -58.890000000596, 131.430600706755), (-18.4426660424215, -58.890000000596, 131.24620014045), (-18.5509373535751, -58.890000000596, 131.221839095449), (-17.3196247437154, -68.890000000596, 131.452621910695), (-17.0857854694477, -68.890000000596, 131.608514760231), (-16.8763507436379, -68.890000000596, 131.748137910767), (-16.7115130037419, -68.890000000596, 131.767918439551), (-16.6519461951102, -68.890000000596, 131.769407609767), (-16.6489361702115, -68.890000000596, 131.775427659575), (-18., -68.890000000596, 131.613300000001), (-18.1680863578222, -68.890000000596, 131.549167522189), (-18.0129755300586, -68.890000000596, 131.630600706755), (-18.4426660424215, -68.890000000596, 131.44620014045), (-18.5509373535751, -68.890000000596, 131.421839095449), (-17.3196247437154, -78.890000000596, 131.652621910695), (-17.0857854694477, -78.890000000596, 131.808514760231), (-16.8763507436379, -78.890000000596, 131.948137910767), (-16.7115130037419, -78.890000000596, 131.967918439551), (-16.6519461951102, -78.890000000596, 131.969407609767), (-16.6489361702115, -78.890000000596, 131.975427659575), (-18., -78.890000000596, 131.813300000001), (-18.1680863578222, -78.890000000596, 131.749167522189), (-18.0129755300586, -78.890000000596, 131.830600706755), (-18.4426660424215, -78.890000000596, 131.64620014045), (-18.5509373535751, -78.890000000596, 131.621839095449), (-17.3196247437154, -88.890000000596, 131.852621910695), (-17.0857854694477, -88.890000000596, 132.008514760231), (-16.8763507436379, -88.890000000596, 132.148137910767), (-16.7115130037419, -88.890000000596, 132.167918439551), (-16.6519461951102, -88.890000000596, 132.169407609767), (-16.6489361702115, -88.890000000596, 132.175427659575), (-18., -88.890000000596, 132.013300000001), (-18.1680863578222, -88.890000000596, 131.949167522189), (-18.0129755300586, -88.890000000596, 132.030600706755), (-18.4426660424215, -88.890000000596, 131.84620014045), (-18.5509373535751, -88.890000000596, 131.821839095449), (-17.3196247437154, -92.8500000005588, 131.931821910681), (-17.0857854694477, -92.8500000005588, 132.087714760216), (-16.8763507436379, -92.8500000005588, 132.227337910752), (-16.7115130037419, -92.8500000005588, 132.247118439536), (-16.6519461951102, -92.8500000005588, 132.248607609752), (-16.6489361702115, -92.8500000005588, 132.25462765956), (-18., -92.8500000005588, 132.092499999986), (-18.1680863578222, -92.8500000005588, 132.028367522175), (-18.0129755300586, -92.8500000005588, 132.10980070674), (-18.4426660424215, -92.8500000005588, 131.925400140435), (-18.5509373535751, -92.8500000005588, 131.901039095435)));
#173 = IFCTRIANGULATEDFACESET(#172, $, .T., ((1, 3, 2), (7, 4, 5), (7, 5, 6), (7, 6, 9), (8, 7, 9), (9, 6, 10), (10, 6, 11), (2, 14, 13), (2, 3, 14), (13, 14, 25), (13, 25, 24), (24, 25, 38), (24, 38, 37), (37, 38, 50), (37, 50, 49), (49, 50, 61), (49, 61, 60), (60, 61, 72), (60, 72, 71), (71, 72, 83), (71, 83, 82), (83, 93, 82), (83, 94, 93), (93, 94, 105), (93, 105, 104), (105, 115, 104), (105, 116, 115), (115, 116, 127), (115, 127, 126), (126, 127, 138), (126, 138, 137), (137, 138, 147), (137, 147, 146), (146, 147, 160), (146, 160, 159), (159, 160, 171), (159, 171, 170), (170, 171, 180), (170, 180, 179), (180, 192, 179), (180, 193, 192), (192, 193, 204), (192, 204, 203), (203, 204, 215), (203, 215, 214), (214, 215, 226), (214, 226, 225), (225, 226, 237), (225, 237, 236), (236, 237, 248), (236, 248, 247), (247, 248, 259), (247, 259, 258), (258, 259, 270), (258, 270, 269), (269, 270, 281), (269, 281, 280), (280, 281, 292), (280, 292, 291), (291, 292, 303), (291, 303, 302), (3, 12, 14), (3, 1, 12), (14, 12, 23), (14, 23, 25), (25, 23, 35), (25, 35, 38), (38, 35, 48), (38, 48, 50), (50, 48, 59), (50, 59, 61), (61, 59, 70), (61, 70, 72), (72, 70, 81), (72, 81, 83), (81, 94, 83), (81, 92, 94), (94, 92, 103), (94, 103, 105), (103, 116, 105), (103, 114, 116), (116, 114, 125), (116, 125, 127), (127, 125, 136), (127, 136, 138), (138, 136, 145), (138, 145, 147), (147, 145, 158), (147, 158, 160), (160, 158, 169), (160, 169, 171), (171, 169, 178), (171, 178, 180), (178, 193, 180), (178, 191, 193), (193, 191, 202), (193, 202, 204), (204, 202, 213), (204, 213, 215), (215, 213, 224), (215, 224, 226), (226, 224, 235), (226, 235, 237), (237, 235, 246), (237, 246, 248), (248, 246, 257), (248, 257, 259), (259, 257, 268), (259, 268, 270), (270, 268, 279), (270, 279, 281), (281, 279, 290), (281, 290, 292), (292, 290, 301), (292, 301, 303), (1, 13, 12), (1, 2, 13), (12, 13, 24), (12, 24, 23), (23, 24, 37), (23, 37, 35), (35, 37, 49), (35, 49, 48), (48, 49, 60), (48, 60, 59), (59, 60, 71), (59, 71, 70), (70, 71, 82), (70, 82, 81), (82, 92, 81), (82, 93, 92), (92, 93, 104), (92, 104, 103), (104, 114, 103), (104, 115, 114), (114, 115, 126), (114, 126, 125), (125, 126, 137), (125, 137, 136), (136, 137, 146), (136, 146, 145), (145, 146, 159), (145, 159, 158), (158, 159, 170), (158, 170, 169), (169, 170, 179), (169, 179, 178), (179, 191, 178), (179, 192, 191), (191, 192, 203), (191, 203, 202), (202, 203, 214), (202, 214, 213), (213, 214, 225), (213, 225, 224), (224, 225, 236), (224, 236, 235), (235, 236, 247), (235, 247, 246), (246, 247, 258), (246, 258, 257), (257, 258, 269), (257, 269, 268), (268, 269, 280), (268, 280, 279), (279, 280, 291), (279, 291, 290), (290, 291, 302), (290, 302, 301), (8, 18, 7), (8, 19, 18), (18, 19, 30), (18, 30, 29), (29, 30, 41), (29, 41, 40), (41, 51, 40), (41, 52, 51), (51, 52, 63), (51, 63, 62), (62, 63, 74), (62, 74, 73), (73, 74, 85), (73, 85, 84), (84, 85, 96), (84, 96, 95), (95, 96, 107), (95, 107, 106), (107, 117, 106), (107, 118, 117), (118, 128, 117), (118, 129, 128), (128, 129, 141), (128, 141, 139), (139, 141, 151), (139, 151, 150), (150, 151, 162), (150, 162, 161), (162, 172, 161), (162, 174, 172), (172, 174, 184), (172, 184, 183), (183, 184, 195), (183, 195, 194), (194, 195, 206), (194, 206, 205), (206, 216, 205), (206, 217, 216), (216, 217, 228), (216, 228, 227), (228, 238, 227), (228, 239, 238), (238, 239, 250), (238, 250, 249), (250, 260, 249), (250, 262, 260), (260, 262, 273), (260, 273, 271), (273, 282, 271), (273, 284, 282), (282, 284, 295), (282, 295, 293), (295, 304, 293), (295, 306, 304), (9, 19, 8), (9, 20, 19), (10, 20, 9), (19, 20, 31), (10, 21, 20), (19, 31, 30), (20, 32, 31), (10, 22, 21), (20, 21, 32), (31, 41, 30), (31, 32, 43), (10, 11, 22), (22, 32, 21), (31, 42, 41), (31, 43, 42), (32, 44, 43), (22, 33, 32), (41, 42, 53), (42, 43, 54), (32, 33, 44), (43, 44, 55), (41, 53, 52), (42, 54, 53), (43, 55, 54), (52, 53, 64), (53, 54, 65), (54, 55, 66), (52, 64, 63), (53, 65, 64), (54, 66, 65), (63, 64, 75), (64, 65, 76), (65, 66, 77), (63, 75, 74), (64, 76, 75), (65, 77, 76), (74, 75, 86), (75, 76, 87), (76, 77, 88), (74, 86, 85), (75, 87, 86), (76, 88, 87), (85, 86, 97), (86, 87, 98), (87, 88, 99), (85, 97, 96), (86, 98, 97), (87, 99, 98), (97, 107, 96), (98, 108, 97), (99, 109, 98), (97, 108, 107), (98, 109, 108), (99, 110, 109), (107, 108, 119), (108, 109, 120), (109, 110, 121), (107, 119, 118), (108, 120, 119), (109, 121, 120), (119, 129, 118), (120, 130, 119), (121, 131, 120), (119, 130, 129), (120, 131, 130), (121, 132, 131), (129, 130, 142), (130, 131, 148), (131, 132, 149), (129, 142, 141), (130, 148, 142), (131, 149, 148), (141, 142, 152), (142, 148, 153), (148, 149, 154), (141, 152, 151), (142, 153, 152), (148, 154, 153), (152, 162, 151), (153, 163, 152), (154, 164, 153), (152, 163, 162), (153, 164, 163), (154, 165, 164), (162, 163, 175), (163, 164, 181), (164, 165, 182), (162, 175, 174), (163, 181, 175), (164, 182, 181), (175, 184, 174), (175, 181, 186), (181, 182, 187), (175, 185, 184), (175, 186, 185), (181, 187, 186), (184, 185, 196), (185, 186, 197), (186, 187, 198), (184, 196, 195), (185, 197, 196), (186, 198, 197), (195, 196, 207), (196, 197, 208), (197, 198, 209), (195, 207, 206), (196, 208, 207), (197, 209, 208), (206, 207, 218), (207, 208, 219), (208, 209, 220), (206, 218, 217), (207, 219, 218), (208, 220, 219), (218, 228, 217), (218, 219, 230), (219, 220, 231), (218, 229, 228), (218, 230, 229), (219, 231, 230), (228, 229, 240), (229, 230, 241), (230, 231, 242), (228, 240, 239), (229, 241, 240), (230, 242, 241), (240, 250, 239), (240, 241, 252), (241, 242, 253), (240, 251, 250), (240, 252, 251), (241, 253, 252), (250, 251, 261), (251, 252, 263), (252, 253, 264), (250, 261, 262), (251, 263, 261), (252, 264, 263), (261, 273, 262), (261, 263, 274), (263, 264, 275), (261, 272, 273), (261, 274, 272), (263, 275, 274), (273, 272, 283), (272, 274, 285), (274, 275, 286), (273, 283, 284), (272, 285, 283), (274, 286, 285), (283, 295, 284), (283, 285, 296), (285, 286, 297), (283, 294, 295), (283, 296, 294), (285, 297, 296), (295, 294, 305), (294, 296, 307), (296, 297, 308), (295, 305, 306), (294, 307, 305), (296, 308, 307), (11, 17, 22), (11, 6, 17), (22, 17, 28), (22, 28, 33), (28, 44, 33), (28, 39, 44), (44, 39, 46), (44, 46, 55), (55, 46, 56), (55, 56, 66), (66, 56, 67), (66, 67, 77), (77, 67, 78), (77, 78, 88), (78, 99, 88), (78, 89, 99), (99, 89, 100), (99, 100, 110), (100, 121, 110), (100, 111, 121), (121, 111, 122), (121, 122, 132), (122, 149, 132), (122, 133, 149), (149, 133, 140), (149, 140, 154), (154, 140, 155), (154, 155, 165), (165, 155, 166), (165, 166, 182), (166, 187, 182), (166, 173, 187), (187, 173, 188), (187, 188, 198), (198, 188, 199), (198, 199, 209), (209, 199, 210), (209, 210, 220), (220, 210, 221), (220, 221, 231), (231, 221, 232), (231, 232, 242), (242, 232, 243), (242, 243, 253), (243, 264, 253), (243, 254, 264), (254, 275, 264), (254, 265, 275), (275, 265, 276), (275, 276, 286), (286, 276, 287), (286, 287, 297), (297, 287, 298), (297, 298, 308), (6, 16, 17), (6, 5, 16), (16, 28, 17), (5, 15, 16), (16, 27, 28), (5, 4, 15), (15, 27, 16), (27, 39, 28), (15, 26, 27), (27, 34, 39), (26, 34, 27), (39, 34, 45), (26, 36, 34), (39, 45, 46), (36, 45, 34), (46, 45, 57), (36, 47, 45), (46, 57, 56), (45, 58, 57), (45, 47, 58), (56, 57, 68), (57, 58, 69), (56, 68, 67), (57, 69, 68), (67, 68, 79), (68, 69, 80), (67, 79, 78), (68, 80, 79), (79, 89, 78), (79, 80, 91), (79, 90, 89), (79, 91, 90), (89, 90, 101), (90, 91, 102), (89, 101, 100), (90, 102, 101), (101, 111, 100), (102, 112, 101), (101, 112, 111), (102, 113, 112), (111, 112, 123), (112, 113, 124), (111, 123, 122), (112, 124, 123), (123, 133, 122), (124, 134, 123), (123, 134, 133), (124, 135, 134), (133, 134, 143), (134, 135, 144), (133, 143, 140), (134, 144, 143), (140, 143, 156), (143, 144, 157), (140, 156, 155), (143, 157, 156), (155, 156, 167), (156, 157, 168), (155, 167, 166), (156, 168, 167), (167, 173, 166), (168, 176, 167), (167, 176, 173), (168, 177, 176), (173, 176, 189), (176, 177, 190), (173, 189, 188), (176, 190, 189), (188, 189, 200), (189, 190, 201), (188, 200, 199), (189, 201, 200), (199, 200, 211), (201, 211, 200), (199, 211, 210), (201, 212, 211), (210, 211, 222), (211, 212, 223), (210, 222, 221), (211, 223, 222), (221, 222, 233), (222, 223, 234), (221, 233, 232), (222, 234, 233), (232, 233, 244), (233, 234, 245), (232, 244, 243), (233, 245, 244), (244, 254, 243), (245, 255, 244), (244, 255, 254), (245, 256, 255), (255, 265, 254), (255, 256, 267), (255, 266, 265), (255, 267, 266), (265, 266, 277), (266, 267, 278), (265, 277, 276), (266, 278, 277), (276, 277, 288), (277, 278, 289), (276, 288, 287), (277, 289, 288), (287, 288, 299), (288, 289, 300), (287, 299, 298), (288, 300, 299), (7, 15, 4), (7, 18, 15), (15, 18, 29), (15, 29, 26), (26, 29, 40), (26, 40, 36), (40, 47, 36), (40, 51, 47), (47, 51, 62), (47, 62, 58), (58, 62, 73), (58, 73, 69), (69, 73, 84), (69, 84, 80), (80, 84, 95), (80, 95, 91), (91, 95, 106), (91, 106, 102), (106, 113, 102), (106, 117, 113), (117, 124, 113), (117, 128, 124), (124, 128, 139), (124, 139, 135), (135, 139, 150), (135, 150, 144), (150, 157, 144), (150, 161, 157), (157, 161, 172), (157, 172, 168), (168, 172, 183), (168, 183, 177), (183, 190, 177), (183, 194, 190), (190, 194, 205), (190, 205, 201), (201, 205, 216), (201, 216, 212), (216, 223, 212), (216, 227, 223), (223, 227, 238), (223, 238, 234), (234, 238, 249), (234, 249, 245), (245, 249, 260), (245, 260, 256), (256, 260, 271), (256, 271, 267), (267, 271, 282), (267, 282, 278), (278, 282, 293), (278, 293, 289), (289, 293, 304), (289, 304, 300), (303, 301, 302), (300, 304, 299), (299, 304, 298), (298, 304, 305), (298, 305, 307), (304, 306, 305), (298, 307, 308)), $);
#174 = IFCCOLOURRGB($, 1., 9.92156982421875E-1, 8.66666972637177E-1);
#175 = IFCSURFACESTYLERENDERING(#174, 0., $, $, $, $, $, $, .FLAT.);
#176 = IFCSURFACESTYLE('m:fffdddff', .BOTH., (#175));
#177 = IFCPRESENTATIONSTYLEASSIGNMENT((#176));
#178 = IFCSTYLEDITEM(#173, (#177), $);
#179 = IFCSHAPEREPRESENTATION(#24, 'Body', 'Tessellation', (#173));
#180 = IFCPRODUCTDEFINITIONSHAPE($, $, (#179));
#181 = IFCDIRECTION((1., 0., 0.));
#182 = IFCDIRECTION((0., 0., 1.));
#183 = IFCCARTESIANPOINT((0., 0., 0.));
#184 = IFCAXIS2PLACEMENT3D(#183, #182, #181);
#185 = IFCLOCALPLACEMENT(#170, #184);
#186 = IFCBUILDINGELEMENTPROXY('3itgcJhIT5xgXpQ8$oicrf', #5, '670960,000-671143,960', '670960,000-671143,960', $, #185, #180, $, $);
#187 = IFCMATERIAL('F\X\FCllboden', $, $);
#188 = IFCRELASSOCIATESMATERIAL('0Ji$3inrnFlQ_MDuKa5ZTN', #5, 'F\X\FCllboden', $, (#186, #243, #1203, #1258), #187);
#189 = IFCRELCONTAINEDINSPATIALSTRUCTURE('2VzEOA4P52RPi060r0d4q0', #5, $, $, (#186), #171);
#190 = IFCPROPERTYSINGLEVALUE('BauphaseEnde', $, IFCTEXT('2'), $);
#191 = IFCPROPERTYSINGLEVALUE('Bauphase', $, IFCTEXT('1'), $);
#192 = IFCPROPERTYSINGLEVALUE('BauphaseStart', $, IFCTEXT('1'), $);
#193 = IFCPROPERTYSET('0rUIwUitX4iu9r3LfWUteB', #5, 'Bauphase', $, (#190, #191, #192));
#194 = IFCRELDEFINESBYPROPERTIES('1DOVjwW8DF6BX33SZ1_hk1', #5, 'Bauphase', $, (#186), #193);
#195 = IFCPROPERTYSINGLEVALUE('Material', $, IFCTEXT('frostbestaendiger_verdichtungsfaehiger_Boden'), $);
#196 = IFCPROPERTYSET('2KYJIPaJL4Shu1HQu5c97E', #5, 'Baustoff', $, (#195));
#197 = IFCRELDEFINESBYPROPERTIES('3PeJpItT13393e6MP0zSnP', #5, 'Baustoff', $, (#186), #196);
#198 = IFCPROPERTYSINGLEVALUE('Planer', $, IFCTEXT('Schuessler-Plan'), $);
#199 = IFCPROPERTYSINGLEVALUE('Quelle/Herkunft_Daten', $, IFCTEXT('card_1'), $);
#200 = IFCPROPERTYSINGLEVALUE('Bemerkungen', $, IFCTEXT('Fuellboden_Bankett'), $);
#201 = IFCPROPERTYSINGLEVALUE('LOG', $, IFCINTEGER(200), $);
#202 = IFCPROPERTYSINGLEVALUE('KBK_Nr', $, IFCTEXT('5.112.1.020'), $);
#203 = IFCPROPERTYSINGLEVALUE('Planungsnormen', $, IFCTEXT('ZTV SoB 04/07'), $);
#204 = IFCPROPERTYSINGLEVALUE('Bauteil', $, IFCTEXT('Auftrag'), $);
#205 = IFCPROPERTYSINGLEVALUE('LOI', $, IFCINTEGER(200), $);
#206 = IFCPROPERTYSET('2v7_rOT_LB5RVOZ6phj0u9', #5, 'Bauteilinformation', $, (#198, #199, #200, #201, #202, #203, #204, #205));
#207 = IFCRELDEFINESBYPROPERTIES('0aHYE8yLX3sAnpr4bFjI3l', #5, 'Bauteilinformation', $, (#186), #206);
#208 = IFCPROPERTYSINGLEVALUE('Objekttyp', $, IFCTEXT('Verfuellung'), $);
#209 = IFCPROPERTYSINGLEVALUE('Objektklasse', $, IFCTEXT('Auftrag'), $);
#210 = IFCPROPERTYSINGLEVALUE('Objektgruppe', $, IFCTEXT('Erdbau'), $);
#211 = IFCPROPERTYSET('1P4TWTZJT1zwt4Si7v741E', #5, 'Klassifizierung', $, (#208, #209, #210));
#212 = IFCRELDEFINESBYPROPERTIES('0dkiU0VO98wu5jq3He4aLc', #5, 'Klassifizierung', $, (#186), #211);
#213 = IFCPROPERTYSINGLEVALUE('Bauabschnitt', $, IFCTEXT('1'), $);
#214 = IFCPROPERTYSINGLEVALUE('Bereich', $, IFCTEXT('Sueden'), $);
#215 = IFCPROPERTYSINGLEVALUE('StationierungBis', $, IFCTEXT('671+143,960'), $);
#216 = IFCPROPERTYSINGLEVALUE('StationierungVon', $, IFCTEXT('670+960,000'), $);
#217 = IFCPROPERTYSINGLEVALUE('Von_BauKM', $, IFCLENGTHMEASURE(670960.), $);
#218 = IFCPROPERTYSINGLEVALUE('Achse', $, IFCTEXT('1'), $);
#219 = IFCPROPERTYSINGLEVALUE('Ebene', $, IFCTEXT('1'), $);
#220 = IFCPROPERTYSINGLEVALUE('Bis_BauKM', $, IFCLENGTHMEASURE(671143.96), $);
#221 = IFCPROPERTYSET('1APtRcYFf069Myv29H4GcO', #5, 'Lage', $, (#213, #214, #215, #216, #217, #218, #219, #220));
#222 = IFCRELDEFINESBYPROPERTIES('0CPmDGYG59xwXWUpHJGSLI', #5, 'Lage', $, (#186), #221);
#223 = IFCDIRECTION((1., 0., 0.));
#224 = IFCDIRECTION((0., 0., 1.));
#225 = IFCCARTESIANPOINT((0., 0., 0.));
#226 = IFCAXIS2PLACEMENT3D(#225, #224, #223);
#227 = IFCLOCALPLACEMENT(#50, #226);
#228 = IFCBUILDINGSTOREY('3Sruw0orb3KxLvL$t2UXcP', #5, 'FB_F\X\FCllBoden_L', $, $, #227, $, $, $, $);
#229 = IFCCARTESIANPOINTLIST3D(((0., 91.109999999404, 128.8258), (0., 91.109999999404, 128.490709975101), (-3.75E-1, 91.109999999404, 128.83205), (-3.49999999976717E-1, 91.109999999404, 128.504709975101), (-5.E-1, 91.109999999404, 128.510709975101), (-7.5E-1, 91.109999999404, 128.8508), (-1.03324876283295, 91.109999999404, 128.532039925615), (-1.125, 91.109999999404, 128.88205), (-1.43487033242127, 91.109999999404, 128.799787638655), (-1.5, 91.109999999404, 128.9258), (-1.63614162022714, 91.109999999404, 128.933968497215), (-1.76360311347526, 91.109999999404, 128.941616186807), (-1.85180556279374, 91.109999999404, 128.939411125574), (-1.85567010310479, 91.109999999404, 128.947140206185), (0., 81.109999999404, 128.690709975101), (0., 81.109999999404, 129.0258), (-3.49999999976717E-1, 81.109999999404, 128.704709975101), (-3.75E-1, 81.109999999404, 129.03205), (-5.E-1, 81.109999999404, 128.710709975101), (-7.5E-1, 81.109999999404, 129.0508), (-1.03324876283295, 81.109999999404, 128.732039925615), (-1.125, 81.109999999404, 129.08205), (-1.43487033242127, 81.109999999404, 128.999787638655), (-1.5, 81.109999999404, 129.1258), (-1.63614162022714, 81.109999999404, 129.133968497215), (-1.76360311347526, 81.109999999404, 129.141616186807), (-1.85180556279374, 81.109999999404, 129.139411125574), (-1.85567010310479, 81.109999999404, 129.147140206185), (0., 71.109999999404, 128.890709975101), (-3.49999999976717E-1, 71.109999999404, 128.904709975101), (0., 71.109999999404, 129.2258), (-5.E-1, 71.109999999404, 128.910709975101), (-3.75E-1, 71.109999999404, 129.23205), (-7.5E-1, 71.109999999404, 129.2508), (-1.03324876283295, 71.109999999404, 128.932039925615), (-1.125, 71.109999999404, 129.28205), (-1.43487033242127, 71.109999999404, 129.199787638655), (-1.5, 71.109999999404, 129.3258), (-1.63614162022714, 71.109999999404, 129.333968497215), (-1.76360311347526, 71.109999999404, 129.341616186807), (-1.85180556279374, 71.109999999404, 129.339411125574), (-1.85567010310479, 71.109999999404, 129.347140206185), (0., 61.109999999404, 129.090709975101), (-3.49999999976717E-1, 61.109999999404, 129.104709975101), (-5.E-1, 61.109999999404, 129.110709975101), (0., 61.109999999404, 129.4258), (-3.75E-1, 61.109999999404, 129.43205), (-7.5E-1, 61.109999999404, 129.4508), (-1.03324876283295, 61.109999999404, 129.132039925615), (-1.125, 61.109999999404, 129.48205), (-1.43487033242127, 61.109999999404, 129.399787638656), (-1.5, 61.109999999404, 129.5258), (-1.63614162022714, 61.109999999404, 129.533968497215), (-1.76360311347526, 61.109999999404, 129.541616186807), (-1.85180556279374, 61.109999999404, 129.539411125574), (-1.85567010310479, 61.109999999404, 129.547140206186), (0., 51.109999999404, 129.290709975101), (-3.49999999976717E-1, 51.109999999404, 129.304709975101), (-5.E-1, 51.109999999404, 129.310709975101), (0., 51.109999999404, 129.6258), (-3.75E-1, 51.109999999404, 129.63205), (-7.5E-1, 51.109999999404, 129.6508), (-1.03324876283295, 51.109999999404, 129.332039925615), (-1.125, 51.109999999404, 129.68205), (-1.43487033242127, 51.109999999404, 129.599787638656), (-1.5, 51.109999999404, 129.7258), (-1.63614162022714, 51.109999999404, 129.733968497215), (-1.76360311347526, 51.109999999404, 129.741616186807), (-1.85180556279374, 51.109999999404, 129.739411125574), (-1.85567010310479, 51.109999999404, 129.747140206186), (0., 41.109999999404, 129.490709975101), (-3.49999999976717E-1, 41.109999999404, 129.504709975101), (-5.E-1, 41.109999999404, 129.510709975101), (0., 41.109999999404, 129.8258), (-3.75E-1, 41.109999999404, 129.83205), (-1.03324876283295, 41.109999999404, 129.532039925615), (-7.5E-1, 41.109999999404, 129.8508), (-1.125, 41.109999999404, 129.88205), (-1.43487033242127, 41.109999999404, 129.799787638656), (-1.5, 41.109999999404, 129.9258), (-1.63614162022714, 41.109999999404, 129.933968497215), (-1.76360311347526, 41.109999999404, 129.941616186807), (-1.85180556279374, 41.109999999404, 129.939411125574), (-1.85567010310479, 41.109999999404, 129.947140206186), (0., 31.109999999404, 129.690709975102), (-3.49999999976717E-1, 31.109999999404, 129.704709975102), (-5.E-1, 31.109999999404, 129.710709975102), (0., 31.109999999404, 130.0258), (-3.75E-1, 31.109999999404, 130.03205), (-1.03324876283295, 31.109999999404, 129.732039925615), (-7.5E-1, 31.109999999404, 130.0508), (-1.125, 31.109999999404, 130.08205), (-1.43487033242127, 31.109999999404, 129.999787638656), (-1.5, 31.109999999404, 130.1258), (-1.63614162022714, 31.109999999404, 130.133968497215), (-1.76360311347526, 31.109999999404, 130.141616186808), (-1.85180556279374, 31.109999999404, 130.139411125574), (-1.85567010310479, 31.109999999404, 130.147140206186), (0., 21.109999999404, 129.890709975102), (-3.49999999976717E-1, 21.109999999404, 129.904709975102), (-5.E-1, 21.109999999404, 129.910709975102), (0., 21.109999999404, 130.2258), (-3.75E-1, 21.109999999404, 130.23205), (-1.03324876283295, 21.109999999404, 129.932039925616), (-7.5E-1, 21.109999999404, 130.2508), (-1.125, 21.109999999404, 130.28205), (-1.43487033242127, 21.109999999404, 130.199787638656), (-1.5, 21.109999999404, 130.3258), (-1.63614162022714, 21.109999999404, 130.333968497215), (-1.76360311347526, 21.109999999404, 130.341616186808), (-1.85180556279374, 21.109999999404, 130.339411125574), (-1.85567010310479, 21.109999999404, 130.347140206186), (0., 11.109999999404, 130.090709975102), (-3.49999999976717E-1, 11.109999999404, 130.104709975102), (-5.E-1, 11.109999999404, 130.110709975102), (0., 11.109999999404, 130.4258), (-3.75E-1, 11.109999999404, 130.43205), (-1.03324876283295, 11.109999999404, 130.132039925616), (-7.5E-1, 11.109999999404, 130.4508), (-1.125, 11.109999999404, 130.48205), (-1.43487033242127, 11.109999999404, 130.399787638656), (-1.5, 11.109999999404, 130.5258), (-1.63614162022714, 11.109999999404, 130.533968497215), (-1.76360311347526, 11.109999999404, 130.541616186808), (-1.85180556279374, 11.109999999404, 130.539411125574), (-1.85567010310479, 11.109999999404, 130.547140206186), (0., 8.10999999940395, 130.150709975102), (-3.49999999976717E-1, 8.10999999940395, 130.164709975102), (-5.E-1, 8.10999999940395, 130.170709975102), (0., 8.10999999940395, 130.4858), (-3.75E-1, 8.10999999940395, 130.49205), (-1.03324876283295, 8.10999999940395, 130.192039925616), (-7.5E-1, 8.10999999940395, 130.5108), (-1.125, 8.10999999940395, 130.54205), (-1.43487033242127, 8.10999999940395, 130.459787638656), (-1.5, 8.10999999940395, 130.5858), (-1.63614162022714, 8.10999999940395, 130.593968497215), (-1.76360311347526, 8.10999999940395, 130.601616186808), (-1.85180556279374, 8.10999999940395, 130.599411125574), (-1.85567010310479, 8.10999999940395, 130.607140206186), (0., 4.10999999940395, 130.230709975102), (-3.49999999976717E-1, 4.10999999940395, 130.244709975102), (-5.E-1, 4.10999999940395, 130.250709975102), (0., 4.10999999940395, 130.5658), (-1.03324876283295, 4.10999999940395, 130.272039925616), (-3.75E-1, 4.10999999940395, 130.57205), (-7.5E-1, 4.10999999940395, 130.5908), (-1.125, 4.10999999940395, 130.62205), (-1.43487033242127, 4.10999999940395, 130.539787638656), (-1.5, 4.10999999940395, 130.6658), (-1.63614162022714, 4.10999999940395, 130.673968497215), (-1.76360311347526, 4.10999999940395, 130.681616186808), (-1.85180556279374, 4.10999999940395, 130.679411125574), (-1.85567010310479, 4.10999999940395, 130.687140206186), (0., 1.10999999940395, 130.290709975102), (-3.49999999976717E-1, 1.10999999940395, 130.304709975102), (-5.E-1, 1.10999999940395, 130.310709975102), (0., 1.10999999940395, 130.6258), (-1.03324876283295, 1.10999999940395, 130.332039925616), (-3.75E-1, 1.10999999940395, 130.63205), (-7.5E-1, 1.10999999940395, 130.6508), (-1.125, 1.10999999940395, 130.68205), (-1.43487033242127, 1.10999999940395, 130.599787638656), (-1.5, 1.10999999940395, 130.7258), (-1.63614162022714, 1.10999999940395, 130.733968497215), (-1.76360311347526, 1.10999999940395, 130.741616186808), (-1.85180556279374, 1.10999999940395, 130.739411125574), (-1.85567010310479, 1.10999999940395, 130.747140206186), (0., 4.6999999973923E-1, 130.303509975102), (-3.49999999976717E-1, 4.6999999973923E-1, 130.317509975102), (-5.E-1, 4.6999999973923E-1, 130.323509975102), (0., 4.6999999973923E-1, 130.638600000001), (-1.03324876283295, 4.6999999973923E-1, 130.344839925616), (-3.75E-1, 4.6999999973923E-1, 130.644850000001), (-7.5E-1, 4.6999999973923E-1, 130.663600000001), (0., 4.59999999962747E-1, 130.303709975102), (-3.49999999976717E-1, 4.59999999962747E-1, 130.317709975102), (-5.E-1, 4.59999999962747E-1, 130.323709975102), (-1.125, 4.6999999973923E-1, 130.694850000001), (0., 4.59999999962747E-1, 130.638800000001), (-1.03324876283295, 4.59999999962747E-1, 130.345039925616), (-1.43487033242127, 4.6999999973923E-1, 130.612587638656), (-3.75E-1, 4.59999999962747E-1, 130.645050000001), (-7.5E-1, 4.59999999962747E-1, 130.663800000001), (-1.5, 4.6999999973923E-1, 130.738600000001), (-1.63614162022714, 4.6999999973923E-1, 130.746768497215), (-1.125, 4.59999999962747E-1, 130.695050000001), (-1.76360311347526, 4.6999999973923E-1, 130.754416186808), (-1.43487033242127, 4.59999999962747E-1, 130.612787638656), (-1.85180556279374, 4.6999999973923E-1, 130.752211125575), (-1.85567010310479, 4.6999999973923E-1, 130.759940206186), (-1.5, 4.59999999962747E-1, 130.738800000001), (-1.63614162022714, 4.59999999962747E-1, 130.746968497216), (-1.76360311347526, 4.59999999962747E-1, 130.754616186808), (-1.85180556279374, 4.59999999962747E-1, 130.752411125575), (-1.85567010310479, 4.59999999962747E-1, 130.760140206186), (0., 0., 130.312909975101), (-3.49999999976717E-1, 0., 130.326909975101), (-5.E-1, 0., 130.332909975101), (0., 0., 130.648), (-1.03324876283295, 0., 130.354239925615), (-3.75E-1, 0., 130.65425), (-7.5E-1, 0., 130.673), (-1.125, 0., 130.70425), (-1.43487033242127, 0., 130.621987638656), (-1.5, 0., 130.748), (-1.63614162022714, 0., 130.756168497215), (-1.76360311347526, 0., 130.763816186807), (-1.85180556279374, 0., 130.761611125574), (-1.85567010310479, 0., 130.769340206186), (0., -4.40000000409782E-1, 130.321709975103), (-3.49999999976717E-1, -4.40000000409782E-1, 130.335709975103), (-5.E-1, -4.40000000409782E-1, 130.341709975103), (0., -4.40000000409782E-1, 130.656800000001), (-1.03324876283295, -4.40000000409782E-1, 130.363039925617), (-3.75E-1, -4.40000000409782E-1, 130.663050000001), (-7.5E-1, -4.40000000409782E-1, 130.681800000001), (0., -4.50000000186265E-1, 130.321909975103), (-3.49999999976717E-1, -4.50000000186265E-1, 130.335909975103), (-5.E-1, -4.50000000186265E-1, 130.341909975103), (-1.125, -4.40000000409782E-1, 130.713050000001), (0., -4.50000000186265E-1, 130.657000000001), (-1.03324876283295, -4.50000000186265E-1, 130.363239925617), (-1.43487033242127, -4.40000000409782E-1, 130.630787638657), (-3.75E-1, -4.50000000186265E-1, 130.663250000001), (-7.5E-1, -4.50000000186265E-1, 130.682000000001), (-1.5, -4.40000000409782E-1, 130.756800000001), (-1.63614162022714, -4.40000000409782E-1, 130.764968497216), (-1.125, -4.50000000186265E-1, 130.713250000001), (-1.76360311347526, -4.40000000409782E-1, 130.772616186809), (-1.43487033242127, -4.50000000186265E-1, 130.630987638657), (-1.85180556279374, -4.40000000409782E-1, 130.770411125575), (-1.85567010310479, -4.40000000409782E-1, 130.778140206187), (-1.5, -4.50000000186265E-1, 130.757000000001), (-1.63614162022714, -4.50000000186265E-1, 130.765168497216), (-1.76360311347526, -4.50000000186265E-1, 130.772816186809), (-1.85180556279374, -4.50000000186265E-1, 130.770611125576), (-1.85567010310479, -4.50000000186265E-1, 130.778340206187), (0., -3.89000000059605, 130.390709975102), (-3.49999999976717E-1, -3.89000000059605, 130.404709975102), (-5.E-1, -3.89000000059605, 130.410709975102), (0., -3.89000000059605, 130.7258), (-1.03324876283295, -3.89000000059605, 130.432039925616), (-3.75E-1, -3.89000000059605, 130.73205), (-7.5E-1, -3.89000000059605, 130.7508), (-1.125, -3.89000000059605, 130.78205), (-1.43487033242127, -3.89000000059605, 130.699787638656), (-1.5, -3.89000000059605, 130.8258), (-1.63614162022714, -3.89000000059605, 130.833968497215), (-1.76360311347526, -3.89000000059605, 130.841616186808), (-1.85180556279374, -3.89000000059605, 130.839411125574), (-1.85567010310479, -3.89000000059605, 130.847140206186), (0., -8.89000000059605, 130.490709975102), (-3.49999999976717E-1, -8.89000000059605, 130.504709975102), (-5.E-1, -8.89000000059605, 130.510709975102), (-1.03324876283295, -8.89000000059605, 130.532039925616), (0., -8.89000000059605, 130.8258), (-3.75E-1, -8.89000000059605, 130.83205), (-7.5E-1, -8.89000000059605, 130.8508), (-1.125, -8.89000000059605, 130.88205), (-1.43487033242127, -8.89000000059605, 130.799787638656), (-1.5, -8.89000000059605, 130.9258), (-1.63614162022714, -8.89000000059605, 130.933968497215), (-1.76360311347526, -8.89000000059605, 130.941616186808), (-1.85180556279374, -8.89000000059605, 130.939411125575), (-1.85567010310479, -8.89000000059605, 130.947140206186), (0., -18.890000000596, 130.690709975102), (-3.49999999976717E-1, -18.890000000596, 130.704709975102), (-5.E-1, -18.890000000596, 130.710709975102), (-1.03324876283295, -18.890000000596, 130.732039925616), (0., -18.890000000596, 131.0258), (-3.75E-1, -18.890000000596, 131.03205), (-7.5E-1, -18.890000000596, 131.0508), (-1.125, -18.890000000596, 131.08205), (-1.43487033242127, -18.890000000596, 130.999787638656), (-1.5, -18.890000000596, 131.1258), (-1.63614162022714, -18.890000000596, 131.133968497215), (-1.76360311347526, -18.890000000596, 131.141616186808), (-1.85180556279374, -18.890000000596, 131.139411125575), (-1.85567010310479, -18.890000000596, 131.147140206186), (0., -28.890000000596, 130.890709975102), (-3.49999999976717E-1, -28.890000000596, 130.904709975102), (-5.E-1, -28.890000000596, 130.910709975102), (-1.03324876283295, -28.890000000596, 130.932039925616), (0., -28.890000000596, 131.2258), (-3.75E-1, -28.890000000596, 131.23205), (-7.5E-1, -28.890000000596, 131.2508), (-1.125, -28.890000000596, 131.28205), (-1.43487033242127, -28.890000000596, 131.199787638656), (-1.5, -28.890000000596, 131.3258), (-1.63614162022714, -28.890000000596, 131.333968497215), (-1.76360311347526, -28.890000000596, 131.341616186808), (-1.85180556279374, -28.890000000596, 131.339411125575), (-1.85567010310479, -28.890000000596, 131.347140206186), (0., -38.890000000596, 131.090709975102), (-3.49999999976717E-1, -38.890000000596, 131.104709975102), (-5.E-1, -38.890000000596, 131.110709975102), (-1.03324876283295, -38.890000000596, 131.132039925616), (0., -38.890000000596, 131.4258), (-3.75E-1, -38.890000000596, 131.43205), (-7.5E-1, -38.890000000596, 131.4508), (-1.125, -38.890000000596, 131.48205), (-1.43487033242127, -38.890000000596, 131.399787638656), (-1.5, -38.890000000596, 131.5258), (-1.63614162022714, -38.890000000596, 131.533968497215), (-1.76360311347526, -38.890000000596, 131.541616186808), (-1.85180556279374, -38.890000000596, 131.539411125575), (-1.85567010310479, -38.890000000596, 131.547140206186), (0., -48.890000000596, 131.290709975102), (-3.49999999976717E-1, -48.890000000596, 131.304709975102), (-5.E-1, -48.890000000596, 131.310709975102), (-1.03324876283295, -48.890000000596, 131.332039925616), (0., -48.890000000596, 131.6258), (-3.75E-1, -48.890000000596, 131.63205), (-7.5E-1, -48.890000000596, 131.6508), (-1.125, -48.890000000596, 131.68205), (-1.43487033242127, -48.890000000596, 131.599787638656), (-1.5, -48.890000000596, 131.7258), (-1.63614162022714, -48.890000000596, 131.733968497215), (-1.76360311347526, -48.890000000596, 131.741616186808), (-1.85180556279374, -48.890000000596, 131.739411125575), (-1.85567010310479, -48.890000000596, 131.747140206186), (0., -58.890000000596, 131.490709975102), (-3.49999999976717E-1, -58.890000000596, 131.504709975102), (-5.E-1, -58.890000000596, 131.510709975102), (-1.03324876283295, -58.890000000596, 131.532039925616), (0., -58.890000000596, 131.825800000001), (-3.75E-1, -58.890000000596, 131.832050000001), (-7.5E-1, -58.890000000596, 131.850800000001), (-1.125, -58.890000000596, 131.882050000001), (-1.43487033242127, -58.890000000596, 131.799787638656), (-1.5, -58.890000000596, 131.925800000001), (-1.63614162022714, -58.890000000596, 131.933968497215), (-1.76360311347526, -58.890000000596, 131.941616186808), (-1.85180556279374, -58.890000000596, 131.939411125575), (-1.85567010310479, -58.890000000596, 131.947140206186), (0., -68.890000000596, 131.690709975102), (-3.49999999976717E-1, -68.890000000596, 131.704709975102), (-5.E-1, -68.890000000596, 131.710709975102), (-1.03324876283295, -68.890000000596, 131.732039925616), (0., -68.890000000596, 132.025800000001), (-3.75E-1, -68.890000000596, 132.032050000001), (-7.5E-1, -68.890000000596, 132.050800000001), (-1.125, -68.890000000596, 132.082050000001), (-1.43487033242127, -68.890000000596, 131.999787638656), (-1.5, -68.890000000596, 132.125800000001), (-1.63614162022714, -68.890000000596, 132.133968497215), (-1.76360311347526, -68.890000000596, 132.141616186808), (-1.85180556279374, -68.890000000596, 132.139411125575), (-1.85567010310479, -68.890000000596, 132.147140206186), (0., -78.890000000596, 131.890709975102), (-3.49999999976717E-1, -78.890000000596, 131.904709975102), (-5.E-1, -78.890000000596, 131.910709975102), (-1.03324876283295, -78.890000000596, 131.932039925616), (0., -78.890000000596, 132.225800000001), (-3.75E-1, -78.890000000596, 132.232050000001), (-7.5E-1, -78.890000000596, 132.250800000001), (-1.125, -78.890000000596, 132.282050000001), (-1.43487033242127, -78.890000000596, 132.199787638656), (-1.5, -78.890000000596, 132.325800000001), (-1.63614162022714, -78.890000000596, 132.333968497216), (-1.76360311347526, -78.890000000596, 132.341616186808), (-1.85180556279374, -78.890000000596, 132.339411125575), (-1.85567010310479, -78.890000000596, 132.347140206186), (0., -88.890000000596, 132.090709975102), (-3.49999999976717E-1, -88.890000000596, 132.104709975102), (-5.E-1, -88.890000000596, 132.110709975102), (-1.03324876283295, -88.890000000596, 132.132039925616), (0., -88.890000000596, 132.425800000001), (-3.75E-1, -88.890000000596, 132.432050000001), (-7.5E-1, -88.890000000596, 132.450800000001), (-1.125, -88.890000000596, 132.482050000001), (-1.43487033242127, -88.890000000596, 132.399787638656), (-1.5, -88.890000000596, 132.525800000001), (-1.63614162022714, -88.890000000596, 132.533968497216), (-1.76360311347526, -88.890000000596, 132.541616186808), (-1.85180556279374, -88.890000000596, 132.539411125575), (-1.85567010310479, -88.890000000596, 132.547140206186), (0., -92.8500000005588, 132.169909975087), (-3.49999999976717E-1, -92.8500000005588, 132.183909975087), (-5.E-1, -92.8500000005588, 132.189909975087), (-1.03324876283295, -92.8500000005588, 132.211239925601), (0., -92.8500000005588, 132.504999999986), (-3.75E-1, -92.8500000005588, 132.511249999986), (-7.5E-1, -92.8500000005588, 132.529999999986), (-1.125, -92.8500000005588, 132.561249999986), (-1.43487033242127, -92.8500000005588, 132.478987638642), (-1.5, -92.8500000005588, 132.604999999986), (-1.63614162022714, -92.8500000005588, 132.613168497201), (-1.76360311347526, -92.8500000005588, 132.620816186793), (-1.85180556279374, -92.8500000005588, 132.61861112556), (-1.85567010310479, -92.8500000005588, 132.626340206172)));
#230 = IFCTRIANGULATEDFACESET(#229, $, .T., ((1, 2, 4), (3, 1, 4), (3, 4, 5), (6, 3, 5), (6, 5, 7), (8, 6, 7), (8, 7, 9), (10, 8, 9), (10, 9, 11), (14, 12, 13), (1, 18, 16), (1, 3, 18), (16, 18, 33), (3, 20, 18), (16, 33, 31), (18, 34, 33), (3, 6, 20), (18, 20, 34), (33, 46, 31), (34, 47, 33), (6, 22, 20), (20, 36, 34), (33, 47, 46), (34, 48, 47), (6, 8, 22), (20, 22, 36), (36, 48, 34), (46, 47, 61), (47, 48, 62), (8, 24, 22), (22, 38, 36), (36, 50, 48), (46, 61, 60), (47, 62, 61), (48, 64, 62), (8, 10, 24), (22, 24, 38), (38, 50, 36), (48, 50, 64), (61, 74, 60), (62, 75, 61), (64, 77, 62), (10, 25, 24), (24, 39, 38), (38, 52, 50), (50, 66, 64), (61, 75, 74), (62, 77, 75), (64, 78, 77), (10, 11, 25), (24, 25, 39), (39, 52, 38), (50, 52, 66), (66, 78, 64), (74, 75, 89), (75, 77, 91), (77, 78, 92), (39, 53, 52), (52, 67, 66), (66, 80, 78), (74, 89, 88), (75, 91, 89), (77, 92, 91), (78, 94, 92), (52, 53, 67), (67, 80, 66), (78, 80, 94), (88, 89, 103), (89, 91, 105), (91, 92, 106), (92, 94, 108), (67, 81, 80), (80, 95, 94), (88, 103, 102), (89, 105, 103), (91, 106, 105), (92, 108, 106), (94, 109, 108), (80, 81, 95), (94, 95, 109), (103, 116, 102), (105, 117, 103), (106, 119, 105), (108, 120, 106), (109, 122, 108), (103, 117, 116), (105, 119, 117), (106, 120, 119), (108, 122, 120), (109, 123, 122), (116, 117, 131), (117, 119, 133), (119, 120, 134), (120, 122, 136), (122, 123, 137), (116, 131, 130), (117, 133, 131), (119, 134, 133), (120, 136, 134), (122, 137, 136), (131, 144, 130), (133, 146, 131), (134, 147, 133), (136, 148, 134), (137, 150, 136), (131, 146, 144), (133, 147, 146), (134, 148, 147), (136, 150, 148), (137, 151, 150), (144, 146, 160), (146, 147, 161), (147, 148, 162), (148, 150, 164), (150, 151, 165), (144, 160, 158), (146, 161, 160), (147, 162, 161), (148, 164, 162), (150, 165, 164), (160, 172, 158), (161, 174, 160), (162, 175, 161), (164, 179, 162), (165, 185, 164), (160, 174, 172), (161, 175, 174), (162, 179, 175), (164, 185, 179), (165, 186, 185), (172, 174, 183), (174, 175, 184), (175, 179, 187), (179, 185, 192), (185, 186, 193), (172, 183, 180), (174, 184, 183), (175, 187, 184), (179, 192, 187), (185, 193, 192), (180, 183, 202), (183, 184, 203), (184, 187, 204), (187, 192, 206), (192, 193, 207), (180, 202, 200), (183, 203, 202), (184, 204, 203), (187, 206, 204), (192, 207, 206), (200, 202, 216), (202, 203, 217), (203, 204, 221), (204, 206, 227), (206, 207, 228), (200, 216, 214), (202, 217, 216), (203, 221, 217), (204, 227, 221), (206, 228, 227), (216, 222, 214), (217, 225, 216), (221, 226, 217), (227, 229, 221), (228, 234, 227), (216, 225, 222), (217, 226, 225), (221, 229, 226), (227, 234, 229), (228, 235, 234), (222, 225, 244), (225, 226, 245), (226, 229, 246), (229, 234, 248), (234, 235, 249), (222, 244, 242), (225, 245, 244), (226, 246, 245), (229, 248, 246), (234, 249, 248), (242, 244, 258), (244, 245, 259), (245, 246, 260), (246, 248, 262), (248, 249, 263), (242, 258, 257), (244, 259, 258), (245, 260, 259), (246, 262, 260), (248, 263, 262), (257, 258, 272), (258, 259, 273), (259, 260, 274), (260, 262, 276), (262, 263, 277), (257, 272, 271), (258, 273, 272), (259, 274, 273), (260, 276, 274), (262, 277, 276), (271, 272, 286), (272, 273, 287), (273, 274, 288), (274, 276, 290), (276, 277, 291), (271, 286, 285), (272, 287, 286), (273, 288, 287), (274, 290, 288), (276, 291, 290), (285, 286, 300), (286, 287, 301), (287, 288, 302), (288, 290, 304), (290, 291, 305), (285, 300, 299), (286, 301, 300), (287, 302, 301), (288, 304, 302), (290, 305, 304), (299, 300, 314), (300, 301, 315), (301, 302, 316), (302, 304, 318), (304, 305, 319), (299, 314, 313), (300, 315, 314), (301, 316, 315), (302, 318, 316), (304, 319, 318), (313, 314, 328), (314, 315, 329), (315, 316, 330), (316, 318, 332), (318, 319, 333), (313, 328, 327), (314, 329, 328), (315, 330, 329), (316, 332, 330), (318, 333, 332), (328, 341, 327), (329, 342, 328), (330, 343, 329), (332, 344, 330), (333, 346, 332), (328, 342, 341), (329, 343, 342), (330, 344, 343), (332, 346, 344), (333, 347, 346), (341, 342, 356), (342, 343, 357), (343, 344, 358), (344, 346, 360), (346, 347, 361), (341, 356, 355), (342, 357, 356), (343, 358, 357), (344, 360, 358), (346, 361, 360), (356, 369, 355), (357, 370, 356), (358, 371, 357), (360, 372, 358), (361, 374, 360), (356, 370, 369), (357, 371, 370), (358, 372, 371), (360, 374, 372), (361, 375, 374), (369, 370, 384), (370, 371, 385), (371, 372, 386), (372, 374, 388), (374, 375, 389), (369, 384, 383), (370, 385, 384), (371, 386, 385), (372, 388, 386), (374, 389, 388), (11, 23, 25), (11, 9, 23), (25, 23, 37), (9, 21, 23), (25, 37, 39), (23, 35, 37), (9, 7, 21), (23, 21, 35), (39, 37, 51), (37, 35, 49), (39, 51, 53), (37, 49, 51), (51, 67, 53), (49, 65, 51), (51, 65, 67), (49, 63, 65), (67, 65, 79), (65, 63, 76), (67, 79, 81), (65, 76, 79), (81, 79, 93), (79, 76, 90), (81, 93, 95), (79, 90, 93), (93, 109, 95), (90, 107, 93), (93, 107, 109), (90, 104, 107), (109, 107, 121), (107, 104, 118), (109, 121, 123), (107, 118, 121), (121, 137, 123), (118, 135, 121), (121, 135, 137), (118, 132, 135), (137, 135, 149), (135, 132, 145), (137, 149, 151), (135, 145, 149), (149, 165, 151), (145, 163, 149), (149, 163, 165), (145, 159, 163), (165, 163, 182), (163, 159, 173), (165, 182, 186), (163, 173, 182), (186, 182, 189), (182, 173, 181), (186, 189, 193), (182, 181, 189), (189, 207, 193), (181, 205, 189), (189, 205, 207), (181, 201, 205), (207, 205, 224), (205, 201, 215), (207, 224, 228), (205, 215, 224), (228, 224, 231), (224, 215, 223), (228, 231, 235), (224, 223, 231), (231, 249, 235), (223, 247, 231), (231, 247, 249), (223, 243, 247), (249, 247, 261), (247, 243, 256), (249, 261, 263), (247, 256, 261), (263, 261, 275), (261, 256, 270), (263, 275, 277), (261, 270, 275), (277, 275, 289), (275, 270, 284), (277, 289, 291), (275, 284, 289), (291, 289, 303), (289, 284, 298), (291, 303, 305), (289, 298, 303), (305, 303, 317), (303, 298, 312), (305, 317, 319), (303, 312, 317), (319, 317, 331), (317, 312, 326), (319, 331, 333), (317, 326, 331), (333, 331, 345), (331, 326, 340), (333, 345, 347), (331, 340, 345), (345, 361, 347), (340, 359, 345), (345, 359, 361), (340, 354, 359), (361, 359, 373), (359, 354, 368), (361, 373, 375), (359, 368, 373), (373, 389, 375), (368, 387, 373), (373, 387, 389), (368, 382, 387), (7, 19, 21), (7, 5, 19), (21, 19, 32), (5, 17, 19), (21, 32, 35), (19, 30, 32), (5, 4, 17), (19, 17, 30), (35, 32, 45), (32, 30, 44), (4, 15, 17), (17, 29, 30), (35, 45, 49), (32, 44, 45), (30, 43, 44), (4, 2, 15), (17, 15, 29), (30, 29, 43), (45, 63, 49), (44, 59, 45), (43, 58, 44), (45, 59, 63), (44, 58, 59), (43, 57, 58), (63, 59, 73), (59, 58, 72), (58, 57, 71), (63, 73, 76), (59, 72, 73), (58, 71, 72), (76, 73, 87), (73, 72, 86), (72, 71, 85), (76, 87, 90), (73, 86, 87), (72, 85, 86), (87, 104, 90), (86, 101, 87), (85, 100, 86), (87, 101, 104), (86, 100, 101), (85, 99, 100), (104, 101, 115), (101, 100, 114), (100, 99, 113), (104, 115, 118), (101, 114, 115), (100, 113, 114), (115, 132, 118), (114, 129, 115), (113, 128, 114), (115, 129, 132), (114, 128, 129), (113, 127, 128), (132, 129, 143), (129, 128, 142), (128, 127, 141), (132, 143, 145), (129, 142, 143), (128, 141, 142), (143, 159, 145), (142, 157, 143), (141, 156, 142), (143, 157, 159), (142, 156, 157), (141, 155, 156), (159, 157, 171), (157, 156, 170), (156, 155, 169), (159, 171, 173), (157, 170, 171), (156, 169, 170), (173, 171, 178), (171, 170, 177), (170, 169, 176), (173, 178, 181), (171, 177, 178), (170, 176, 177), (178, 201, 181), (177, 199, 178), (176, 198, 177), (178, 199, 201), (177, 198, 199), (176, 197, 198), (201, 199, 213), (199, 198, 212), (198, 197, 211), (201, 213, 215), (199, 212, 213), (198, 211, 212), (215, 213, 220), (213, 212, 219), (212, 211, 218), (215, 220, 223), (213, 219, 220), (212, 218, 219), (220, 243, 223), (219, 241, 220), (218, 240, 219), (220, 241, 243), (219, 240, 241), (218, 239, 240), (243, 241, 255), (241, 240, 254), (240, 239, 253), (243, 255, 256), (241, 254, 255), (240, 253, 254), (256, 255, 269), (255, 254, 268), (254, 253, 267), (256, 269, 270), (255, 268, 269), (254, 267, 268), (270, 269, 283), (269, 268, 282), (268, 267, 281), (270, 283, 284), (269, 282, 283), (268, 281, 282), (284, 283, 297), (283, 282, 296), (281, 296, 282), (284, 297, 298), (283, 296, 297), (281, 295, 296), (298, 297, 311), (297, 296, 310), (296, 295, 309), (298, 311, 312), (297, 310, 311), (296, 309, 310), (312, 311, 325), (311, 310, 324), (310, 309, 323), (312, 325, 326), (311, 324, 325), (310, 323, 324), (326, 325, 339), (325, 324, 338), (324, 323, 337), (326, 339, 340), (325, 338, 339), (324, 337, 338), (339, 354, 340), (338, 353, 339), (337, 352, 338), (339, 353, 354), (338, 352, 353), (337, 351, 352), (354, 353, 367), (353, 352, 366), (352, 351, 365), (354, 367, 368), (353, 366, 367), (352, 365, 366), (367, 382, 368), (366, 381, 367), (365, 380, 366), (367, 381, 382), (366, 380, 381), (365, 379, 380), (2, 16, 15), (2, 1, 16), (16, 29, 15), (16, 31, 29), (31, 43, 29), (31, 46, 43), (43, 46, 60), (43, 60, 57), (60, 71, 57), (60, 74, 71), (71, 74, 88), (71, 88, 85), (85, 88, 102), (85, 102, 99), (102, 113, 99), (102, 116, 113), (113, 116, 130), (113, 130, 127), (130, 141, 127), (130, 144, 141), (141, 144, 158), (141, 158, 155), (158, 169, 155), (158, 172, 169), (169, 172, 180), (169, 180, 176), (176, 180, 200), (176, 200, 197), (197, 200, 214), (197, 214, 211), (214, 218, 211), (214, 222, 218), (218, 222, 242), (218, 242, 239), (239, 242, 257), (239, 257, 253), (253, 257, 271), (253, 271, 267), (271, 281, 267), (271, 285, 281), (281, 285, 299), (281, 299, 295), (295, 299, 313), (295, 313, 309), (313, 323, 309), (313, 327, 323), (327, 337, 323), (327, 341, 337), (337, 341, 355), (337, 355, 351), (355, 365, 351), (355, 369, 365), (365, 369, 383), (365, 383, 379), (13, 26, 27), (13, 12, 26), (27, 26, 40), (27, 40, 41), (41, 40, 54), (41, 54, 55), (55, 54, 68), (55, 68, 69), (69, 68, 82), (69, 82, 83), (83, 82, 96), (83, 96, 97), (97, 96, 110), (97, 110, 111), (111, 110, 124), (111, 124, 125), (125, 124, 138), (125, 138, 139), (139, 138, 152), (139, 152, 153), (153, 152, 166), (153, 166, 167), (167, 166, 188), (167, 188, 190), (190, 188, 194), (190, 194, 195), (195, 194, 208), (195, 208, 209), (209, 208, 230), (209, 230, 232), (232, 230, 236), (232, 236, 237), (237, 236, 250), (237, 250, 251), (251, 250, 264), (251, 264, 265), (265, 264, 278), (265, 278, 279), (279, 278, 292), (279, 292, 293), (293, 292, 306), (293, 306, 307), (307, 306, 320), (307, 320, 321), (321, 320, 334), (321, 334, 335), (335, 334, 348), (335, 348, 349), (349, 348, 362), (349, 362, 363), (363, 362, 376), (363, 376, 377), (377, 376, 390), (377, 390, 391), (12, 28, 26), (12, 14, 28), (26, 28, 42), (26, 42, 40), (40, 42, 56), (40, 56, 54), (54, 56, 70), (54, 70, 68), (68, 70, 84), (68, 84, 82), (82, 84, 98), (82, 98, 96), (96, 98, 112), (96, 112, 110), (110, 112, 126), (110, 126, 124), (124, 126, 140), (124, 140, 138), (138, 140, 154), (138, 154, 152), (152, 154, 168), (152, 168, 166), (166, 168, 191), (166, 191, 188), (188, 191, 196), (188, 196, 194), (194, 196, 210), (194, 210, 208), (208, 210, 233), (208, 233, 230), (230, 233, 238), (230, 238, 236), (236, 238, 252), (236, 252, 250), (250, 252, 266), (250, 266, 264), (264, 266, 280), (264, 280, 278), (278, 280, 294), (278, 294, 292), (292, 294, 308), (292, 308, 306), (306, 308, 322), (306, 322, 320), (320, 322, 336), (320, 336, 334), (334, 336, 350), (334, 350, 348), (348, 350, 364), (348, 364, 362), (362, 364, 378), (362, 378, 376), (376, 378, 392), (376, 392, 390), (14, 27, 28), (14, 13, 27), (28, 27, 41), (28, 41, 42), (42, 41, 55), (42, 55, 56), (56, 55, 69), (56, 69, 70), (70, 69, 83), (70, 83, 84), (84, 83, 97), (84, 97, 98), (98, 97, 111), (98, 111, 112), (112, 111, 125), (112, 125, 126), (126, 125, 139), (126, 139, 140), (140, 139, 153), (140, 153, 154), (154, 153, 167), (154, 167, 168), (168, 167, 190), (168, 190, 191), (191, 190, 195), (191, 195, 196), (196, 195, 209), (196, 209, 210), (210, 209, 232), (210, 232, 233), (233, 232, 237), (233, 237, 238), (238, 237, 251), (238, 251, 252), (252, 251, 265), (252, 265, 266), (266, 265, 279), (266, 279, 280), (280, 279, 293), (280, 293, 294), (294, 293, 307), (294, 307, 308), (308, 307, 321), (308, 321, 322), (322, 321, 335), (322, 335, 336), (336, 335, 349), (336, 349, 350), (350, 349, 363), (350, 363, 364), (364, 363, 377), (364, 377, 378), (378, 377, 391), (378, 391, 392), (379, 383, 380), (383, 384, 380), (380, 384, 381), (384, 385, 381), (381, 385, 382), (385, 386, 382), (382, 386, 387), (386, 388, 387), (387, 388, 389), (390, 392, 391)), $);
#231 = IFCCOLOURRGB($, 1., 9.92156982421875E-1, 8.66666972637177E-1);
#232 = IFCSURFACESTYLERENDERING(#231, 0., $, $, $, $, $, $, .FLAT.);
#233 = IFCSURFACESTYLE('m:fffdddff', .BOTH., (#232));
#234 = IFCPRESENTATIONSTYLEASSIGNMENT((#233));
#235 = IFCSTYLEDITEM(#230, (#234), $);
#236 = IFCSHAPEREPRESENTATION(#24, 'Body', 'Tessellation', (#230));
#237 = IFCPRODUCTDEFINITIONSHAPE($, $, (#236));
#238 = IFCDIRECTION((1., 0., 0.));
#239 = IFCDIRECTION((0., 0., 1.));
#240 = IFCCARTESIANPOINT((0., 0., 0.));
#241 = IFCAXIS2PLACEMENT3D(#240, #239, #238);
#242 = IFCLOCALPLACEMENT(#227, #241);
#243 = IFCBUILDINGELEMENTPROXY('3GfGihjlD3pRzsQ8HEW7G0', #5, '670960,000-671143,960', '670960,000-671143,960', $, #242, #237, $, $);
#244 = IFCRELCONTAINEDINSPATIALSTRUCTURE('2ZgC_G$nDEmu9fl7r98wIU', #5, $, $, (#243), #228);
#245 = IFCPROPERTYSINGLEVALUE('BauphaseEnde', $, IFCTEXT('2'), $);
#246 = IFCPROPERTYSINGLEVALUE('Bauphase', $, IFCTEXT('1'), $);
#247 = IFCPROPERTYSINGLEVALUE('BauphaseStart', $, IFCTEXT('1'), $);
#248 = IFCPROPERTYSET('1Kquh47zz1aBbION_p1g_d', #5, 'Bauphase', $, (#245, #246, #247));
#249 = IFCRELDEFINESBYPROPERTIES('2rBEWoM1n88ONv40g2L_gA', #5, 'Bauphase', $, (#243), #248);
#250 = IFCPROPERTYSINGLEVALUE('Material', $, IFCTEXT('frostbestaendiger_verdichtungsfaehiger_Boden'), $);
#251 = IFCPROPERTYSET('0_yjf0JXXEYe79eb8dk1MH', #5, 'Baustoff', $, (#250));
#252 = IFCRELDEFINESBYPROPERTIES('1BYZRdWfnEwgtzDoRs8$OA', #5, 'Baustoff', $, (#243), #251);
#253 = IFCPROPERTYSINGLEVALUE('Planer', $, IFCTEXT('Schuessler-Plan'), $);
#254 = IFCPROPERTYSINGLEVALUE('Quelle/Herkunft_Daten', $, IFCTEXT('card_1'), $);
#255 = IFCPROPERTYSINGLEVALUE('Bemerkungen', $, IFCTEXT('Fuellboden_Bankett'), $);
#256 = IFCPROPERTYSINGLEVALUE('LOG', $, IFCINTEGER(200), $);
#257 = IFCPROPERTYSINGLEVALUE('KBK_Nr', $, IFCTEXT('5.112.1.020'), $);
#258 = IFCPROPERTYSINGLEVALUE('Planungsnormen', $, IFCTEXT('ZTV SoB 04/07'), $);
#259 = IFCPROPERTYSINGLEVALUE('Bauteil', $, IFCTEXT('Auftrag'), $);
#260 = IFCPROPERTYSINGLEVALUE('LOI', $, IFCINTEGER(200), $);
#261 = IFCPROPERTYSET('0E2u1kD8r9d9SaanNaIo_q', #5, 'Bauteilinformation', $, (#253, #254, #255, #256, #257, #258, #259, #260));
#262 = IFCRELDEFINESBYPROPERTIES('2ahWqMNJ13ZQXca9fgwwCc', #5, 'Bauteilinformation', $, (#243), #261);
#263 = IFCPROPERTYSINGLEVALUE('Objekttyp', $, IFCTEXT('Verfuellung'), $);
#264 = IFCPROPERTYSINGLEVALUE('Objektklasse', $, IFCTEXT('Auftrag'), $);
#265 = IFCPROPERTYSINGLEVALUE('Objektgruppe', $, IFCTEXT('Erdbau'), $);
#266 = IFCPROPERTYSET('3xFDIWn4r0UQrFMBtbELr9', #5, 'Klassifizierung', $, (#263, #264, #265));
#267 = IFCRELDEFINESBYPROPERTIES('23cXCbFQX1PwZTGbadm5DG', #5, 'Klassifizierung', $, (#243), #266);
#268 = IFCPROPERTYSINGLEVALUE('Bauabschnitt', $, IFCTEXT('1'), $);
#269 = IFCPROPERTYSINGLEVALUE('Bereich', $, IFCTEXT('Sueden'), $);
#270 = IFCPROPERTYSINGLEVALUE('StationierungBis', $, IFCTEXT('671+143,960'), $);
#271 = IFCPROPERTYSINGLEVALUE('StationierungVon', $, IFCTEXT('670+960,000'), $);
#272 = IFCPROPERTYSINGLEVALUE('Von_BauKM', $, IFCLENGTHMEASURE(670960.), $);
#273 = IFCPROPERTYSINGLEVALUE('Achse', $, IFCTEXT('1'), $);
#274 = IFCPROPERTYSINGLEVALUE('Ebene', $, IFCTEXT('1'), $);
#275 = IFCPROPERTYSINGLEVALUE('Bis_BauKM', $, IFCLENGTHMEASURE(671143.96), $);
#276 = IFCPROPERTYSET('0zBPulrsv1gQf_tDZ4thQJ', #5, 'Lage', $, (#268, #269, #270, #271, #272, #273, #274, #275));
#277 = IFCRELDEFINESBYPROPERTIES('3F7_SW2wT8dAZAcO2iGV60', #5, 'Lage', $, (#243), #276);
#278 = IFCDIRECTION((1., 0., 0.));
#279 = IFCDIRECTION((0., 0., 1.));
#280 = IFCCARTESIANPOINT((0., 0., 0.));
#281 = IFCAXIS2PLACEMENT3D(#280, #279, #278);
#282 = IFCLOCALPLACEMENT(#43, #281);
#283 = IFCBUILDINGSTOREY('00bxMBpJj4lOYDR8KyWpwX', #5, 'Decke', $, $, #282, $, $, $, $);
#284 = IFCDIRECTION((1., 0., 0.));
#285 = IFCDIRECTION((0., 0., 1.));
#286 = IFCCARTESIANPOINT((0., 0., 0.));
#287 = IFCAXIS2PLACEMENT3D(#286, #285, #284);
#288 = IFCLOCALPLACEMENT(#282, #287);
#289 = IFCBUILDINGSTOREY('0AEc_$uWPFbPZNqkd_FfMe', #5, 'FB_Decke', $, $, #288, $, $, $, $);
#290 = IFCRELAGGREGATES('1EeYwYrnX2fvvBsChkqTY6', #5, '', $, #283, (#289, #350, #408, #464));
#291 = IFCCARTESIANPOINTLIST3D(((-2., 91.109999999404, 129.2358), (-1.98024074168643, 91.109999999404, 129.19628148341), (-5., 91.109999999404, 129.1608), (-8., 91.109999999404, 129.0858), (-8., 91.109999999404, 129.045787501952), (-1.98024074168643, 81.109999999404, 129.39628148341), (-2., 81.109999999404, 129.4358), (-12.25, 91.109999999404, 128.97955), (-5., 81.109999999404, 129.3608), (-8., 81.109999999404, 129.245787501952), (-8., 81.109999999404, 129.2858), (-12.25, 81.109999999404, 129.17955), (-16.5, 91.109999999404, 128.8733), (-16.5202594926814, 91.109999999404, 128.832781014635), (-16.5, 81.109999999404, 129.0733), (-16.5202594926814, 81.109999999404, 129.032781014635), (-1.98024074168643, 71.109999999404, 129.59628148341), (-2., 71.109999999404, 129.6358), (-5., 71.109999999404, 129.5608), (-8., 71.109999999404, 129.445787501952), (-8., 71.109999999404, 129.4858), (-12.25, 71.109999999404, 129.37955), (-16.5, 71.109999999404, 129.2733), (-16.5202594926814, 71.109999999404, 129.232781014635), (-1.98024074168643, 61.109999999404, 129.79628148341), (-2., 61.109999999404, 129.8358), (-5., 61.109999999404, 129.7608), (-8., 61.109999999404, 129.645787501952), (-8., 61.109999999404, 129.6858), (-12.25, 61.109999999404, 129.57955), (-16.5, 61.109999999404, 129.4733), (-16.5202594926814, 61.109999999404, 129.432781014635), (-1.98024074168643, 51.109999999404, 129.99628148341), (-2., 51.109999999404, 130.0358), (-5., 51.109999999404, 129.9608), (-8., 51.109999999404, 129.845787501953), (-8., 51.109999999404, 129.8858), (-12.25, 51.109999999404, 129.77955), (-16.5, 51.109999999404, 129.6733), (-16.5202594926814, 51.109999999404, 129.632781014635), (-1.98024074168643, 41.109999999404, 130.19628148341), (-2., 41.109999999404, 130.2358), (-5., 41.109999999404, 130.1608), (-8., 41.109999999404, 130.045787501953), (-8., 41.109999999404, 130.0858), (-12.25, 41.109999999404, 129.97955), (-16.5, 41.109999999404, 129.8733), (-16.5202594926814, 41.109999999404, 129.832781014636), (-1.98024074168643, 31.109999999404, 130.39628148341), (-2., 31.109999999404, 130.4358), (-5., 31.109999999404, 130.3608), (-8., 31.109999999404, 130.245787501953), (-8., 31.109999999404, 130.2858), (-12.25, 31.109999999404, 130.17955), (-16.5, 31.109999999404, 130.0733), (-16.5202594926814, 31.109999999404, 130.032781014636), (-1.98024074168643, 21.109999999404, 130.59628148341), (-2., 21.109999999404, 130.6358), (-5., 21.109999999404, 130.5608), (-8., 21.109999999404, 130.445787501953), (-8., 21.109999999404, 130.4858), (-12.25, 21.109999999404, 130.37955), (-16.5, 21.109999999404, 130.2733), (-16.5202594926814, 21.109999999404, 130.232781014636), (-1.98024074168643, 11.109999999404, 130.79628148341), (-2., 11.109999999404, 130.8358), (-5., 11.109999999404, 130.7608), (-8., 11.109999999404, 130.645787501953), (-8., 11.109999999404, 130.6858), (-12.25, 11.109999999404, 130.57955), (-16.5, 11.109999999404, 130.4733), (-16.5202594926814, 11.109999999404, 130.432781014636), (-1.98024074168643, 8.10999999940395, 130.85628148341), (-2., 8.10999999940395, 130.8958), (-5., 8.10999999940395, 130.8208), (-8., 8.10999999940395, 130.705787501953), (-8., 8.10999999940395, 130.7458), (-12.25, 8.10999999940395, 130.63955), (-16.5, 8.10999999940395, 130.5333), (-16.5202594926814, 8.10999999940395, 130.492781014636), (-1.98024074168643, 4.10999999940395, 130.93628148341), (-2., 4.10999999940395, 130.9758), (-5., 4.10999999940395, 130.9008), (-8., 4.10999999940395, 130.785787501953), (-8., 4.10999999940395, 130.8258), (-12.25, 4.10999999940395, 130.71955), (-16.5, 4.10999999940395, 130.6133), (-16.5202594926814, 4.10999999940395, 130.572781014636), (-1.98024074168643, 1.10999999940395, 130.99628148341), (-2., 1.10999999940395, 131.0358), (-5., 1.10999999940395, 130.9608), (-8., 1.10999999940395, 130.845787501953), (-8., 1.10999999940395, 130.8858), (-12.25, 1.10999999940395, 130.77955), (-1.98024074168643, 4.6999999973923E-1, 131.00908148341), (-2., 4.6999999973923E-1, 131.048600000001), (-1.98024074168643, 4.59999999962747E-1, 131.009281483411), (-2., 4.59999999962747E-1, 131.048800000001), (-5., 4.6999999973923E-1, 130.973600000001), (-5., 4.59999999962747E-1, 130.973800000001), (-8., 4.6999999973923E-1, 130.858587501953), (-8., 4.6999999973923E-1, 130.898600000001), (-8., 4.59999999962747E-1, 130.858787501953), (-8., 4.59999999962747E-1, 130.898800000001), (-1.98024074168643, 0., 131.01848148341), (-2., 0., 131.058), (-16.5, 1.10999999940395, 130.6733), (-16.5202594926814, 1.10999999940395, 130.632781014636), (-5., 0., 130.983), (-12.25, 4.6999999973923E-1, 130.792350000001), (-12.25, 4.59999999962747E-1, 130.792550000001), (-8., 0., 130.867987501953), (-8., 0., 130.908), (-1.98024074168643, -4.40000000409782E-1, 131.027281483411), (-2., -4.40000000409782E-1, 131.066800000001), (-1.98024074168643, -4.50000000186265E-1, 131.027481483411), (-2., -4.50000000186265E-1, 131.067000000001), (-5., -4.40000000409782E-1, 130.991800000001), (-5., -4.50000000186265E-1, 130.992000000001), (-12.25, 0., 130.80175), (-8., -4.40000000409782E-1, 130.876787501954), (-8., -4.40000000409782E-1, 130.916800000001), (-8., -4.50000000186265E-1, 130.876987501954), (-8., -4.50000000186265E-1, 130.917000000001), (-16.5, 4.6999999973923E-1, 130.686100000001), (-16.5202594926814, 4.6999999973923E-1, 130.645581014636), (-16.5, 4.59999999962747E-1, 130.686300000001), (-16.5202594926814, 4.59999999962747E-1, 130.645781014636), (-12.25, -4.40000000409782E-1, 130.810550000001), (-12.25, -4.50000000186265E-1, 130.810750000001), (-16.5, 0., 130.6955), (-16.5202594926814, 0., 130.654981014635), (-16.5, -4.40000000409782E-1, 130.704300000001), (-16.5202594926814, -4.40000000409782E-1, 130.663781014637), (-16.5, -4.50000000186265E-1, 130.704500000001), (-16.5202594926814, -4.50000000186265E-1, 130.663981014637), (-1.98024074168643, -3.89000000059605, 131.09628148341), (-2., -3.89000000059605, 131.1358), (-5., -3.89000000059605, 131.0608), (-8., -3.89000000059605, 130.945787501953), (-8., -3.89000000059605, 130.9858), (-12.25, -3.89000000059605, 130.87955), (-16.5, -3.89000000059605, 130.7733), (-16.5202594926814, -3.89000000059605, 130.732781014636), (-1.98024074168643, -8.89000000059605, 131.19628148341), (-2., -8.89000000059605, 131.2358), (-5., -8.89000000059605, 131.1608), (-8., -8.89000000059605, 131.045787501953), (-8., -8.89000000059605, 131.0858), (-12.25, -8.89000000059605, 130.97955), (-16.5, -8.89000000059605, 130.8733), (-16.5202594926814, -8.89000000059605, 130.832781014636), (-1.98024074168643, -18.890000000596, 131.39628148341), (-2., -18.890000000596, 131.4358), (-5., -18.890000000596, 131.3608), (-8., -18.890000000596, 131.245787501953), (-8., -18.890000000596, 131.2858), (-12.25, -18.890000000596, 131.17955), (-16.5, -18.890000000596, 131.0733), (-16.5202594926814, -18.890000000596, 131.032781014636), (-1.98024074168643, -28.890000000596, 131.59628148341), (-2., -28.890000000596, 131.6358), (-5., -28.890000000596, 131.5608), (-8., -28.890000000596, 131.445787501953), (-8., -28.890000000596, 131.4858), (-12.25, -28.890000000596, 131.37955), (-16.5, -28.890000000596, 131.2733), (-16.5202594926814, -28.890000000596, 131.232781014636), (-1.98024074168643, -38.890000000596, 131.79628148341), (-2., -38.890000000596, 131.8358), (-5., -38.890000000596, 131.7608), (-8., -38.890000000596, 131.645787501953), (-8., -38.890000000596, 131.6858), (-12.25, -38.890000000596, 131.57955), (-16.5, -38.890000000596, 131.4733), (-16.5202594926814, -38.890000000596, 131.432781014636), (-1.98024074168643, -48.890000000596, 131.99628148341), (-2., -48.890000000596, 132.0358), (-5., -48.890000000596, 131.9608), (-8., -48.890000000596, 131.845787501953), (-8., -48.890000000596, 131.885800000001), (-12.25, -48.890000000596, 131.779550000001), (-16.5, -48.890000000596, 131.673300000001), (-16.5202594926814, -48.890000000596, 131.632781014636), (-1.98024074168643, -58.890000000596, 132.19628148341), (-2., -58.890000000596, 132.235800000001), (-5., -58.890000000596, 132.160800000001), (-8., -58.890000000596, 132.045787501953), (-8., -58.890000000596, 132.085800000001), (-12.25, -58.890000000596, 131.979550000001), (-16.5, -58.890000000596, 131.873300000001), (-16.5202594926814, -58.890000000596, 131.832781014636), (-1.98024074168643, -68.890000000596, 132.396281483411), (-2., -68.890000000596, 132.435800000001), (-5., -68.890000000596, 132.360800000001), (-8., -68.890000000596, 132.245787501953), (-8., -68.890000000596, 132.285800000001), (-12.25, -68.890000000596, 132.179550000001), (-16.5, -68.890000000596, 132.073300000001), (-16.5202594926814, -68.890000000596, 132.032781014636), (-1.98024074168643, -78.890000000596, 132.596281483411), (-2., -78.890000000596, 132.635800000001), (-5., -78.890000000596, 132.560800000001), (-8., -78.890000000596, 132.445787501953), (-8., -78.890000000596, 132.485800000001), (-12.25, -78.890000000596, 132.379550000001), (-16.5, -78.890000000596, 132.273300000001), (-16.5202594926814, -78.890000000596, 132.232781014636), (-1.98024074168643, -88.890000000596, 132.796281483411), (-2., -88.890000000596, 132.835800000001), (-5., -88.890000000596, 132.760800000001), (-8., -88.890000000596, 132.645787501953), (-8., -88.890000000596, 132.685800000001), (-12.25, -88.890000000596, 132.579550000001), (-16.5, -88.890000000596, 132.473300000001), (-16.5202594926814, -88.890000000596, 132.432781014636), (-1.98024074168643, -92.8500000005588, 132.875481483396), (-2., -92.8500000005588, 132.914999999986), (-5., -92.8500000005588, 132.839999999986), (-8., -92.8500000005588, 132.724987501939), (-8., -92.8500000005588, 132.764999999986), (-12.25, -92.8500000005588, 132.658749999986), (-16.5, -92.8500000005588, 132.552499999986), (-16.5202594926814, -92.8500000005588, 132.511981014621)));
#292 = IFCTRIANGULATEDFACESET(#291, $, .T., ((1, 2, 3), (3, 2, 5), (4, 3, 5), (4, 5, 8), (8, 5, 14), (13, 8, 14), (2, 7, 6), (2, 1, 7), (7, 17, 6), (7, 18, 17), (17, 18, 26), (17, 26, 25), (25, 26, 34), (25, 34, 33), (33, 34, 42), (33, 42, 41), (41, 42, 50), (41, 50, 49), (49, 50, 58), (49, 58, 57), (57, 58, 66), (57, 66, 65), (66, 73, 65), (66, 74, 73), (73, 74, 82), (73, 82, 81), (82, 89, 81), (82, 90, 89), (89, 90, 96), (89, 96, 95), (95, 96, 98), (95, 98, 97), (98, 105, 97), (98, 106, 105), (105, 106, 115), (105, 115, 114), (114, 115, 117), (114, 117, 116), (117, 137, 116), (117, 138, 137), (137, 138, 146), (137, 146, 145), (145, 146, 154), (145, 154, 153), (153, 154, 162), (153, 162, 161), (162, 169, 161), (162, 170, 169), (169, 170, 178), (169, 178, 177), (177, 178, 186), (177, 186, 185), (185, 186, 194), (185, 194, 193), (193, 194, 202), (193, 202, 201), (201, 202, 210), (201, 210, 209), (209, 210, 218), (209, 218, 217), (1, 9, 7), (1, 3, 9), (7, 9, 19), (3, 11, 9), (7, 19, 18), (9, 21, 19), (3, 4, 11), (9, 11, 21), (19, 26, 18), (21, 27, 19), (4, 12, 11), (11, 22, 21), (19, 27, 26), (21, 29, 27), (4, 8, 12), (11, 12, 22), (22, 29, 21), (26, 27, 35), (27, 29, 37), (8, 15, 12), (12, 23, 22), (22, 30, 29), (26, 35, 34), (27, 37, 35), (29, 38, 37), (8, 13, 15), (12, 15, 23), (23, 30, 22), (29, 30, 38), (34, 35, 43), (35, 37, 45), (37, 38, 46), (23, 31, 30), (30, 39, 38), (34, 43, 42), (35, 45, 43), (37, 46, 45), (38, 47, 46), (30, 31, 39), (38, 39, 47), (42, 43, 51), (43, 45, 53), (45, 46, 54), (46, 47, 55), (42, 51, 50), (43, 53, 51), (45, 54, 53), (46, 55, 54), (50, 51, 59), (51, 53, 61), (53, 54, 62), (54, 55, 63), (50, 59, 58), (51, 61, 59), (53, 62, 61), (54, 63, 62), (58, 59, 67), (59, 61, 69), (61, 62, 70), (62, 63, 71), (58, 67, 66), (59, 69, 67), (61, 70, 69), (62, 71, 70), (66, 67, 75), (67, 69, 77), (69, 70, 78), (70, 71, 79), (66, 75, 74), (67, 77, 75), (69, 78, 77), (70, 79, 78), (75, 82, 74), (77, 83, 75), (78, 85, 77), (79, 86, 78), (75, 83, 82), (77, 85, 83), (78, 86, 85), (79, 87, 86), (82, 83, 91), (83, 85, 93), (85, 86, 94), (86, 87, 107), (82, 91, 90), (83, 93, 91), (85, 94, 93), (86, 107, 94), (91, 96, 90), (93, 99, 91), (94, 102, 93), (107, 110, 94), (91, 99, 96), (93, 102, 99), (94, 110, 102), (107, 125, 110), (96, 99, 100), (99, 102, 104), (102, 110, 111), (110, 125, 127), (96, 100, 98), (99, 104, 100), (102, 111, 104), (110, 127, 111), (98, 100, 109), (100, 104, 113), (104, 111, 120), (111, 127, 131), (98, 109, 106), (100, 113, 109), (104, 120, 113), (111, 131, 120), (106, 109, 118), (109, 113, 122), (113, 120, 129), (120, 131, 133), (106, 118, 115), (109, 122, 118), (113, 129, 122), (120, 133, 129), (118, 117, 115), (122, 119, 118), (129, 124, 122), (133, 130, 129), (118, 119, 117), (122, 124, 119), (129, 130, 124), (133, 135, 130), (117, 119, 139), (119, 124, 141), (124, 130, 142), (130, 135, 143), (117, 139, 138), (119, 141, 139), (124, 142, 141), (130, 143, 142), (139, 146, 138), (141, 147, 139), (142, 149, 141), (143, 150, 142), (139, 147, 146), (141, 149, 147), (142, 150, 149), (143, 151, 150), (146, 147, 155), (147, 149, 157), (149, 150, 158), (150, 151, 159), (146, 155, 154), (147, 157, 155), (149, 158, 157), (150, 159, 158), (154, 155, 163), (155, 157, 165), (157, 158, 166), (158, 159, 167), (154, 163, 162), (155, 165, 163), (157, 166, 165), (158, 167, 166), (162, 163, 171), (163, 165, 173), (165, 166, 174), (166, 167, 175), (162, 171, 170), (163, 173, 171), (165, 174, 173), (166, 175, 174), (170, 171, 179), (171, 173, 181), (173, 174, 182), (174, 175, 183), (170, 179, 178), (171, 181, 179), (173, 182, 181), (174, 183, 182), (179, 186, 178), (181, 187, 179), (182, 189, 181), (183, 190, 182), (179, 187, 186), (181, 189, 187), (182, 190, 189), (183, 191, 190), (186, 187, 195), (187, 189, 197), (189, 190, 198), (190, 191, 199), (186, 195, 194), (187, 197, 195), (189, 198, 197), (190, 199, 198), (194, 195, 203), (195, 197, 205), (197, 198, 206), (198, 199, 207), (194, 203, 202), (195, 205, 203), (197, 206, 205), (198, 207, 206), (202, 203, 211), (203, 205, 213), (205, 206, 214), (206, 207, 215), (202, 211, 210), (203, 213, 211), (205, 214, 213), (206, 215, 214), (210, 211, 219), (211, 213, 221), (213, 214, 222), (214, 215, 223), (210, 219, 218), (211, 221, 219), (213, 222, 221), (214, 223, 222), (13, 16, 15), (13, 14, 16), (15, 16, 24), (15, 24, 23), (24, 31, 23), (24, 32, 31), (31, 32, 40), (31, 40, 39), (39, 40, 48), (39, 48, 47), (47, 48, 56), (47, 56, 55), (55, 56, 64), (55, 64, 63), (63, 64, 72), (63, 72, 71), (71, 72, 80), (71, 80, 79), (80, 87, 79), (80, 88, 87), (87, 88, 108), (87, 108, 107), (108, 125, 107), (108, 126, 125), (125, 126, 128), (125, 128, 127), (127, 128, 132), (127, 132, 131), (131, 132, 134), (131, 134, 133), (134, 135, 133), (134, 136, 135), (135, 136, 144), (135, 144, 143), (144, 151, 143), (144, 152, 151), (151, 152, 160), (151, 160, 159), (159, 160, 168), (159, 168, 167), (167, 168, 176), (167, 176, 175), (175, 176, 184), (175, 184, 183), (184, 191, 183), (184, 192, 191), (191, 192, 200), (191, 200, 199), (199, 200, 208), (199, 208, 207), (207, 208, 216), (207, 216, 215), (215, 216, 224), (215, 224, 223), (14, 10, 16), (14, 5, 10), (16, 10, 20), (5, 6, 10), (16, 20, 24), (6, 20, 10), (5, 2, 6), (24, 20, 28), (6, 17, 20), (24, 28, 32), (20, 25, 28), (20, 17, 25), (32, 28, 36), (28, 25, 33), (32, 36, 40), (28, 33, 36), (40, 36, 44), (36, 33, 41), (40, 44, 48), (36, 41, 44), (48, 44, 52), (44, 41, 49), (48, 52, 56), (44, 49, 52), (56, 52, 60), (52, 49, 57), (56, 60, 64), (52, 57, 60), (64, 60, 68), (60, 57, 65), (64, 68, 72), (60, 65, 68), (72, 68, 76), (65, 76, 68), (72, 76, 80), (65, 73, 76), (80, 76, 84), (76, 73, 81), (80, 84, 88), (76, 81, 84), (88, 84, 92), (81, 92, 84), (88, 92, 108), (81, 89, 92), (108, 92, 101), (92, 89, 95), (108, 101, 126), (92, 95, 101), (126, 101, 103), (101, 95, 97), (126, 103, 128), (101, 97, 103), (128, 103, 112), (97, 112, 103), (128, 112, 132), (97, 105, 112), (132, 112, 121), (112, 105, 114), (132, 121, 134), (112, 114, 121), (134, 121, 123), (121, 114, 116), (134, 123, 136), (121, 116, 123), (136, 123, 140), (116, 140, 123), (136, 140, 144), (116, 137, 140), (144, 140, 148), (140, 137, 145), (144, 148, 152), (140, 145, 148), (152, 148, 156), (148, 145, 153), (152, 156, 160), (148, 153, 156), (160, 156, 164), (156, 153, 161), (160, 164, 168), (156, 161, 164), (168, 164, 172), (161, 172, 164), (168, 172, 176), (161, 169, 172), (176, 172, 180), (172, 169, 177), (176, 180, 184), (172, 177, 180), (184, 180, 188), (180, 177, 185), (184, 188, 192), (180, 185, 188), (192, 188, 196), (188, 185, 193), (192, 196, 200), (188, 193, 196), (200, 196, 204), (196, 193, 201), (200, 204, 208), (196, 201, 204), (208, 204, 212), (204, 201, 209), (208, 212, 216), (204, 209, 212), (216, 212, 220), (212, 209, 217), (216, 220, 224), (212, 217, 220), (217, 218, 219), (217, 219, 220), (219, 221, 220), (220, 221, 222), (220, 222, 224), (222, 223, 224)), $);
#293 = IFCCOLOURRGB($, 3.13724994659424E-1, 3.13724994659424E-1, 3.13724994659424E-1);
#294 = IFCSURFACESTYLERENDERING(#293, 0., $, $, $, $, $, $, .FLAT.);
#295 = IFCSURFACESTYLE('m:505050ff', .BOTH., (#294));
#296 = IFCPRESENTATIONSTYLEASSIGNMENT((#295));
#297 = IFCSTYLEDITEM(#292, (#296), $);
#298 = IFCSHAPEREPRESENTATION(#24, 'Body', 'Tessellation', (#292));
#299 = IFCPRODUCTDEFINITIONSHAPE($, $, (#298));
#300 = IFCDIRECTION((1., 0., 0.));
#301 = IFCDIRECTION((0., 0., 1.));
#302 = IFCCARTESIANPOINT((0., 0., 0.));
#303 = IFCAXIS2PLACEMENT3D(#302, #301, #300);
#304 = IFCLOCALPLACEMENT(#288, #303);
#305 = IFCBUILDINGELEMENTPROXY('0$kivtFgv7L9z2dFfItlaC', #5, '670960,000-671143,960', '670960,000-671143,960', $, #304, #299, $, $);
#306 = IFCMATERIAL('Splittmastixasphalt', $, $);
#307 = IFCRELASSOCIATESMATERIAL('05RRIOh_95Kga$bewjI9Nz', #5, 'Splittmastixasphalt', $, (#305, #736), #306);
#308 = IFCRELCONTAINEDINSPATIALSTRUCTURE('032gq8UK98MBX7tthjglWB', #5, $, $, (#305), #289);
#309 = IFCPROPERTYSINGLEVALUE('BauphaseEnde', $, IFCTEXT('2'), $);
#310 = IFCPROPERTYSINGLEVALUE('Bauphase', $, IFCTEXT('1'), $);
#311 = IFCPROPERTYSINGLEVALUE('BauphaseStart', $, IFCTEXT('1'), $);
#312 = IFCPROPERTYSET('3A9ZmVfYnC3ONDgsKXWx$e', #5, 'Bauphase', $, (#309, #310, #311));
#313 = IFCRELDEFINESBYPROPERTIES('31gAGDcEHBtgzbEbM06208', #5, 'Bauphase', $, (#305), #312);
#314 = IFCPROPERTYSINGLEVALUE('Material', $, IFCTEXT('Splittmastixasphalt'), $);
#315 = IFCPROPERTYSET('07Mb5pE2jC5BbYuBh1edXg', #5, 'Baustoff', $, (#314));
#316 = IFCRELDEFINESBYPROPERTIES('2o$r8Ig7v2JRLj1XFtQpAk', #5, 'Baustoff', $, (#305), #315);
#317 = IFCPROPERTYSINGLEVALUE('Planer', $, IFCTEXT('Schuessler-Plan'), $);
#318 = IFCPROPERTYSINGLEVALUE('Belastungsklasse', $, IFCTEXT('100'), $);
#319 = IFCPROPERTYSINGLEVALUE('Quelle/Herkunft_Daten', $, IFCTEXT('card_1'), $);
#320 = IFCPROPERTYSINGLEVALUE('Bemerkungen', $, IFCTEXT('RStO12/24, Tafel 1, Zeile 5, Spalte 1'), $);
#321 = IFCPROPERTYSINGLEVALUE('LOG', $, IFCINTEGER(200), $);
#322 = IFCPROPERTYSINGLEVALUE('Verkehrsflaeche', $, IFCREAL(1.), $);
#323 = IFCPROPERTYSINGLEVALUE('KBK_Nr', $, IFCTEXT('5.113.3.030'), $);
#324 = IFCPROPERTYSINGLEVALUE('Planungsnormen', $, IFCTEXT('ZTV Asphalt-StB 07/13'), $);
#325 = IFCPROPERTYSINGLEVALUE('Bauteil', $, IFCTEXT('Aufbauschicht'), $);
#326 = IFCPROPERTYSINGLEVALUE('Dicke', $, IFCLENGTHMEASURE(4.E-2), $);
#327 = IFCPROPERTYSINGLEVALUE('LOI', $, IFCINTEGER(200), $);
#328 = IFCPROPERTYSET('2QkIeadj17zRZTbhFhq5FK', #5, 'Bauteilinformation', $, (#317, #318, #319, #320, #321, #322, #323, #324, #325, #326, #327));
#329 = IFCRELDEFINESBYPROPERTIES('3PajRVIVDAAxEZICAEBiOA', #5, 'Bauteilinformation', $, (#305), #328);
#330 = IFCPROPERTYSINGLEVALUE('Objekttyp', $, IFCTEXT('Deckschicht'), $);
#331 = IFCPROPERTYSINGLEVALUE('Objektklasse', $, IFCTEXT('Aufbauschicht'), $);
#332 = IFCPROPERTYSINGLEVALUE('Objektgruppe', $, IFCTEXT('Fahrbahnschicht'), $);
#333 = IFCPROPERTYSET('3TwIFLjsj3wxcvUHM_TcEt', #5, 'Klassifizierung', $, (#330, #331, #332));
#334 = IFCRELDEFINESBYPROPERTIES('0_0Jdv2h948xRtwtDXJ1bJ', #5, 'Klassifizierung', $, (#305), #333);
#335 = IFCPROPERTYSINGLEVALUE('Bauabschnitt', $, IFCTEXT('1'), $);
#336 = IFCPROPERTYSINGLEVALUE('Bereich', $, IFCTEXT('Sueden'), $);
#337 = IFCPROPERTYSINGLEVALUE('StationierungBis', $, IFCTEXT('671+143,960'), $);
#338 = IFCPROPERTYSINGLEVALUE('StationierungVon', $, IFCTEXT('670+960,000'), $);
#339 = IFCPROPERTYSINGLEVALUE('Von_BauKM', $, IFCLENGTHMEASURE(670960.), $);
#340 = IFCPROPERTYSINGLEVALUE('Achse', $, IFCTEXT('1'), $);
#341 = IFCPROPERTYSINGLEVALUE('Ebene', $, IFCTEXT('1'), $);
#342 = IFCPROPERTYSINGLEVALUE('Bis_BauKM', $, IFCLENGTHMEASURE(671143.96), $);
#343 = IFCPROPERTYSET('0ARMQZIJfBGAxSFA6qdjYz', #5, 'Lage', $, (#335, #336, #337, #338, #339, #340, #341, #342));
#344 = IFCRELDEFINESBYPROPERTIES('2$mDprOlPAjxEhbYM6xDqr', #5, 'Lage', $, (#305), #343);
#345 = IFCDIRECTION((1., 0., 0.));
#346 = IFCDIRECTION((0., 0., 1.));
#347 = IFCCARTESIANPOINT((0., 0., 0.));
#348 = IFCAXIS2PLACEMENT3D(#347, #346, #345);
#349 = IFCLOCALPLACEMENT(#282, #348);
#350 = IFCBUILDINGSTOREY('1zOCTTjWTBv8mAjfCGMStr', #5, 'Bankett_innen_R', $, $, #349, $, $, $, $);
#351 = IFCCARTESIANPOINTLIST3D(((-16.8519461951219, 91.109999999404, 128.564407609766), (-16.8763507436379, 91.109999999404, 128.548137910766), (-16.7115130037419, 91.109999999404, 128.56791843955), (-16.6489361702115, 91.109999999404, 128.575427659574), (-16.5607784780441, 91.109999999404, 128.751743043906), (-16.5202594926814, 91.109999999404, 128.832781014635), (-16.5159574468271, 91.109999999404, 128.841385106383), (-18., 91.109999999404, 128.6633), (-18., 91.109999999404, 128.4133), (-18.0129755300586, 91.109999999404, 128.430600706754), (-18.1680863578222, 91.109999999404, 128.349167522188), (-18.2620174890035, 91.109999999404, 128.313943347989), (-16.8763507436379, 81.109999999404, 128.748137910766), (-16.8519461951219, 81.109999999404, 128.764407609766), (-16.7115130037419, 81.109999999404, 128.76791843955), (-16.6489361702115, 81.109999999404, 128.775427659574), (-16.5607784780441, 81.109999999404, 128.951743043906), (-16.5202594926814, 81.109999999404, 129.032781014635), (-16.5159574468271, 81.109999999404, 129.041385106383), (-18., 81.109999999404, 128.6133), (-18.0129755300586, 81.109999999404, 128.630600706754), (-18., 81.109999999404, 128.8633), (-18.1680863578222, 81.109999999404, 128.549167522188), (-18.2620174890035, 81.109999999404, 128.513943347989), (-16.8763507436379, 71.109999999404, 128.948137910766), (-16.8519461951219, 71.109999999404, 128.964407609766), (-16.7115130037419, 71.109999999404, 128.96791843955), (-16.6489361702115, 71.109999999404, 128.975427659574), (-16.5607784780441, 71.109999999404, 129.151743043906), (-16.5202594926814, 71.109999999404, 129.232781014635), (-16.5159574468271, 71.109999999404, 129.241385106383), (-18., 71.109999999404, 128.8133), (-18.0129755300586, 71.109999999404, 128.830600706754), (-18., 71.109999999404, 129.0633), (-18.1680863578222, 71.109999999404, 128.749167522188), (-18.2620174890035, 71.109999999404, 128.713943347989), (-16.8763507436379, 61.109999999404, 129.148137910766), (-16.8519461951219, 61.109999999404, 129.164407609766), (-16.7115130037419, 61.109999999404, 129.16791843955), (-16.6489361702115, 61.109999999404, 129.175427659574), (-16.5607784780441, 61.109999999404, 129.351743043906), (-16.5202594926814, 61.109999999404, 129.432781014635), (-16.5159574468271, 61.109999999404, 129.441385106383), (-18., 61.109999999404, 129.0133), (-18.0129755300586, 61.109999999404, 129.030600706754), (-18., 61.109999999404, 129.2633), (-18.1680863578222, 61.109999999404, 128.949167522188), (-18.2620174890035, 61.109999999404, 128.913943347989), (-16.8763507436379, 51.109999999404, 129.348137910766), (-16.8519461951219, 51.109999999404, 129.364407609766), (-16.7115130037419, 51.109999999404, 129.36791843955), (-16.6489361702115, 51.109999999404, 129.375427659575), (-16.5607784780441, 51.109999999404, 129.551743043906), (-16.5202594926814, 51.109999999404, 129.632781014635), (-16.5159574468271, 51.109999999404, 129.641385106383), (-18., 51.109999999404, 129.2133), (-18.0129755300586, 51.109999999404, 129.230600706754), (-18.1680863578222, 51.109999999404, 129.149167522189), (-18., 51.109999999404, 129.4633), (-18.2620174890035, 51.109999999404, 129.113943347989), (-16.8763507436379, 41.109999999404, 129.548137910766), (-16.8519461951219, 41.109999999404, 129.564407609766), (-16.7115130037419, 41.109999999404, 129.56791843955), (-16.6489361702115, 41.109999999404, 129.575427659575), (-16.5607784780441, 41.109999999404, 129.751743043906), (-16.5202594926814, 41.109999999404, 129.832781014636), (-16.5159574468271, 41.109999999404, 129.841385106383), (-18., 41.109999999404, 129.4133), (-18.0129755300586, 41.109999999404, 129.430600706754), (-18.1680863578222, 41.109999999404, 129.349167522189), (-18., 41.109999999404, 129.6633), (-18.2620174890035, 41.109999999404, 129.313943347989), (-16.8763507436379, 31.109999999404, 129.748137910766), (-16.8519461951219, 31.109999999404, 129.764407609766), (-16.7115130037419, 31.109999999404, 129.76791843955), (-16.6489361702115, 31.109999999404, 129.775427659575), (-16.5607784780441, 31.109999999404, 129.951743043907), (-16.5202594926814, 31.109999999404, 130.032781014636), (-16.5159574468271, 31.109999999404, 130.041385106383), (-18., 31.109999999404, 129.6133), (-18.0129755300586, 31.109999999404, 129.630600706754), (-18.1680863578222, 31.109999999404, 129.549167522189), (-18.2620174890035, 31.109999999404, 129.513943347989), (-18., 31.109999999404, 129.8633), (-16.8763507436379, 21.109999999404, 129.948137910766), (-16.8519461951219, 21.109999999404, 129.964407609766), (-16.7115130037419, 21.109999999404, 129.96791843955), (-16.6489361702115, 21.109999999404, 129.975427659575), (-16.5607784780441, 21.109999999404, 130.151743043907), (-18., 21.109999999404, 129.8133), (-16.5202594926814, 21.109999999404, 130.232781014636), (-16.5159574468271, 21.109999999404, 130.241385106383), (-18.0129755300586, 21.109999999404, 129.830600706754), (-18.1680863578222, 21.109999999404, 129.749167522189), (-18.2620174890035, 21.109999999404, 129.713943347989), (-18., 21.109999999404, 130.0633), (-16.8763507436379, 11.109999999404, 130.148137910766), (-16.8519461951219, 11.109999999404, 130.164407609766), (-16.7115130037419, 11.109999999404, 130.16791843955), (-16.6489361702115, 11.109999999404, 130.175427659575), (-16.5607784780441, 11.109999999404, 130.351743043907), (-18., 11.109999999404, 130.0133), (-18.0129755300586, 11.109999999404, 130.030600706754), (-16.5202594926814, 11.109999999404, 130.432781014636), (-16.5159574468271, 11.109999999404, 130.441385106383), (-18.1680863578222, 11.109999999404, 129.949167522189), (-18.2620174890035, 11.109999999404, 129.913943347989), (-18., 11.109999999404, 130.2633), (-16.8763507436379, 8.10999999940395, 130.208137910766), (-16.8519461951219, 8.10999999940395, 130.224407609766), (-16.7115130037419, 8.10999999940395, 130.22791843955), (-16.6489361702115, 8.10999999940395, 130.235427659575), (-16.5607784780441, 8.10999999940395, 130.411743043907), (-18., 8.10999999940395, 130.0733), (-18.0129755300586, 8.10999999940395, 130.090600706754), (-18.1680863578222, 8.10999999940395, 130.009167522189), (-16.5202594926814, 8.10999999940395, 130.492781014636), (-16.5159574468271, 8.10999999940395, 130.501385106383), (-18.2620174890035, 8.10999999940395, 129.973943347989), (-18., 8.10999999940395, 130.3233), (-16.8763507436379, 4.10999999940395, 130.288137910766), (-16.8519461951219, 4.10999999940395, 130.304407609766), (-16.7115130037419, 4.10999999940395, 130.30791843955), (-16.6489361702115, 4.10999999940395, 130.315427659575), (-16.5607784780441, 4.10999999940395, 130.491743043907), (-18., 4.10999999940395, 130.1533), (-18.0129755300586, 4.10999999940395, 130.170600706754), (-18.1680863578222, 4.10999999940395, 130.089167522189), (-16.5202594926814, 4.10999999940395, 130.572781014636), (-16.5159574468271, 4.10999999940395, 130.581385106383), (-18.2620174890035, 4.10999999940395, 130.053943347989), (-18., 4.10999999940395, 130.4033), (-16.8763507436379, 1.10999999940395, 130.348137910766), (-16.8519461951219, 1.10999999940395, 130.364407609766), (-16.7115130037419, 1.10999999940395, 130.36791843955), (-16.6489361702115, 1.10999999940395, 130.375427659575), (-16.5607784780441, 1.10999999940395, 130.551743043907), (-18., 1.10999999940395, 130.2133), (-18.0129755300586, 1.10999999940395, 130.230600706754), (-18.1680863578222, 1.10999999940395, 130.149167522189), (-16.5202594926814, 1.10999999940395, 130.632781014636), (-18.2620174890035, 1.10999999940395, 130.113943347989), (-16.5159574468271, 1.10999999940395, 130.641385106383), (-18., 1.10999999940395, 130.4633), (-16.8763507436379, 4.6999999973923E-1, 130.360937910767), (-16.8519461951219, 4.6999999973923E-1, 130.377207609766), (-16.7115130037419, 4.6999999973923E-1, 130.380718439551), (-16.6489361702115, 4.6999999973923E-1, 130.388227659575), (-18., 4.6999999973923E-1, 130.226100000001), (-16.5607784780441, 4.6999999973923E-1, 130.564543043907), (-18.0129755300586, 4.6999999973923E-1, 130.243400706755), (-18.1680863578222, 4.6999999973923E-1, 130.161967522189), (-18.2620174890035, 4.6999999973923E-1, 130.12674334799), (-16.5202594926814, 4.6999999973923E-1, 130.645581014636), (-16.5159574468271, 4.6999999973923E-1, 130.654185106384), (-18., 4.6999999973923E-1, 130.476100000001), (-16.8763507436379, 4.59999999962747E-1, 130.361137910767), (-16.8519461951219, 4.59999999962747E-1, 130.377407609767), (-16.7115130037419, 4.59999999962747E-1, 130.380918439551), (-16.6489361702115, 4.59999999962747E-1, 130.388427659575), (-18., 4.59999999962747E-1, 130.226300000001), (-16.5607784780441, 4.59999999962747E-1, 130.564743043907), (-18.0129755300586, 4.59999999962747E-1, 130.243600706755), (-18.1680863578222, 4.59999999962747E-1, 130.162167522189), (-18.2620174890035, 4.59999999962747E-1, 130.12694334799), (-16.5202594926814, 4.59999999962747E-1, 130.645781014636), (-16.5159574468271, 4.59999999962747E-1, 130.654385106384), (-18., 4.59999999962747E-1, 130.476300000001), (-16.8763507436379, 0., 130.370337910766), (-16.8519461951219, 0., 130.386607609766), (-16.7115130037419, 0., 130.39011843955), (-16.6489361702115, 0., 130.397627659574), (-18., 0., 130.2355), (-16.5607784780441, 0., 130.573943043906), (-18.0129755300586, 0., 130.252800706754), (-18.1680863578222, 0., 130.171367522188), (-18.2620174890035, 0., 130.136143347989), (-16.5202594926814, 0., 130.654981014635), (-16.5159574468271, 0., 130.663585106383), (-18., 0., 130.4855), (-16.8763507436379, -4.40000000409782E-1, 130.379137910767), (-16.8519461951219, -4.40000000409782E-1, 130.395407609767), (-16.7115130037419, -4.40000000409782E-1, 130.398918439551), (-16.6489361702115, -4.40000000409782E-1, 130.406427659576), (-18., -4.40000000409782E-1, 130.244300000001), (-16.5607784780441, -4.40000000409782E-1, 130.582743043908), (-18.0129755300586, -4.40000000409782E-1, 130.261600706755), (-18.1680863578222, -4.40000000409782E-1, 130.18016752219), (-18.2620174890035, -4.40000000409782E-1, 130.14494334799), (-16.5202594926814, -4.40000000409782E-1, 130.663781014637), (-16.5159574468271, -4.40000000409782E-1, 130.672385106384), (-18., -4.40000000409782E-1, 130.494300000001), (-16.8763507436379, -4.50000000186265E-1, 130.379337910767), (-16.8519461951219, -4.50000000186265E-1, 130.395607609767), (-16.7115130037419, -4.50000000186265E-1, 130.399118439552), (-16.6489361702115, -4.50000000186265E-1, 130.406627659576), (-18., -4.50000000186265E-1, 130.244500000001), (-16.5607784780441, -4.50000000186265E-1, 130.582943043908), (-18.0129755300586, -4.50000000186265E-1, 130.261800706755), (-18.1680863578222, -4.50000000186265E-1, 130.18036752219), (-18.2620174890035, -4.50000000186265E-1, 130.14514334799), (-16.5202594926814, -4.50000000186265E-1, 130.663981014637), (-16.5159574468271, -4.50000000186265E-1, 130.672585106384), (-18., -4.50000000186265E-1, 130.494500000001), (-16.8763507436379, -3.89000000059605, 130.448137910766), (-16.8519461951219, -3.89000000059605, 130.464407609766), (-16.7115130037419, -3.89000000059605, 130.46791843955), (-16.6489361702115, -3.89000000059605, 130.475427659575), (-18., -3.89000000059605, 130.3133), (-16.5607784780441, -3.89000000059605, 130.651743043907), (-18.0129755300586, -3.89000000059605, 130.330600706754), (-18.1680863578222, -3.89000000059605, 130.249167522189), (-18.2620174890035, -3.89000000059605, 130.213943347989), (-16.5202594926814, -3.89000000059605, 130.732781014636), (-16.5159574468271, -3.89000000059605, 130.741385106383), (-18., -3.89000000059605, 130.5633), (-16.8763507436379, -8.89000000059605, 130.548137910766), (-16.8519461951219, -8.89000000059605, 130.564407609766), (-16.7115130037419, -8.89000000059605, 130.56791843955), (-16.6489361702115, -8.89000000059605, 130.575427659575), (-18., -8.89000000059605, 130.4133), (-18.0129755300586, -8.89000000059605, 130.430600706754), (-16.5607784780441, -8.89000000059605, 130.751743043907), (-18.1680863578222, -8.89000000059605, 130.349167522189), (-18.2620174890035, -8.89000000059605, 130.313943347989), (-16.5202594926814, -8.89000000059605, 130.832781014636), (-16.5159574468271, -8.89000000059605, 130.841385106383), (-18., -8.89000000059605, 130.6633), (-16.8763507436379, -18.890000000596, 130.748137910766), (-16.8519461951219, -18.890000000596, 130.764407609766), (-16.7115130037419, -18.890000000596, 130.76791843955), (-16.6489361702115, -18.890000000596, 130.775427659575), (-18., -18.890000000596, 130.6133), (-18.0129755300586, -18.890000000596, 130.630600706754), (-18.1680863578222, -18.890000000596, 130.549167522189), (-16.5607784780441, -18.890000000596, 130.951743043907), (-18.2620174890035, -18.890000000596, 130.513943347989), (-16.5202594926814, -18.890000000596, 131.032781014636), (-16.5159574468271, -18.890000000596, 131.041385106383), (-18., -18.890000000596, 130.8633), (-16.8763507436379, -28.890000000596, 130.948137910766), (-16.8519461951219, -28.890000000596, 130.964407609766), (-16.7115130037419, -28.890000000596, 130.967918439551), (-16.6489361702115, -28.890000000596, 130.975427659575), (-18., -28.890000000596, 130.8133), (-18.0129755300586, -28.890000000596, 130.830600706754), (-18.1680863578222, -28.890000000596, 130.749167522189), (-18.2620174890035, -28.890000000596, 130.713943347989), (-16.5607784780441, -28.890000000596, 131.151743043907), (-16.5202594926814, -28.890000000596, 131.232781014636), (-16.5159574468271, -28.890000000596, 131.241385106383), (-18., -28.890000000596, 131.0633), (-16.8763507436379, -38.890000000596, 131.148137910766), (-16.8519461951219, -38.890000000596, 131.164407609766), (-16.7115130037419, -38.890000000596, 131.167918439551), (-16.6489361702115, -38.890000000596, 131.175427659575), (-18., -38.890000000596, 131.0133), (-18.1680863578222, -38.890000000596, 130.949167522189), (-18.0129755300586, -38.890000000596, 131.030600706755), (-18.2620174890035, -38.890000000596, 130.913943347989), (-16.5607784780441, -38.890000000596, 131.351743043907), (-16.5202594926814, -38.890000000596, 131.432781014636), (-16.5159574468271, -38.890000000596, 131.441385106383), (-18., -38.890000000596, 131.2633), (-16.8763507436379, -48.890000000596, 131.348137910766), (-16.8519461951219, -48.890000000596, 131.364407609766), (-16.7115130037419, -48.890000000596, 131.367918439551), (-16.6489361702115, -48.890000000596, 131.375427659575), (-18., -48.890000000596, 131.213300000001), (-18.1680863578222, -48.890000000596, 131.149167522189), (-18.0129755300586, -48.890000000596, 131.230600706755), (-18.2620174890035, -48.890000000596, 131.113943347989), (-16.5607784780441, -48.890000000596, 131.551743043907), (-16.5202594926814, -48.890000000596, 131.632781014636), (-16.5159574468271, -48.890000000596, 131.641385106383), (-18., -48.890000000596, 131.463300000001), (-16.8763507436379, -58.890000000596, 131.548137910767), (-16.8519461951219, -58.890000000596, 131.564407609767), (-16.7115130037419, -58.890000000596, 131.567918439551), (-16.6489361702115, -58.890000000596, 131.575427659575), (-18., -58.890000000596, 131.413300000001), (-18.1680863578222, -58.890000000596, 131.349167522189), (-18.2620174890035, -58.890000000596, 131.31394334799), (-18.0129755300586, -58.890000000596, 131.430600706755), (-16.5607784780441, -58.890000000596, 131.751743043907), (-16.5202594926814, -58.890000000596, 131.832781014636), (-16.5159574468271, -58.890000000596, 131.841385106384), (-18., -58.890000000596, 131.663300000001), (-16.8763507436379, -68.890000000596, 131.748137910767), (-16.8519461951219, -68.890000000596, 131.764407609767), (-16.7115130037419, -68.890000000596, 131.767918439551), (-16.6489361702115, -68.890000000596, 131.775427659575), (-18., -68.890000000596, 131.613300000001), (-18.1680863578222, -68.890000000596, 131.549167522189), (-18.2620174890035, -68.890000000596, 131.51394334799), (-18.0129755300586, -68.890000000596, 131.630600706755), (-16.5607784780441, -68.890000000596, 131.951743043907), (-16.5202594926814, -68.890000000596, 132.032781014636), (-18., -68.890000000596, 131.863300000001), (-16.5159574468271, -68.890000000596, 132.041385106384), (-16.8763507436379, -78.890000000596, 131.948137910767), (-16.8519461951219, -78.890000000596, 131.964407609767), (-16.7115130037419, -78.890000000596, 131.967918439551), (-16.6489361702115, -78.890000000596, 131.975427659575), (-18., -78.890000000596, 131.813300000001), (-18.1680863578222, -78.890000000596, 131.749167522189), (-18.2620174890035, -78.890000000596, 131.71394334799), (-18.0129755300586, -78.890000000596, 131.830600706755), (-16.5607784780441, -78.890000000596, 132.151743043907), (-18., -78.890000000596, 132.063300000001), (-16.5202594926814, -78.890000000596, 132.232781014636), (-16.5159574468271, -78.890000000596, 132.241385106384), (-16.8763507436379, -88.890000000596, 132.148137910767), (-16.8519461951219, -88.890000000596, 132.164407609767), (-16.7115130037419, -88.890000000596, 132.167918439551), (-16.6489361702115, -88.890000000596, 132.175427659575), (-18.1680863578222, -88.890000000596, 131.949167522189), (-18.2620174890035, -88.890000000596, 131.91394334799), (-18., -88.890000000596, 132.013300000001), (-18.0129755300586, -88.890000000596, 132.030600706755), (-16.5607784780441, -88.890000000596, 132.351743043907), (-18., -88.890000000596, 132.263300000001), (-16.5202594926814, -88.890000000596, 132.432781014636), (-16.5159574468271, -88.890000000596, 132.441385106384), (-16.8763507436379, -92.8500000005588, 132.227337910752), (-16.8519461951219, -92.8500000005588, 132.243607609752), (-16.7115130037419, -92.8500000005588, 132.247118439536), (-16.6489361702115, -92.8500000005588, 132.25462765956), (-18.1680863578222, -92.8500000005588, 132.028367522175), (-18.2620174890035, -92.8500000005588, 131.993143347975), (-18., -92.8500000005588, 132.092499999986), (-18.0129755300586, -92.8500000005588, 132.10980070674), (-16.5607784780441, -92.8500000005588, 132.430943043892), (-18., -92.8500000005588, 132.342499999986), (-16.5202594926814, -92.8500000005588, 132.511981014621), (-16.5159574468271, -92.8500000005588, 132.520585106369)));
#352 = IFCTRIANGULATEDFACESET(#351, $, .T., ((1, 7, 6), (8, 7, 1), (1, 6, 5), (8, 1, 2), (1, 5, 3), (8, 2, 9), (3, 5, 4), (8, 9, 10), (11, 8, 10), (12, 8, 11), (7, 22, 19), (7, 8, 22), (19, 22, 34), (19, 34, 31), (31, 34, 46), (31, 46, 43), (43, 46, 59), (43, 59, 55), (55, 59, 71), (55, 71, 67), (71, 79, 67), (71, 84, 79), (79, 84, 96), (79, 96, 92), (96, 105, 92), (96, 108, 105), (105, 108, 120), (105, 120, 118), (120, 130, 118), (120, 132, 130), (130, 132, 144), (130, 144, 143), (143, 144, 156), (143, 156, 155), (155, 156, 168), (155, 168, 167), (168, 179, 167), (168, 180, 179), (179, 180, 192), (179, 192, 191), (191, 192, 204), (191, 204, 203), (204, 215, 203), (204, 216, 215), (216, 227, 215), (216, 228, 227), (227, 228, 240), (227, 240, 239), (239, 240, 252), (239, 252, 251), (251, 252, 264), (251, 264, 263), (263, 264, 276), (263, 276, 275), (275, 276, 288), (275, 288, 287), (287, 288, 299), (287, 299, 300), (299, 312, 300), (299, 310, 312), (312, 310, 322), (312, 322, 324), (324, 322, 334), (324, 334, 336), (8, 24, 22), (8, 12, 24), (24, 34, 22), (24, 36, 34), (34, 36, 48), (34, 48, 46), (46, 48, 60), (46, 60, 59), (59, 60, 72), (59, 72, 71), (72, 84, 71), (72, 83, 84), (84, 83, 95), (84, 95, 96), (95, 108, 96), (95, 107, 108), (107, 120, 108), (107, 119, 120), (120, 119, 131), (120, 131, 132), (131, 144, 132), (131, 142, 144), (144, 142, 153), (144, 153, 156), (156, 153, 165), (156, 165, 168), (165, 180, 168), (165, 177, 180), (180, 177, 189), (180, 189, 192), (192, 189, 201), (192, 201, 204), (201, 216, 204), (201, 213, 216), (216, 213, 225), (216, 225, 228), (225, 240, 228), (225, 237, 240), (240, 237, 248), (240, 248, 252), (252, 248, 260), (252, 260, 264), (260, 276, 264), (260, 272, 276), (276, 272, 283), (276, 283, 288), (288, 283, 295), (288, 295, 299), (295, 310, 299), (295, 307, 310), (310, 307, 318), (310, 318, 322), (322, 318, 330), (322, 330, 334), (11, 24, 12), (11, 23, 24), (11, 21, 23), (24, 23, 35), (11, 10, 21), (21, 35, 23), (24, 35, 36), (21, 33, 35), (35, 48, 36), (35, 33, 45), (35, 47, 48), (35, 45, 47), (47, 60, 48), (45, 58, 47), (47, 58, 60), (45, 57, 58), (60, 58, 70), (58, 57, 69), (60, 70, 72), (58, 69, 70), (72, 70, 82), (70, 69, 81), (72, 82, 83), (70, 81, 82), (82, 95, 83), (81, 94, 82), (82, 94, 95), (81, 93, 94), (95, 94, 106), (94, 93, 103), (95, 106, 107), (94, 103, 106), (107, 106, 116), (106, 103, 115), (107, 116, 119), (106, 115, 116), (116, 131, 119), (115, 128, 116), (116, 128, 131), (115, 127, 128), (131, 128, 140), (128, 127, 139), (131, 140, 142), (128, 139, 140), (140, 153, 142), (139, 152, 140), (140, 152, 153), (139, 151, 152), (152, 165, 153), (151, 164, 152), (152, 164, 165), (151, 163, 164), (165, 164, 176), (164, 163, 175), (165, 176, 177), (164, 175, 176), (177, 176, 188), (175, 188, 176), (177, 188, 189), (175, 187, 188), (188, 201, 189), (187, 200, 188), (188, 200, 201), (187, 199, 200), (201, 200, 212), (200, 199, 211), (201, 212, 213), (200, 211, 212), (212, 225, 213), (211, 224, 212), (212, 224, 225), (211, 222, 224), (225, 224, 235), (222, 235, 224), (225, 235, 237), (222, 234, 235), (237, 235, 247), (235, 234, 246), (237, 247, 248), (235, 246, 247), (247, 260, 248), (246, 258, 247), (247, 258, 260), (246, 259, 258), (260, 258, 270), (258, 259, 271), (260, 270, 272), (258, 271, 270), (270, 283, 272), (271, 282, 270), (270, 282, 283), (271, 284, 282), (282, 295, 283), (284, 294, 282), (282, 294, 295), (284, 296, 294), (295, 294, 306), (294, 296, 308), (295, 306, 307), (294, 308, 306), (306, 318, 307), (308, 317, 306), (306, 317, 318), (308, 320, 317), (318, 317, 329), (320, 329, 317), (318, 329, 330), (320, 332, 329), (9, 21, 10), (9, 20, 21), (21, 20, 32), (21, 32, 33), (32, 45, 33), (32, 44, 45), (45, 44, 56), (45, 56, 57), (57, 56, 68), (57, 68, 69), (68, 81, 69), (68, 80, 81), (81, 80, 90), (81, 90, 93), (90, 103, 93), (90, 102, 103), (103, 102, 114), (103, 114, 115), (114, 127, 115), (114, 126, 127), (127, 126, 138), (127, 138, 139), (139, 138, 149), (139, 149, 151), (151, 149, 161), (151, 161, 163), (161, 175, 163), (161, 173, 175), (175, 173, 185), (175, 185, 187), (187, 185, 197), (187, 197, 199), (197, 211, 199), (197, 209, 211), (209, 222, 211), (209, 221, 222), (222, 221, 233), (222, 233, 234), (233, 246, 234), (233, 245, 246), (246, 245, 257), (246, 257, 259), (257, 271, 259), (257, 269, 271), (271, 269, 281), (271, 281, 284), (284, 281, 293), (284, 293, 296), (293, 308, 296), (293, 305, 308), (308, 305, 319), (308, 319, 320), (320, 319, 331), (320, 331, 332), (9, 13, 20), (9, 2, 13), (20, 13, 25), (20, 25, 32), (25, 44, 32), (25, 37, 44), (44, 37, 49), (44, 49, 56), (56, 49, 61), (56, 61, 68), (68, 61, 73), (68, 73, 80), (73, 90, 80), (73, 85, 90), (90, 85, 97), (90, 97, 102), (97, 114, 102), (97, 109, 114), (114, 109, 121), (114, 121, 126), (126, 121, 133), (126, 133, 138), (138, 133, 145), (138, 145, 149), (145, 161, 149), (145, 157, 161), (161, 157, 169), (161, 169, 173), (173, 169, 181), (173, 181, 185), (181, 197, 185), (181, 193, 197), (197, 193, 205), (197, 205, 209), (205, 221, 209), (205, 217, 221), (217, 233, 221), (217, 229, 233), (233, 229, 241), (233, 241, 245), (245, 241, 253), (245, 253, 257), (257, 253, 265), (257, 265, 269), (269, 265, 277), (269, 277, 281), (277, 293, 281), (277, 289, 293), (293, 289, 301), (293, 301, 305), (301, 319, 305), (301, 313, 319), (319, 313, 325), (319, 325, 331), (2, 14, 13), (2, 1, 14), (13, 14, 26), (13, 26, 25), (26, 37, 25), (26, 38, 37), (38, 49, 37), (38, 50, 49), (49, 50, 62), (49, 62, 61), (61, 62, 74), (61, 74, 73), (74, 85, 73), (74, 86, 85), (85, 86, 98), (85, 98, 97), (98, 109, 97), (98, 110, 109), (109, 110, 122), (109, 122, 121), (121, 122, 134), (121, 134, 133), (133, 134, 146), (133, 146, 145), (146, 157, 145), (146, 158, 157), (157, 158, 170), (157, 170, 169), (169, 170, 182), (169, 182, 181), (182, 193, 181), (182, 194, 193), (193, 194, 206), (193, 206, 205), (206, 217, 205), (206, 218, 217), (218, 229, 217), (218, 230, 229), (229, 230, 242), (229, 242, 241), (241, 242, 254), (241, 254, 253), (253, 254, 266), (253, 266, 265), (265, 266, 278), (265, 278, 277), (278, 289, 277), (278, 290, 289), (289, 290, 302), (289, 302, 301), (302, 313, 301), (302, 314, 313), (313, 314, 326), (313, 326, 325), (1, 15, 14), (1, 3, 15), (14, 15, 27), (3, 16, 15), (14, 27, 26), (15, 28, 27), (3, 4, 16), (15, 16, 28), (26, 27, 39), (27, 28, 40), (26, 39, 38), (27, 40, 39), (39, 50, 38), (40, 51, 39), (39, 51, 50), (40, 52, 51), (50, 51, 63), (51, 52, 64), (50, 63, 62), (51, 64, 63), (63, 74, 62), (64, 75, 63), (63, 75, 74), (64, 76, 75), (75, 86, 74), (76, 87, 75), (75, 87, 86), (76, 88, 87), (86, 87, 99), (87, 88, 100), (86, 99, 98), (87, 100, 99), (99, 110, 98), (100, 111, 99), (99, 111, 110), (100, 112, 111), (110, 111, 123), (111, 112, 124), (110, 123, 122), (111, 124, 123), (122, 123, 135), (123, 124, 136), (122, 135, 134), (123, 136, 135), (134, 135, 147), (135, 136, 148), (134, 147, 146), (135, 148, 147), (147, 158, 146), (148, 159, 147), (147, 159, 158), (148, 160, 159), (158, 159, 171), (159, 160, 172), (158, 171, 170), (159, 172, 171), (170, 171, 183), (171, 172, 184), (170, 183, 182), (171, 184, 183), (183, 194, 182), (184, 195, 183), (183, 195, 194), (184, 196, 195), (194, 195, 207), (195, 196, 208), (194, 207, 206), (195, 208, 207), (207, 218, 206), (208, 219, 207), (207, 219, 218), (208, 220, 219), (218, 219, 231), (219, 220, 232), (218, 231, 230), (219, 232, 231), (230, 231, 243), (231, 232, 244), (230, 243, 242), (231, 244, 243), (242, 243, 255), (243, 244, 256), (242, 255, 254), (243, 256, 255), (254, 255, 267), (255, 256, 268), (254, 267, 266), (255, 268, 267), (266, 267, 279), (267, 268, 280), (266, 279, 278), (267, 280, 279), (279, 290, 278), (280, 291, 279), (279, 291, 290), (280, 292, 291), (290, 291, 303), (291, 292, 304), (290, 303, 302), (291, 304, 303), (303, 314, 302), (304, 315, 303), (303, 315, 314), (304, 316, 315), (314, 315, 327), (315, 316, 328), (314, 327, 326), (315, 328, 327), (4, 17, 16), (4, 5, 17), (16, 17, 29), (5, 18, 17), (16, 29, 28), (17, 30, 29), (5, 6, 18), (17, 18, 30), (29, 40, 28), (30, 41, 29), (6, 19, 18), (18, 31, 30), (29, 41, 40), (30, 42, 41), (6, 7, 19), (18, 19, 31), (30, 31, 43), (41, 52, 40), (30, 43, 42), (42, 53, 41), (41, 53, 52), (43, 54, 42), (42, 54, 53), (52, 53, 65), (43, 55, 54), (53, 54, 66), (52, 65, 64), (53, 66, 65), (54, 55, 67), (54, 67, 66), (64, 65, 77), (65, 66, 78), (66, 67, 79), (64, 77, 76), (65, 78, 77), (66, 79, 78), (77, 88, 76), (78, 89, 77), (79, 91, 78), (77, 89, 88), (78, 91, 89), (79, 92, 91), (88, 89, 101), (89, 91, 104), (91, 92, 105), (88, 101, 100), (89, 104, 101), (91, 105, 104), (101, 112, 100), (101, 104, 117), (104, 105, 118), (101, 113, 112), (101, 117, 113), (104, 118, 117), (113, 124, 112), (117, 125, 113), (118, 129, 117), (113, 125, 124), (117, 129, 125), (118, 130, 129), (124, 125, 137), (125, 129, 141), (129, 130, 143), (124, 137, 136), (125, 141, 137), (129, 143, 141), (136, 137, 150), (137, 141, 154), (141, 143, 155), (136, 150, 148), (137, 154, 150), (141, 155, 154), (150, 160, 148), (154, 162, 150), (155, 166, 154), (150, 162, 160), (154, 166, 162), (155, 167, 166), (160, 162, 174), (162, 166, 178), (166, 167, 179), (160, 174, 172), (162, 178, 174), (166, 179, 178), (172, 174, 186), (174, 178, 190), (178, 179, 191), (172, 186, 184), (174, 190, 186), (178, 191, 190), (186, 196, 184), (190, 198, 186), (191, 202, 190), (186, 198, 196), (190, 202, 198), (191, 203, 202), (196, 198, 210), (198, 202, 214), (202, 203, 215), (196, 210, 208), (198, 214, 210), (202, 215, 214), (210, 220, 208), (214, 223, 210), (215, 226, 214), (210, 223, 220), (214, 226, 223), (215, 227, 226), (220, 223, 236), (223, 226, 238), (226, 227, 239), (220, 236, 232), (223, 238, 236), (226, 239, 238), (232, 236, 249), (236, 238, 250), (238, 239, 251), (232, 249, 244), (236, 250, 249), (238, 251, 250), (244, 249, 261), (249, 250, 262), (250, 251, 263), (244, 261, 256), (249, 262, 261), (250, 263, 262), (261, 268, 256), (262, 273, 261), (262, 263, 275), (261, 273, 268), (262, 274, 273), (262, 275, 274), (268, 273, 285), (273, 274, 286), (274, 275, 287), (268, 285, 280), (273, 286, 285), (274, 287, 286), (285, 292, 280), (286, 297, 285), (287, 298, 286), (285, 297, 292), (286, 298, 297), (287, 300, 298), (292, 297, 309), (297, 298, 311), (298, 300, 312), (292, 309, 304), (297, 311, 309), (298, 312, 311), (309, 316, 304), (311, 321, 309), (312, 323, 311), (309, 321, 316), (311, 323, 321), (312, 324, 323), (316, 321, 333), (321, 323, 335), (323, 324, 336), (316, 333, 328), (321, 335, 333), (323, 336, 335), (336, 326, 335), (336, 334, 326), (335, 326, 333), (326, 334, 325), (333, 326, 327), (325, 334, 331), (333, 327, 328), (331, 334, 332), (334, 329, 332), (334, 330, 329)), $);
#353 = IFCCOLOURRGB($, 6.90195977687836E-1, 1., 6.90195977687836E-1);
#354 = IFCSURFACESTYLERENDERING(#353, 0., $, $, $, $, $, $, .FLAT.);
#355 = IFCSURFACESTYLE('m:b0ffb0ff', .BOTH., (#354));
#356 = IFCPRESENTATIONSTYLEASSIGNMENT((#355));
#357 = IFCSTYLEDITEM(#352, (#356), $);
#358 = IFCSHAPEREPRESENTATION(#24, 'Body', 'Tessellation', (#352));
#359 = IFCPRODUCTDEFINITIONSHAPE($, $, (#358));
#360 = IFCDIRECTION((1., 0., 0.));
#361 = IFCDIRECTION((0., 0., 1.));
#362 = IFCCARTESIANPOINT((0., 0., 0.));
#363 = IFCAXIS2PLACEMENT3D(#362, #361, #360);
#364 = IFCLOCALPLACEMENT(#349, #363);
#365 = IFCBUILDINGELEMENTPROXY('1gAtBrmYDF5P0ExmVnjkyH', #5, '670960,000-671143,960', '670960,000-671143,960', $, #364, #359, $, $);
#366 = IFCMATERIAL('Bankettschotter', $, $);
#367 = IFCRELASSOCIATESMATERIAL('3sLBiTUIn6JO7mW_t5eHFx', #5, 'Bankettschotter', $, (#365, #423, #851, #907), #366);
#368 = IFCRELCONTAINEDINSPATIALSTRUCTURE('38L_fQBH18KP6lh6s8mQzq', #5, $, $, (#365), #350);
#369 = IFCPROPERTYSINGLEVALUE('BauphaseEnde', $, IFCTEXT('2'), $);
#370 = IFCPROPERTYSINGLEVALUE('Bauphase', $, IFCTEXT('1'), $);
#371 = IFCPROPERTYSINGLEVALUE('BauphaseStart', $, IFCTEXT('1'), $);
#372 = IFCPROPERTYSET('23NCW3jKf8WBxkSknceqgc', #5, 'Bauphase', $, (#369, #370, #371));
#373 = IFCRELDEFINESBYPROPERTIES('1RbBn88lX3zQJO3fKCD66e', #5, 'Bauphase', $, (#365), #372);
#374 = IFCPROPERTYSINGLEVALUE('Material', $, IFCTEXT('Bankettschotter_0/32'), $);
#375 = IFCPROPERTYSET('0qb8X7YgH18erOUcMTILf9', #5, 'Baustoff', $, (#374));
#376 = IFCRELDEFINESBYPROPERTIES('30N9PfDL10GArFSBQ8PeHY', #5, 'Baustoff', $, (#365), #375);
#377 = IFCPROPERTYSINGLEVALUE('Planer', $, IFCTEXT('Schuessler-Plan'), $);
#378 = IFCPROPERTYSINGLEVALUE('Quelle/Herkunft_Daten', $, IFCTEXT('card_1'), $);
#379 = IFCPROPERTYSINGLEVALUE('Bemerkungen', $, IFCTEXT('NotDefined'), $);
#380 = IFCPROPERTYSINGLEVALUE('LOG', $, IFCINTEGER(200), $);
#381 = IFCPROPERTYSINGLEVALUE('KBK_Nr', $, IFCTEXT('5.112.9.020'), $);
#382 = IFCPROPERTYSINGLEVALUE('Planungsnormen', $, IFCTEXT('ZTV SoB 04/07'), $);
#383 = IFCPROPERTYSINGLEVALUE('Bauteil', $, IFCTEXT('Bankett'), $);
#384 = IFCPROPERTYSINGLEVALUE('Dicke', $, IFCLENGTHMEASURE(2.5E-1), $);
#385 = IFCPROPERTYSINGLEVALUE('LOI', $, IFCINTEGER(200), $);
#386 = IFCPROPERTYSET('3JnsvmwwHD0PZwOunXrCC0', #5, 'Bauteilinformation', $, (#377, #378, #379, #380, #381, #382, #383, #384, #385));
#387 = IFCRELDEFINESBYPROPERTIES('1eU8Qm9WfFVBmrQIvoSWHS', #5, 'Bauteilinformation', $, (#365), #386);
#388 = IFCPROPERTYSINGLEVALUE('Objekttyp', $, IFCTEXT('Bankett'), $);
#389 = IFCPROPERTYSINGLEVALUE('Objektklasse', $, IFCTEXT('Bankett'), $);
#390 = IFCPROPERTYSINGLEVALUE('Objektgruppe', $, IFCTEXT('Fahrbahnschicht'), $);
#391 = IFCPROPERTYSET('0AP7WOHSjCEuwJsk2Emj9W', #5, 'Klassifizierung', $, (#388, #389, #390));
#392 = IFCRELDEFINESBYPROPERTIES('19m0hQ6dPEYwJVT_QZVoEn', #5, 'Klassifizierung', $, (#365), #391);
#393 = IFCPROPERTYSINGLEVALUE('Bauabschnitt', $, IFCTEXT('1'), $);
#394 = IFCPROPERTYSINGLEVALUE('Bereich', $, IFCTEXT('Sueden'), $);
#395 = IFCPROPERTYSINGLEVALUE('StationierungBis', $, IFCTEXT('671+143,960'), $);
#396 = IFCPROPERTYSINGLEVALUE('StationierungVon', $, IFCTEXT('670+960,000'), $);
#397 = IFCPROPERTYSINGLEVALUE('Von_BauKM', $, IFCLENGTHMEASURE(670960.), $);
#398 = IFCPROPERTYSINGLEVALUE('Achse', $, IFCTEXT('1'), $);
#399 = IFCPROPERTYSINGLEVALUE('Ebene', $, IFCTEXT('1'), $);
#400 = IFCPROPERTYSINGLEVALUE('Bis_BauKM', $, IFCLENGTHMEASURE(671143.96), $);
#401 = IFCPROPERTYSET('0lDF2UCfT9kg3wjkuXwFda', #5, 'Lage', $, (#393, #394, #395, #396, #397, #398, #399, #400));
#402 = IFCRELDEFINESBYPROPERTIES('20SdLK23b93gSFsnRuCA09', #5, 'Lage', $, (#365), #401);
#403 = IFCDIRECTION((1., 0., 0.));
#404 = IFCDIRECTION((0., 0., 1.));
#405 = IFCCARTESIANPOINT((0., 0., 0.));
#406 = IFCAXIS2PLACEMENT3D(#405, #404, #403);
#407 = IFCLOCALPLACEMENT(#282, #406);
#408 = IFCBUILDINGSTOREY('2I99ovY0bAOOVqhLb7yh72', #5, 'Bankett_innen_L', $, $, #407, $, $, $, $);
#409 = IFCCARTESIANPOINTLIST3D(((0., 91.109999999404, 129.0758), (0., 91.109999999404, 128.8258), (-3.75E-1, 91.109999999404, 129.08205), (-3.75E-1, 91.109999999404, 128.83205), (-7.5E-1, 91.109999999404, 129.1008), (-7.5E-1, 91.109999999404, 128.8508), (-1.125, 91.109999999404, 129.13205), (-1.125, 91.109999999404, 128.88205), (-1.5, 91.109999999404, 129.1758), (-1.5, 91.109999999404, 128.9258), (-1.63614162022714, 91.109999999404, 128.933968497215), (-1.6518055627821, 91.109999999404, 128.944411125574), (-1.76360311347526, 91.109999999404, 128.941616186807), (-1.85567010310479, 91.109999999404, 128.947140206185), (-1.9407222251175, 91.109999999404, 129.117244450229), (-1.98024074168643, 91.109999999404, 129.19628148341), (-1.98453608248383, 91.109999999404, 129.204872164948), (0., 81.109999999404, 129.0258), (0., 81.109999999404, 129.2758), (-3.75E-1, 81.109999999404, 129.03205), (-3.75E-1, 81.109999999404, 129.28205), (-7.5E-1, 81.109999999404, 129.0508), (-7.5E-1, 81.109999999404, 129.3008), (-1.125, 81.109999999404, 129.08205), (-1.125, 81.109999999404, 129.33205), (-1.5, 81.109999999404, 129.1258), (-1.5, 81.109999999404, 129.3758), (-1.63614162022714, 81.109999999404, 129.133968497215), (-1.6518055627821, 81.109999999404, 129.144411125574), (-1.76360311347526, 81.109999999404, 129.141616186807), (-1.85567010310479, 81.109999999404, 129.147140206185), (-1.9407222251175, 81.109999999404, 129.31724445023), (-1.98024074168643, 81.109999999404, 129.39628148341), (-1.98453608248383, 81.109999999404, 129.404872164948), (0., 71.109999999404, 129.2258), (0., 71.109999999404, 129.4758), (-3.75E-1, 71.109999999404, 129.23205), (-3.75E-1, 71.109999999404, 129.48205), (-7.5E-1, 71.109999999404, 129.2508), (-7.5E-1, 71.109999999404, 129.5008), (-1.125, 71.109999999404, 129.28205), (-1.125, 71.109999999404, 129.53205), (-1.5, 71.109999999404, 129.3258), (-1.5, 71.109999999404, 129.5758), (-1.63614162022714, 71.109999999404, 129.333968497215), (-1.6518055627821, 71.109999999404, 129.344411125574), (-1.76360311347526, 71.109999999404, 129.341616186807), (-1.85567010310479, 71.109999999404, 129.347140206185), (-1.9407222251175, 71.109999999404, 129.51724445023), (-1.98024074168643, 71.109999999404, 129.59628148341), (-1.98453608248383, 71.109999999404, 129.604872164948), (0., 61.109999999404, 129.4258), (-3.75E-1, 61.109999999404, 129.43205), (0., 61.109999999404, 129.6758), (-3.75E-1, 61.109999999404, 129.68205), (-7.5E-1, 61.109999999404, 129.4508), (-7.5E-1, 61.109999999404, 129.7008), (-1.125, 61.109999999404, 129.48205), (-1.125, 61.109999999404, 129.73205), (-1.5, 61.109999999404, 129.5258), (-1.5, 61.109999999404, 129.7758), (-1.63614162022714, 61.109999999404, 129.533968497215), (-1.6518055627821, 61.109999999404, 129.544411125574), (-1.76360311347526, 61.109999999404, 129.541616186807), (-1.85567010310479, 61.109999999404, 129.547140206186), (-1.9407222251175, 61.109999999404, 129.71724445023), (-1.98024074168643, 61.109999999404, 129.79628148341), (-1.98453608248383, 61.109999999404, 129.804872164948), (0., 51.109999999404, 129.6258), (-3.75E-1, 51.109999999404, 129.63205), (0., 51.109999999404, 129.8758), (-3.75E-1, 51.109999999404, 129.88205), (-7.5E-1, 51.109999999404, 129.6508), (-7.5E-1, 51.109999999404, 129.9008), (-1.125, 51.109999999404, 129.68205), (-1.125, 51.109999999404, 129.93205), (-1.5, 51.109999999404, 129.7258), (-1.5, 51.109999999404, 129.9758), (-1.63614162022714, 51.109999999404, 129.733968497215), (-1.6518055627821, 51.109999999404, 129.744411125574), (-1.76360311347526, 51.109999999404, 129.741616186807), (-1.85567010310479, 51.109999999404, 129.747140206186), (-1.9407222251175, 51.109999999404, 129.91724445023), (-1.98024074168643, 51.109999999404, 129.99628148341), (-1.98453608248383, 51.109999999404, 130.004872164948), (0., 41.109999999404, 129.8258), (-3.75E-1, 41.109999999404, 129.83205), (0., 41.109999999404, 130.0758), (-3.75E-1, 41.109999999404, 130.08205), (-7.5E-1, 41.109999999404, 129.8508), (-7.5E-1, 41.109999999404, 130.1008), (-1.125, 41.109999999404, 129.88205), (-1.125, 41.109999999404, 130.13205), (-1.5, 41.109999999404, 129.9258), (-1.63614162022714, 41.109999999404, 129.933968497215), (-1.5, 41.109999999404, 130.1758), (-1.6518055627821, 41.109999999404, 129.944411125574), (-1.76360311347526, 41.109999999404, 129.941616186807), (-1.85567010310479, 41.109999999404, 129.947140206186), (-1.9407222251175, 41.109999999404, 130.11724445023), (-1.98024074168643, 41.109999999404, 130.19628148341), (-1.98453608248383, 41.109999999404, 130.204872164948), (0., 31.109999999404, 130.0258), (-3.75E-1, 31.109999999404, 130.03205), (0., 31.109999999404, 130.2758), (-7.5E-1, 31.109999999404, 130.0508), (-3.75E-1, 31.109999999404, 130.28205), (-7.5E-1, 31.109999999404, 130.3008), (-1.125, 31.109999999404, 130.08205), (-1.125, 31.109999999404, 130.33205), (-1.5, 31.109999999404, 130.1258), (-1.63614162022714, 31.109999999404, 130.133968497215), (-1.6518055627821, 31.109999999404, 130.144411125574), (-1.5, 31.109999999404, 130.3758), (-1.76360311347526, 31.109999999404, 130.141616186808), (-1.85567010310479, 31.109999999404, 130.147140206186), (-1.9407222251175, 31.109999999404, 130.31724445023), (-1.98024074168643, 31.109999999404, 130.39628148341), (-1.98453608248383, 31.109999999404, 130.404872164949), (0., 21.109999999404, 130.2258), (-3.75E-1, 21.109999999404, 130.23205), (-7.5E-1, 21.109999999404, 130.2508), (0., 21.109999999404, 130.4758), (-3.75E-1, 21.109999999404, 130.48205), (-7.5E-1, 21.109999999404, 130.5008), (-1.125, 21.109999999404, 130.28205), (-1.125, 21.109999999404, 130.53205), (-1.5, 21.109999999404, 130.3258), (-1.63614162022714, 21.109999999404, 130.333968497215), (-1.6518055627821, 21.109999999404, 130.344411125574), (-1.5, 21.109999999404, 130.5758), (-1.76360311347526, 21.109999999404, 130.341616186808), (-1.85567010310479, 21.109999999404, 130.347140206186), (-1.9407222251175, 21.109999999404, 130.51724445023), (-1.98024074168643, 21.109999999404, 130.59628148341), (-1.98453608248383, 21.109999999404, 130.604872164949), (0., 11.109999999404, 130.4258), (-3.75E-1, 11.109999999404, 130.43205), (-7.5E-1, 11.109999999404, 130.4508), (0., 11.109999999404, 130.6758), (-3.75E-1, 11.109999999404, 130.68205), (-7.5E-1, 11.109999999404, 130.7008), (-1.125, 11.109999999404, 130.48205), (-1.125, 11.109999999404, 130.73205), (-1.5, 11.109999999404, 130.5258), (-1.63614162022714, 11.109999999404, 130.533968497215), (-1.6518055627821, 11.109999999404, 130.544411125574), (-1.5, 11.109999999404, 130.7758), (-1.76360311347526, 11.109999999404, 130.541616186808), (-1.85567010310479, 11.109999999404, 130.547140206186), (-1.9407222251175, 11.109999999404, 130.71724445023), (-1.98024074168643, 11.109999999404, 130.79628148341), (-1.98453608248383, 11.109999999404, 130.804872164949), (0., 8.10999999940395, 130.4858), (-3.75E-1, 8.10999999940395, 130.49205), (-7.5E-1, 8.10999999940395, 130.5108), (0., 8.10999999940395, 130.7358), (-3.75E-1, 8.10999999940395, 130.74205), (-7.5E-1, 8.10999999940395, 130.7608), (-1.125, 8.10999999940395, 130.54205), (-1.125, 8.10999999940395, 130.79205), (-1.5, 8.10999999940395, 130.5858), (-1.63614162022714, 8.10999999940395, 130.593968497215), (-1.6518055627821, 8.10999999940395, 130.604411125574), (-1.5, 8.10999999940395, 130.8358), (-1.76360311347526, 8.10999999940395, 130.601616186808), (-1.85567010310479, 8.10999999940395, 130.607140206186), (-1.9407222251175, 8.10999999940395, 130.77724445023), (-1.98024074168643, 8.10999999940395, 130.85628148341), (-1.98453608248383, 8.10999999940395, 130.864872164949), (0., 4.10999999940395, 130.5658), (-3.75E-1, 4.10999999940395, 130.57205), (-7.5E-1, 4.10999999940395, 130.5908), (0., 4.10999999940395, 130.8158), (-3.75E-1, 4.10999999940395, 130.82205), (-1.125, 4.10999999940395, 130.62205), (-7.5E-1, 4.10999999940395, 130.8408), (-1.125, 4.10999999940395, 130.87205), (-1.5, 4.10999999940395, 130.6658), (-1.63614162022714, 4.10999999940395, 130.673968497215), (-1.6518055627821, 4.10999999940395, 130.684411125574), (-1.5, 4.10999999940395, 130.9158), (-1.76360311347526, 4.10999999940395, 130.681616186808), (-1.85567010310479, 4.10999999940395, 130.687140206186), (-1.9407222251175, 4.10999999940395, 130.85724445023), (-1.98024074168643, 4.10999999940395, 130.93628148341), (-1.98453608248383, 4.10999999940395, 130.944872164949), (0., 1.10999999940395, 130.6258), (-3.75E-1, 1.10999999940395, 130.63205), (-7.5E-1, 1.10999999940395, 130.6508), (0., 1.10999999940395, 130.8758), (-3.75E-1, 1.10999999940395, 130.88205), (-1.125, 1.10999999940395, 130.68205), (-7.5E-1, 1.10999999940395, 130.9008), (-1.125, 1.10999999940395, 130.93205), (-1.5, 1.10999999940395, 130.7258), (-1.63614162022714, 1.10999999940395, 130.733968497215), (-1.6518055627821, 1.10999999940395, 130.744411125574), (-1.5, 1.10999999940395, 130.9758), (-1.76360311347526, 1.10999999940395, 130.741616186808), (-1.85567010310479, 1.10999999940395, 130.747140206186), (-1.9407222251175, 1.10999999940395, 130.91724445023), (-1.98024074168643, 1.10999999940395, 130.99628148341), (-1.98453608248383, 1.10999999940395, 131.004872164949), (0., 4.6999999973923E-1, 130.638600000001), (-3.75E-1, 4.6999999973923E-1, 130.644850000001), (-7.5E-1, 4.6999999973923E-1, 130.663600000001), (0., 4.6999999973923E-1, 130.888600000001), (-3.75E-1, 4.6999999973923E-1, 130.894850000001), (-1.125, 4.6999999973923E-1, 130.694850000001), (-7.5E-1, 4.6999999973923E-1, 130.913600000001), (0., 4.59999999962747E-1, 130.638800000001), (-3.75E-1, 4.59999999962747E-1, 130.645050000001), (-1.125, 4.6999999973923E-1, 130.944850000001), (-7.5E-1, 4.59999999962747E-1, 130.663800000001), (-1.5, 4.6999999973923E-1, 130.738600000001), (0., 4.59999999962747E-1, 130.888800000001), (-3.75E-1, 4.59999999962747E-1, 130.895050000001), (-1.63614162022714, 4.6999999973923E-1, 130.746768497215), (-1.6518055627821, 4.6999999973923E-1, 130.757211125575), (-1.125, 4.59999999962747E-1, 130.695050000001), (-7.5E-1, 4.59999999962747E-1, 130.913800000001), (-1.5, 4.6999999973923E-1, 130.988600000001), (-1.76360311347526, 4.6999999973923E-1, 130.754416186808), (-1.85567010310479, 4.6999999973923E-1, 130.759940206186), (-1.125, 4.59999999962747E-1, 130.945050000001), (-1.5, 4.59999999962747E-1, 130.738800000001), (-1.9407222251175, 4.6999999973923E-1, 130.93004445023), (-1.63614162022714, 4.59999999962747E-1, 130.746968497216), (-1.6518055627821, 4.59999999962747E-1, 130.757411125575), (-1.98024074168643, 4.6999999973923E-1, 131.00908148341), (-1.98453608248383, 4.6999999973923E-1, 131.017672164949), (-1.5, 4.59999999962747E-1, 130.988800000001), (-1.76360311347526, 4.59999999962747E-1, 130.754616186808), (-1.85567010310479, 4.59999999962747E-1, 130.760140206186), (-1.9407222251175, 4.59999999962747E-1, 130.93024445023), (-1.98024074168643, 4.59999999962747E-1, 131.009281483411), (-1.98453608248383, 4.59999999962747E-1, 131.017872164949), (0., 0., 130.648), (-3.75E-1, 0., 130.65425), (-7.5E-1, 0., 130.673), (0., 0., 130.898), (-3.75E-1, 0., 130.90425), (-1.125, 0., 130.70425), (-7.5E-1, 0., 130.923), (-1.125, 0., 130.95425), (-1.5, 0., 130.748), (-1.63614162022714, 0., 130.756168497215), (-1.6518055627821, 0., 130.766611125574), (-1.5, 0., 130.998), (-1.76360311347526, 0., 130.763816186807), (-1.85567010310479, 0., 130.769340206186), (-1.9407222251175, 0., 130.93944445023), (-1.98024074168643, 0., 131.01848148341), (-1.98453608248383, 0., 131.027072164948), (0., -4.40000000409782E-1, 130.656800000001), (-3.75E-1, -4.40000000409782E-1, 130.663050000001), (-7.5E-1, -4.40000000409782E-1, 130.681800000001), (0., -4.40000000409782E-1, 130.906800000001), (-3.75E-1, -4.40000000409782E-1, 130.913050000001), (-1.125, -4.40000000409782E-1, 130.713050000001), (-7.5E-1, -4.40000000409782E-1, 130.931800000001), (0., -4.50000000186265E-1, 130.657000000001), (-3.75E-1, -4.50000000186265E-1, 130.663250000001), (-1.125, -4.40000000409782E-1, 130.963050000001), (-7.5E-1, -4.50000000186265E-1, 130.682000000001), (-1.5, -4.40000000409782E-1, 130.756800000001), (0., -4.50000000186265E-1, 130.907000000001), (-3.75E-1, -4.50000000186265E-1, 130.913250000001), (-1.63614162022714, -4.40000000409782E-1, 130.764968497216), (-1.6518055627821, -4.40000000409782E-1, 130.775411125575), (-1.125, -4.50000000186265E-1, 130.713250000001), (-7.5E-1, -4.50000000186265E-1, 130.932000000001), (-1.5, -4.40000000409782E-1, 131.006800000001), (-1.76360311347526, -4.40000000409782E-1, 130.772616186809), (-1.85567010310479, -4.40000000409782E-1, 130.778140206187), (-1.125, -4.50000000186265E-1, 130.963250000001), (-1.5, -4.50000000186265E-1, 130.757000000001), (-1.9407222251175, -4.40000000409782E-1, 130.948244450231), (-1.63614162022714, -4.50000000186265E-1, 130.765168497216), (-1.6518055627821, -4.50000000186265E-1, 130.775611125576), (-1.98024074168643, -4.40000000409782E-1, 131.027281483411), (-1.98453608248383, -4.40000000409782E-1, 131.03587216495), (-1.5, -4.50000000186265E-1, 131.007000000001), (-1.76360311347526, -4.50000000186265E-1, 130.772816186809), (-1.85567010310479, -4.50000000186265E-1, 130.778340206187), (-1.9407222251175, -4.50000000186265E-1, 130.948444450231), (-1.98024074168643, -4.50000000186265E-1, 131.027481483411), (-1.98453608248383, -4.50000000186265E-1, 131.03607216495), (0., -3.89000000059605, 130.7258), (-3.75E-1, -3.89000000059605, 130.73205), (-7.5E-1, -3.89000000059605, 130.7508), (0., -3.89000000059605, 130.9758), (-3.75E-1, -3.89000000059605, 130.98205), (-1.125, -3.89000000059605, 130.78205), (-7.5E-1, -3.89000000059605, 131.0008), (-1.125, -3.89000000059605, 131.03205), (-1.5, -3.89000000059605, 130.8258), (-1.63614162022714, -3.89000000059605, 130.833968497215), (-1.6518055627821, -3.89000000059605, 130.844411125574), (-1.76360311347526, -3.89000000059605, 130.841616186808), (-1.5, -3.89000000059605, 131.0758), (-1.85567010310479, -3.89000000059605, 130.847140206186), (-1.9407222251175, -3.89000000059605, 131.01724445023), (-1.98024074168643, -3.89000000059605, 131.09628148341), (-1.98453608248383, -3.89000000059605, 131.104872164949), (0., -8.89000000059605, 130.8258), (-3.75E-1, -8.89000000059605, 130.83205), (-7.5E-1, -8.89000000059605, 130.8508), (0., -8.89000000059605, 131.0758), (-3.75E-1, -8.89000000059605, 131.08205), (-1.125, -8.89000000059605, 130.88205), (-7.5E-1, -8.89000000059605, 131.1008), (-1.125, -8.89000000059605, 131.13205), (-1.5, -8.89000000059605, 130.9258), (-1.63614162022714, -8.89000000059605, 130.933968497215), (-1.6518055627821, -8.89000000059605, 130.944411125575), (-1.76360311347526, -8.89000000059605, 130.941616186808), (-1.5, -8.89000000059605, 131.1758), (-1.85567010310479, -8.89000000059605, 130.947140206186), (-1.9407222251175, -8.89000000059605, 131.11724445023), (-1.98024074168643, -8.89000000059605, 131.19628148341), (-1.98453608248383, -8.89000000059605, 131.204872164949), (0., -18.890000000596, 131.0258), (-3.75E-1, -18.890000000596, 131.03205), (-7.5E-1, -18.890000000596, 131.0508), (0., -18.890000000596, 131.2758), (-3.75E-1, -18.890000000596, 131.28205), (-1.125, -18.890000000596, 131.08205), (-7.5E-1, -18.890000000596, 131.3008), (-1.125, -18.890000000596, 131.33205), (-1.5, -18.890000000596, 131.1258), (-1.63614162022714, -18.890000000596, 131.133968497215), (-1.6518055627821, -18.890000000596, 131.144411125575), (-1.76360311347526, -18.890000000596, 131.141616186808), (-1.5, -18.890000000596, 131.3758), (-1.85567010310479, -18.890000000596, 131.147140206186), (-1.9407222251175, -18.890000000596, 131.31724445023), (-1.98024074168643, -18.890000000596, 131.39628148341), (-1.98453608248383, -18.890000000596, 131.404872164949), (0., -28.890000000596, 131.2258), (-3.75E-1, -28.890000000596, 131.23205), (-7.5E-1, -28.890000000596, 131.2508), (0., -28.890000000596, 131.4758), (-3.75E-1, -28.890000000596, 131.48205), (-1.125, -28.890000000596, 131.28205), (-7.5E-1, -28.890000000596, 131.5008), (-1.125, -28.890000000596, 131.53205), (-1.5, -28.890000000596, 131.3258), (-1.63614162022714, -28.890000000596, 131.333968497215), (-1.6518055627821, -28.890000000596, 131.344411125575), (-1.76360311347526, -28.890000000596, 131.341616186808), (-1.5, -28.890000000596, 131.5758), (-1.85567010310479, -28.890000000596, 131.347140206186), (-1.9407222251175, -28.890000000596, 131.51724445023), (-1.98024074168643, -28.890000000596, 131.59628148341), (-1.98453608248383, -28.890000000596, 131.604872164949), (0., -38.890000000596, 131.4258), (-3.75E-1, -38.890000000596, 131.43205), (-7.5E-1, -38.890000000596, 131.4508), (0., -38.890000000596, 131.6758), (-3.75E-1, -38.890000000596, 131.68205), (-1.125, -38.890000000596, 131.48205), (-7.5E-1, -38.890000000596, 131.7008), (-1.5, -38.890000000596, 131.5258), (-1.125, -38.890000000596, 131.73205), (-1.63614162022714, -38.890000000596, 131.533968497215), (-1.6518055627821, -38.890000000596, 131.544411125575), (-1.76360311347526, -38.890000000596, 131.541616186808), (-1.5, -38.890000000596, 131.7758), (-1.85567010310479, -38.890000000596, 131.547140206186), (-1.9407222251175, -38.890000000596, 131.71724445023), (-1.98024074168643, -38.890000000596, 131.79628148341), (-1.98453608248383, -38.890000000596, 131.804872164949), (0., -48.890000000596, 131.6258), (-3.75E-1, -48.890000000596, 131.63205), (-7.5E-1, -48.890000000596, 131.6508), (0., -48.890000000596, 131.8758), (-3.75E-1, -48.890000000596, 131.88205), (-1.125, -48.890000000596, 131.68205), (-7.5E-1, -48.890000000596, 131.9008), (-1.5, -48.890000000596, 131.7258), (-1.125, -48.890000000596, 131.93205), (-1.63614162022714, -48.890000000596, 131.733968497215), (-1.6518055627821, -48.890000000596, 131.744411125575), (-1.76360311347526, -48.890000000596, 131.741616186808), (-1.85567010310479, -48.890000000596, 131.747140206186), (-1.5, -48.890000000596, 131.9758), (-1.9407222251175, -48.890000000596, 131.91724445023), (-1.98024074168643, -48.890000000596, 131.99628148341), (-1.98453608248383, -48.890000000596, 132.004872164949), (0., -58.890000000596, 131.825800000001), (-3.75E-1, -58.890000000596, 131.832050000001), (-7.5E-1, -58.890000000596, 131.850800000001), (0., -58.890000000596, 132.075800000001), (-1.125, -58.890000000596, 131.882050000001), (-3.75E-1, -58.890000000596, 132.082050000001), (-7.5E-1, -58.890000000596, 132.100800000001), (-1.5, -58.890000000596, 131.925800000001), (-1.125, -58.890000000596, 132.132050000001), (-1.63614162022714, -58.890000000596, 131.933968497215), (-1.6518055627821, -58.890000000596, 131.944411125575), (-1.76360311347526, -58.890000000596, 131.941616186808), (-1.85567010310479, -58.890000000596, 131.947140206186), (-1.5, -58.890000000596, 132.175800000001), (-1.9407222251175, -58.890000000596, 132.11724445023), (-1.98024074168643, -58.890000000596, 132.19628148341), (-1.98453608248383, -58.890000000596, 132.204872164949), (0., -68.890000000596, 132.025800000001), (-3.75E-1, -68.890000000596, 132.032050000001), (-7.5E-1, -68.890000000596, 132.050800000001), (0., -68.890000000596, 132.275800000001), (-1.125, -68.890000000596, 132.082050000001), (-3.75E-1, -68.890000000596, 132.282050000001), (-7.5E-1, -68.890000000596, 132.300800000001), (-1.5, -68.890000000596, 132.125800000001), (-1.125, -68.890000000596, 132.332050000001), (-1.63614162022714, -68.890000000596, 132.133968497215), (-1.6518055627821, -68.890000000596, 132.144411125575), (-1.76360311347526, -68.890000000596, 132.141616186808), (-1.85567010310479, -68.890000000596, 132.147140206186), (-1.5, -68.890000000596, 132.375800000001), (-1.9407222251175, -68.890000000596, 132.31724445023), (-1.98024074168643, -68.890000000596, 132.396281483411), (-1.98453608248383, -68.890000000596, 132.404872164949), (0., -78.890000000596, 132.225800000001), (-3.75E-1, -78.890000000596, 132.232050000001), (-7.5E-1, -78.890000000596, 132.250800000001), (-1.125, -78.890000000596, 132.282050000001), (0., -78.890000000596, 132.475800000001), (-3.75E-1, -78.890000000596, 132.482050000001), (-7.5E-1, -78.890000000596, 132.500800000001), (-1.5, -78.890000000596, 132.325800000001), (-1.125, -78.890000000596, 132.532050000001), (-1.63614162022714, -78.890000000596, 132.333968497216), (-1.6518055627821, -78.890000000596, 132.344411125575), (-1.76360311347526, -78.890000000596, 132.341616186808), (-1.85567010310479, -78.890000000596, 132.347140206186), (-1.5, -78.890000000596, 132.575800000001), (-1.9407222251175, -78.890000000596, 132.51724445023), (-1.98024074168643, -78.890000000596, 132.596281483411), (-1.98453608248383, -78.890000000596, 132.604872164949), (0., -88.890000000596, 132.425800000001), (-3.75E-1, -88.890000000596, 132.432050000001), (-7.5E-1, -88.890000000596, 132.450800000001), (-1.125, -88.890000000596, 132.482050000001), (0., -88.890000000596, 132.675800000001), (-3.75E-1, -88.890000000596, 132.682050000001), (-7.5E-1, -88.890000000596, 132.700800000001), (-1.5, -88.890000000596, 132.525800000001), (-1.125, -88.890000000596, 132.732050000001), (-1.63614162022714, -88.890000000596, 132.533968497216), (-1.6518055627821, -88.890000000596, 132.544411125575), (-1.76360311347526, -88.890000000596, 132.541616186808), (-1.85567010310479, -88.890000000596, 132.547140206186), (-1.5, -88.890000000596, 132.775800000001), (-1.9407222251175, -88.890000000596, 132.71724445023), (-1.98024074168643, -88.890000000596, 132.796281483411), (-1.98453608248383, -88.890000000596, 132.804872164949), (0., -92.8500000005588, 132.504999999986), (-3.75E-1, -92.8500000005588, 132.511249999986), (-7.5E-1, -92.8500000005588, 132.529999999986), (-1.125, -92.8500000005588, 132.561249999986), (0., -92.8500000005588, 132.754999999986), (-3.75E-1, -92.8500000005588, 132.761249999986), (-7.5E-1, -92.8500000005588, 132.779999999986), (-1.5, -92.8500000005588, 132.604999999986), (-1.63614162022714, -92.8500000005588, 132.613168497201), (-1.125, -92.8500000005588, 132.811249999986), (-1.6518055627821, -92.8500000005588, 132.62361112556), (-1.76360311347526, -92.8500000005588, 132.620816186793), (-1.85567010310479, -92.8500000005588, 132.626340206172), (-1.5, -92.8500000005588, 132.854999999986), (-1.9407222251175, -92.8500000005588, 132.796444450216), (-1.98024074168643, -92.8500000005588, 132.875481483396), (-1.98453608248383, -92.8500000005588, 132.884072164934)));
#410 = IFCTRIANGULATEDFACESET(#409, $, .T., ((1, 2, 4), (3, 1, 4), (3, 4, 6), (5, 3, 6), (5, 6, 8), (7, 5, 8), (7, 8, 10), (9, 7, 10), (9, 10, 11), (12, 9, 11), (13, 9, 12), (15, 9, 13), (16, 9, 15), (15, 13, 14), (17, 9, 16), (1, 21, 19), (1, 3, 21), (19, 21, 38), (3, 23, 21), (19, 38, 36), (21, 40, 38), (3, 5, 23), (21, 23, 40), (36, 38, 55), (38, 40, 57), (5, 25, 23), (23, 42, 40), (36, 55, 54), (38, 57, 55), (40, 59, 57), (5, 7, 25), (23, 25, 42), (40, 42, 59), (54, 55, 72), (55, 57, 74), (57, 59, 76), (7, 27, 25), (25, 44, 42), (42, 61, 59), (54, 72, 71), (55, 74, 72), (57, 76, 74), (59, 78, 76), (7, 9, 27), (25, 27, 44), (42, 44, 61), (59, 61, 78), (71, 72, 89), (72, 74, 91), (74, 76, 93), (76, 78, 96), (9, 34, 27), (27, 51, 44), (44, 68, 61), (61, 85, 78), (71, 89, 88), (72, 91, 89), (74, 93, 91), (76, 96, 93), (78, 102, 96), (9, 17, 34), (27, 34, 51), (44, 51, 68), (61, 68, 85), (78, 85, 102), (88, 89, 107), (89, 91, 108), (91, 93, 110), (93, 96, 114), (96, 102, 119), (88, 107, 105), (89, 108, 107), (91, 110, 108), (93, 114, 110), (96, 119, 114), (105, 107, 124), (107, 108, 125), (108, 110, 127), (110, 114, 131), (114, 119, 136), (105, 124, 123), (107, 125, 124), (108, 127, 125), (110, 131, 127), (114, 136, 131), (123, 124, 141), (124, 125, 142), (125, 127, 144), (127, 131, 148), (131, 136, 153), (123, 141, 140), (124, 142, 141), (125, 144, 142), (127, 148, 144), (131, 153, 148), (141, 157, 140), (142, 158, 141), (144, 159, 142), (148, 161, 144), (153, 165, 148), (141, 158, 157), (142, 159, 158), (144, 161, 159), (148, 165, 161), (153, 170, 165), (157, 158, 175), (158, 159, 177), (159, 161, 178), (161, 165, 182), (165, 170, 187), (157, 175, 174), (158, 177, 175), (159, 178, 177), (161, 182, 178), (165, 187, 182), (175, 191, 174), (177, 192, 175), (178, 194, 177), (182, 195, 178), (187, 199, 182), (175, 192, 191), (177, 194, 192), (178, 195, 194), (182, 199, 195), (187, 204, 199), (191, 192, 209), (192, 194, 211), (194, 195, 214), (195, 199, 223), (199, 204, 232), (191, 209, 208), (192, 211, 209), (194, 214, 211), (195, 223, 214), (199, 232, 223), (208, 209, 218), (209, 211, 222), (211, 214, 226), (214, 223, 233), (223, 232, 238), (208, 218, 217), (209, 222, 218), (211, 226, 222), (214, 233, 226), (223, 238, 233), (218, 242, 217), (222, 243, 218), (226, 245, 222), (233, 246, 226), (238, 250, 233), (218, 243, 242), (222, 245, 243), (226, 246, 245), (233, 250, 246), (238, 255, 250), (242, 243, 260), (243, 245, 262), (245, 246, 265), (246, 250, 274), (250, 255, 283), (242, 260, 259), (243, 262, 260), (245, 265, 262), (246, 274, 265), (250, 283, 274), (259, 260, 269), (260, 262, 273), (262, 265, 277), (265, 274, 284), (274, 283, 289), (259, 269, 268), (260, 273, 269), (262, 277, 273), (265, 284, 277), (274, 289, 284), (269, 293, 268), (273, 294, 269), (277, 296, 273), (284, 297, 277), (289, 302, 284), (269, 294, 293), (273, 296, 294), (277, 297, 296), (284, 302, 297), (289, 306, 302), (293, 294, 311), (294, 296, 313), (296, 297, 314), (297, 302, 319), (302, 306, 323), (293, 311, 310), (294, 313, 311), (296, 314, 313), (297, 319, 314), (302, 323, 319), (310, 311, 328), (311, 313, 330), (313, 314, 331), (314, 319, 336), (319, 323, 340), (310, 328, 327), (311, 330, 328), (313, 331, 330), (314, 336, 331), (319, 340, 336), (327, 328, 345), (328, 330, 347), (330, 331, 348), (331, 336, 353), (336, 340, 357), (327, 345, 344), (328, 347, 345), (330, 348, 347), (331, 353, 348), (336, 357, 353), (344, 345, 362), (345, 347, 364), (347, 348, 366), (348, 353, 370), (353, 357, 374), (344, 362, 361), (345, 364, 362), (347, 366, 364), (348, 370, 366), (353, 374, 370), (361, 362, 379), (362, 364, 381), (364, 366, 383), (366, 370, 388), (370, 374, 391), (361, 379, 378), (362, 381, 379), (364, 383, 381), (366, 388, 383), (370, 391, 388), (378, 379, 397), (379, 381, 398), (381, 383, 400), (383, 388, 405), (388, 391, 408), (378, 397, 395), (379, 398, 397), (381, 400, 398), (383, 405, 400), (388, 408, 405), (395, 397, 414), (397, 398, 415), (398, 400, 417), (400, 405, 422), (405, 408, 425), (395, 414, 412), (397, 415, 414), (398, 417, 415), (400, 422, 417), (405, 425, 422), (412, 414, 431), (414, 415, 432), (415, 417, 434), (417, 422, 439), (422, 425, 442), (412, 431, 430), (414, 432, 431), (415, 434, 432), (417, 439, 434), (422, 442, 439), (430, 431, 448), (431, 432, 449), (432, 434, 451), (434, 439, 456), (439, 442, 459), (430, 448, 447), (431, 449, 448), (432, 451, 449), (434, 456, 451), (439, 459, 456), (447, 448, 465), (448, 449, 466), (449, 451, 469), (451, 456, 473), (459, 473, 456), (447, 465, 464), (448, 466, 465), (449, 469, 466), (451, 473, 469), (459, 476, 473), (17, 33, 34), (17, 16, 33), (34, 33, 50), (16, 32, 33), (34, 50, 51), (33, 49, 50), (16, 15, 32), (33, 32, 49), (50, 68, 51), (49, 67, 50), (15, 31, 32), (32, 48, 49), (50, 67, 68), (49, 66, 67), (15, 14, 31), (32, 31, 48), (48, 66, 49), (68, 67, 84), (67, 66, 83), (48, 65, 66), (68, 84, 85), (67, 83, 84), (66, 82, 83), (66, 65, 82), (85, 84, 101), (84, 83, 100), (83, 82, 99), (85, 101, 102), (84, 100, 101), (83, 99, 100), (102, 101, 118), (101, 100, 117), (100, 99, 116), (102, 118, 119), (101, 117, 118), (100, 116, 117), (119, 118, 135), (118, 117, 134), (117, 116, 133), (119, 135, 136), (118, 134, 135), (117, 133, 134), (136, 135, 152), (135, 134, 151), (134, 133, 150), (136, 152, 153), (135, 151, 152), (134, 150, 151), (153, 152, 169), (152, 151, 168), (151, 150, 167), (153, 169, 170), (152, 168, 169), (151, 167, 168), (169, 187, 170), (168, 186, 169), (167, 185, 168), (169, 186, 187), (168, 185, 186), (167, 184, 185), (187, 186, 203), (186, 185, 202), (185, 184, 201), (187, 203, 204), (186, 202, 203), (185, 201, 202), (203, 232, 204), (202, 231, 203), (201, 228, 202), (203, 231, 232), (202, 228, 231), (201, 225, 228), (232, 231, 237), (231, 228, 236), (228, 225, 235), (232, 237, 238), (231, 236, 237), (228, 235, 236), (238, 237, 254), (237, 236, 253), (236, 235, 252), (238, 254, 255), (237, 253, 254), (236, 252, 253), (255, 254, 282), (254, 253, 279), (253, 252, 276), (255, 282, 283), (254, 279, 282), (253, 276, 279), (282, 289, 283), (279, 288, 282), (276, 287, 279), (282, 288, 289), (279, 287, 288), (276, 286, 287), (289, 288, 305), (288, 287, 304), (287, 286, 303), (289, 305, 306), (288, 304, 305), (287, 303, 304), (306, 305, 322), (305, 304, 321), (304, 303, 320), (306, 322, 323), (305, 321, 322), (304, 320, 321), (323, 322, 339), (322, 321, 338), (321, 320, 337), (323, 339, 340), (322, 338, 339), (321, 337, 338), (340, 339, 356), (339, 338, 355), (338, 337, 354), (340, 356, 357), (339, 355, 356), (338, 354, 355), (357, 356, 373), (356, 355, 372), (355, 354, 371), (357, 373, 374), (356, 372, 373), (355, 371, 372), (374, 373, 390), (373, 372, 389), (372, 371, 387), (374, 390, 391), (373, 389, 390), (372, 387, 389), (390, 408, 391), (389, 407, 390), (387, 406, 389), (390, 407, 408), (389, 406, 407), (387, 404, 406), (408, 407, 424), (407, 406, 423), (406, 404, 421), (408, 424, 425), (407, 423, 424), (406, 421, 423), (425, 424, 441), (424, 423, 440), (423, 421, 438), (425, 441, 442), (424, 440, 441), (423, 438, 440), (442, 441, 458), (441, 440, 457), (440, 438, 455), (442, 458, 459), (441, 457, 458), (440, 455, 457), (459, 458, 475), (458, 457, 474), (457, 455, 472), (459, 475, 476), (458, 474, 475), (457, 472, 474), (14, 30, 31), (14, 13, 30), (31, 30, 47), (13, 29, 30), (31, 47, 48), (30, 46, 47), (13, 12, 29), (30, 29, 46), (47, 65, 48), (47, 46, 63), (47, 64, 65), (47, 63, 64), (65, 64, 81), (64, 63, 80), (65, 81, 82), (64, 80, 81), (82, 81, 98), (81, 80, 97), (82, 98, 99), (81, 97, 98), (99, 98, 115), (98, 97, 113), (99, 115, 116), (98, 113, 115), (116, 115, 132), (115, 113, 130), (116, 132, 133), (115, 130, 132), (133, 132, 149), (132, 130, 147), (133, 149, 150), (132, 147, 149), (150, 149, 166), (147, 166, 149), (150, 166, 167), (147, 164, 166), (166, 184, 167), (166, 164, 181), (166, 183, 184), (166, 181, 183), (184, 183, 200), (181, 200, 183), (184, 200, 201), (181, 198, 200), (200, 225, 201), (200, 198, 220), (200, 224, 225), (200, 220, 224), (225, 224, 234), (224, 220, 230), (225, 234, 235), (224, 230, 234), (235, 234, 251), (230, 251, 234), (235, 251, 252), (230, 249, 251), (252, 251, 275), (251, 249, 271), (252, 275, 276), (251, 271, 275), (275, 286, 276), (275, 271, 281), (275, 285, 286), (275, 281, 285), (286, 285, 301), (281, 301, 285), (286, 301, 303), (281, 300, 301), (303, 301, 318), (301, 300, 317), (303, 318, 320), (301, 317, 318), (320, 318, 335), (318, 317, 334), (320, 335, 337), (318, 334, 335), (337, 335, 352), (335, 334, 351), (337, 352, 354), (335, 351, 352), (354, 352, 369), (352, 351, 368), (354, 369, 371), (352, 368, 369), (371, 369, 386), (369, 368, 385), (371, 386, 387), (369, 385, 386), (386, 404, 387), (386, 385, 402), (386, 403, 404), (386, 402, 403), (404, 403, 420), (403, 402, 419), (404, 420, 421), (403, 419, 420), (421, 420, 437), (420, 419, 436), (421, 437, 438), (420, 436, 437), (438, 437, 454), (437, 436, 453), (438, 454, 455), (437, 453, 454), (454, 472, 455), (453, 471, 454), (454, 471, 472), (453, 470, 471), (12, 28, 29), (12, 11, 28), (29, 28, 45), (29, 45, 46), (45, 63, 46), (45, 62, 63), (63, 62, 79), (63, 79, 80), (80, 79, 95), (80, 95, 97), (97, 95, 112), (97, 112, 113), (113, 112, 129), (113, 129, 130), (130, 129, 146), (130, 146, 147), (147, 146, 163), (147, 163, 164), (163, 181, 164), (163, 180, 181), (181, 180, 197), (181, 197, 198), (197, 220, 198), (197, 219, 220), (220, 219, 229), (220, 229, 230), (230, 229, 248), (230, 248, 249), (249, 248, 270), (249, 270, 271), (270, 281, 271), (270, 280, 281), (281, 280, 299), (281, 299, 300), (300, 299, 316), (300, 316, 317), (317, 316, 333), (317, 333, 334), (334, 333, 350), (334, 350, 351), (351, 350, 367), (351, 367, 368), (368, 367, 384), (368, 384, 385), (384, 402, 385), (384, 401, 402), (402, 401, 418), (402, 418, 419), (419, 418, 435), (419, 435, 436), (436, 435, 452), (436, 452, 453), (453, 452, 468), (453, 468, 470), (11, 26, 28), (11, 10, 26), (28, 26, 43), (10, 24, 26), (28, 43, 45), (26, 41, 43), (10, 8, 24), (26, 24, 41), (43, 62, 45), (41, 60, 43), (8, 22, 24), (24, 39, 41), (43, 60, 62), (41, 58, 60), (8, 6, 22), (24, 22, 39), (39, 58, 41), (62, 60, 77), (60, 58, 75), (6, 20, 22), (22, 37, 39), (39, 56, 58), (62, 77, 79), (60, 75, 77), (58, 73, 75), (6, 4, 20), (22, 20, 37), (37, 56, 39), (58, 56, 73), (79, 77, 94), (77, 75, 92), (75, 73, 90), (4, 18, 20), (20, 35, 37), (37, 53, 56), (56, 70, 73), (79, 94, 95), (77, 92, 94), (75, 90, 92), (73, 87, 90), (4, 2, 18), (20, 18, 35), (35, 53, 37), (56, 53, 70), (73, 70, 87), (95, 94, 111), (94, 92, 109), (92, 90, 106), (90, 87, 104), (35, 52, 53), (53, 69, 70), (70, 86, 87), (95, 111, 112), (94, 109, 111), (92, 106, 109), (90, 104, 106), (87, 103, 104), (53, 52, 69), (70, 69, 86), (87, 86, 103), (112, 111, 128), (111, 109, 126), (109, 106, 122), (106, 104, 121), (104, 103, 120), (112, 128, 129), (111, 126, 128), (109, 122, 126), (106, 121, 122), (104, 120, 121), (129, 128, 145), (128, 126, 143), (126, 122, 139), (122, 121, 138), (121, 120, 137), (129, 145, 146), (128, 143, 145), (126, 139, 143), (122, 138, 139), (121, 137, 138), (146, 145, 162), (145, 143, 160), (143, 139, 156), (139, 138, 155), (138, 137, 154), (146, 162, 163), (145, 160, 162), (143, 156, 160), (139, 155, 156), (138, 154, 155), (162, 180, 163), (160, 179, 162), (156, 176, 160), (155, 173, 156), (154, 172, 155), (162, 179, 180), (160, 176, 179), (156, 173, 176), (155, 172, 173), (154, 171, 172), (180, 179, 196), (179, 176, 193), (176, 173, 190), (173, 172, 189), (172, 171, 188), (180, 196, 197), (179, 193, 196), (176, 190, 193), (173, 189, 190), (172, 188, 189), (196, 219, 197), (193, 216, 196), (190, 210, 193), (189, 207, 190), (188, 206, 189), (196, 216, 219), (193, 210, 216), (190, 207, 210), (189, 206, 207), (188, 205, 206), (219, 216, 227), (216, 210, 221), (210, 207, 215), (207, 206, 213), (206, 205, 212), (219, 227, 229), (216, 221, 227), (210, 215, 221), (207, 213, 215), (206, 212, 213), (229, 227, 247), (227, 221, 244), (221, 215, 241), (215, 213, 240), (213, 212, 239), (229, 247, 248), (227, 244, 247), (221, 241, 244), (215, 240, 241), (213, 239, 240), (248, 247, 267), (247, 244, 261), (244, 241, 258), (241, 240, 257), (240, 239, 256), (248, 267, 270), (247, 261, 267), (244, 258, 261), (241, 257, 258), (240, 256, 257), (267, 280, 270), (261, 278, 267), (258, 272, 261), (257, 266, 258), (256, 264, 257), (267, 278, 280), (261, 272, 278), (258, 266, 272), (257, 264, 266), (256, 263, 264), (280, 278, 298), (278, 272, 295), (272, 266, 292), (266, 264, 291), (264, 263, 290), (280, 298, 299), (278, 295, 298), (272, 292, 295), (266, 291, 292), (264, 290, 291), (299, 298, 315), (298, 295, 312), (295, 292, 309), (292, 291, 308), (291, 290, 307), (299, 315, 316), (298, 312, 315), (295, 309, 312), (292, 308, 309), (291, 307, 308), (316, 315, 332), (315, 312, 329), (312, 309, 326), (309, 308, 325), (308, 307, 324), (316, 332, 333), (315, 329, 332), (312, 326, 329), (309, 325, 326), (308, 324, 325), (333, 332, 349), (332, 329, 346), (329, 326, 343), (326, 325, 342), (325, 324, 341), (333, 349, 350), (332, 346, 349), (329, 343, 346), (326, 342, 343), (325, 341, 342), (350, 349, 365), (349, 346, 363), (346, 343, 360), (343, 342, 359), (342, 341, 358), (350, 365, 367), (349, 363, 365), (346, 360, 363), (343, 359, 360), (342, 358, 359), (367, 365, 382), (365, 363, 380), (363, 360, 377), (360, 359, 376), (359, 358, 375), (367, 382, 384), (365, 380, 382), (363, 377, 380), (360, 376, 377), (359, 375, 376), (382, 401, 384), (380, 399, 382), (377, 396, 380), (376, 394, 377), (375, 393, 376), (382, 399, 401), (380, 396, 399), (377, 394, 396), (376, 393, 394), (375, 392, 393), (401, 399, 416), (399, 396, 413), (396, 394, 411), (394, 393, 410), (393, 392, 409), (401, 416, 418), (399, 413, 416), (396, 411, 413), (394, 410, 411), (393, 409, 410), (418, 416, 433), (416, 413, 429), (413, 411, 428), (411, 410, 427), (410, 409, 426), (418, 433, 435), (416, 429, 433), (413, 428, 429), (411, 427, 428), (410, 426, 427), (435, 433, 450), (433, 429, 446), (429, 428, 445), (428, 427, 444), (427, 426, 443), (435, 450, 452), (433, 446, 450), (429, 445, 446), (428, 444, 445), (427, 443, 444), (452, 450, 467), (450, 446, 463), (446, 445, 462), (445, 444, 461), (444, 443, 460), (452, 467, 468), (450, 463, 467), (446, 462, 463), (445, 461, 462), (444, 460, 461), (2, 19, 18), (2, 1, 19), (18, 19, 36), (18, 36, 35), (35, 36, 54), (35, 54, 52), (52, 54, 71), (52, 71, 69), (69, 71, 88), (69, 88, 86), (86, 88, 105), (86, 105, 103), (103, 105, 123), (103, 123, 120), (120, 123, 140), (120, 140, 137), (140, 154, 137), (140, 157, 154), (154, 157, 174), (154, 174, 171), (174, 188, 171), (174, 191, 188), (188, 191, 208), (188, 208, 205), (205, 208, 217), (205, 217, 212), (217, 239, 212), (217, 242, 239), (239, 242, 259), (239, 259, 256), (256, 259, 268), (256, 268, 263), (268, 290, 263), (268, 293, 290), (290, 293, 310), (290, 310, 307), (307, 310, 327), (307, 327, 324), (324, 327, 344), (324, 344, 341), (341, 344, 361), (341, 361, 358), (358, 361, 378), (358, 378, 375), (375, 378, 395), (375, 395, 392), (392, 395, 412), (392, 412, 409), (409, 412, 430), (409, 430, 426), (426, 430, 447), (426, 447, 443), (443, 447, 464), (443, 464, 460), (460, 464, 461), (464, 465, 461), (461, 465, 462), (465, 466, 462), (462, 466, 463), (466, 469, 463), (463, 469, 467), (469, 473, 467), (467, 473, 468), (473, 470, 468), (473, 471, 470), (473, 474, 471), (473, 475, 474), (471, 474, 472), (473, 476, 475)), $);
#411 = IFCCOLOURRGB($, 6.90195977687836E-1, 1., 6.90195977687836E-1);
#412 = IFCSURFACESTYLERENDERING(#411, 0., $, $, $, $, $, $, .FLAT.);
#413 = IFCSURFACESTYLE('m:b0ffb0ff', .BOTH., (#412));
#414 = IFCPRESENTATIONSTYLEASSIGNMENT((#413));
#415 = IFCSTYLEDITEM(#410, (#414), $);
#416 = IFCSHAPEREPRESENTATION(#24, 'Body', 'Tessellation', (#410));
#417 = IFCPRODUCTDEFINITIONSHAPE($, $, (#416));
#418 = IFCDIRECTION((1., 0., 0.));
#419 = IFCDIRECTION((0., 0., 1.));
#420 = IFCCARTESIANPOINT((0., 0., 0.));
#421 = IFCAXIS2PLACEMENT3D(#420, #419, #418);
#422 = IFCLOCALPLACEMENT(#407, #421);
#423 = IFCBUILDINGELEMENTPROXY('1sb3$Qq2DDAe69Hx0CUGFv', #5, '670960,000-671143,960', '670960,000-671143,960', $, #422, #417, $, $);
#424 = IFCRELCONTAINEDINSPATIALSTRUCTURE('15xUKcGx981PqKk3zYWR2j', #5, $, $, (#423), #408);
#425 = IFCPROPERTYSINGLEVALUE('BauphaseEnde', $, IFCTEXT('2'), $);
#426 = IFCPROPERTYSINGLEVALUE('Bauphase', $, IFCTEXT('1'), $);
#427 = IFCPROPERTYSINGLEVALUE('BauphaseStart', $, IFCTEXT('1'), $);
#428 = IFCPROPERTYSET('2KXBYaiL9A5Ba_oAqij4b6', #5, 'Bauphase', $, (#425, #426, #427));
#429 = IFCRELDEFINESBYPROPERTIES('2G40L8dOjAmvLJbn7rWnlm', #5, 'Bauphase', $, (#423), #428);
#430 = IFCPROPERTYSINGLEVALUE('Material', $, IFCTEXT('Bankettschotter_0/32'), $);
#431 = IFCPROPERTYSET('0__8jVMbH3NwN_b1gC4yJ3', #5, 'Baustoff', $, (#430));
#432 = IFCRELDEFINESBYPROPERTIES('389yv4$yz2xRsnMefPT7h6', #5, 'Baustoff', $, (#423), #431);
#433 = IFCPROPERTYSINGLEVALUE('Planer', $, IFCTEXT('Schuessler-Plan'), $);
#434 = IFCPROPERTYSINGLEVALUE('Quelle/Herkunft_Daten', $, IFCTEXT('card_1'), $);
#435 = IFCPROPERTYSINGLEVALUE('Bemerkungen', $, IFCTEXT('NotDefined'), $);
#436 = IFCPROPERTYSINGLEVALUE('LOG', $, IFCINTEGER(200), $);
#437 = IFCPROPERTYSINGLEVALUE('KBK_Nr', $, IFCTEXT('5.112.9.020'), $);
#438 = IFCPROPERTYSINGLEVALUE('Planungsnormen', $, IFCTEXT('ZTV SoB 04/07'), $);
#439 = IFCPROPERTYSINGLEVALUE('Bauteil', $, IFCTEXT('Bankett'), $);
#440 = IFCPROPERTYSINGLEVALUE('Dicke', $, IFCLENGTHMEASURE(2.5E-1), $);
#441 = IFCPROPERTYSINGLEVALUE('LOI', $, IFCINTEGER(200), $);
#442 = IFCPROPERTYSET('0AZM_PoofEBOCMKrjNz49f', #5, 'Bauteilinformation', $, (#433, #434, #435, #436, #437, #438, #439, #440, #441));
#443 = IFCRELDEFINESBYPROPERTIES('1hGFes86v25v_b7Y2yE$Zj', #5, 'Bauteilinformation', $, (#423), #442);
#444 = IFCPROPERTYSINGLEVALUE('Objekttyp', $, IFCTEXT('Bankett'), $);
#445 = IFCPROPERTYSINGLEVALUE('Objektklasse', $, IFCTEXT('Bankett'), $);
#446 = IFCPROPERTYSINGLEVALUE('Objektgruppe', $, IFCTEXT('Fahrbahnschicht'), $);
#447 = IFCPROPERTYSET('0n8WfoiJj6rvoXAH4$v8Yx', #5, 'Klassifizierung', $, (#444, #445, #446));
#448 = IFCRELDEFINESBYPROPERTIES('07nYmI$5b3rf7ohJQl1164', #5, 'Klassifizierung', $, (#423), #447);
#449 = IFCPROPERTYSINGLEVALUE('Bauabschnitt', $, IFCTEXT('1'), $);
#450 = IFCPROPERTYSINGLEVALUE('Bereich', $, IFCTEXT('Sueden'), $);
#451 = IFCPROPERTYSINGLEVALUE('StationierungBis', $, IFCTEXT('671+143,960'), $);
#452 = IFCPROPERTYSINGLEVALUE('StationierungVon', $, IFCTEXT('670+960,000'), $);
#453 = IFCPROPERTYSINGLEVALUE('Von_BauKM', $, IFCLENGTHMEASURE(670960.), $);
#454 = IFCPROPERTYSINGLEVALUE('Achse', $, IFCTEXT('1'), $);
#455 = IFCPROPERTYSINGLEVALUE('Ebene', $, IFCTEXT('1'), $);
#456 = IFCPROPERTYSINGLEVALUE('Bis_BauKM', $, IFCLENGTHMEASURE(671143.96), $);
#457 = IFCPROPERTYSET('0B0emElVf6V8CsfhXkD60S', #5, 'Lage', $, (#449, #450, #451, #452, #453, #454, #455, #456));
#458 = IFCRELDEFINESBYPROPERTIES('3e3FxyabzBSPBVU9KJe2Op', #5, 'Lage', $, (#423), #457);
#459 = IFCDIRECTION((1., 0., 0.));
#460 = IFCDIRECTION((0., 0., 1.));
#461 = IFCCARTESIANPOINT((0., 0., 0.));
#462 = IFCAXIS2PLACEMENT3D(#461, #460, #459);
#463 = IFCLOCALPLACEMENT(#282, #462);
#464 = IFCBUILDINGSTOREY('0066EtYFX169PWL2NElRKh', #5, 'FB_ASchicht_12', $, $, #463, $, $, $, $);
#465 = IFCCARTESIANPOINTLIST3D(((-1.98024074168643, 91.109999999404, 129.19628148341), (-1.9407222251175, 91.109999999404, 129.117244450229), (-8., 91.109999999404, 129.045787501952), (-8., 91.109999999404, 128.965762505857), (-1.9407222251175, 81.109999999404, 129.31724445023), (-1.98024074168643, 81.109999999404, 129.39628148341), (-8., 81.109999999404, 129.165762505857), (-8., 81.109999999404, 129.245787501952), (-16.5202594926814, 91.109999999404, 128.832781014635), (-16.5607784780441, 91.109999999404, 128.751743043906), (-16.5202594926814, 81.109999999404, 129.032781014635), (-16.5607784780441, 81.109999999404, 128.951743043906), (-1.9407222251175, 71.109999999404, 129.51724445023), (-1.98024074168643, 71.109999999404, 129.59628148341), (-8., 71.109999999404, 129.365762505857), (-8., 71.109999999404, 129.445787501952), (-16.5202594926814, 71.109999999404, 129.232781014635), (-16.5607784780441, 71.109999999404, 129.151743043906), (-1.9407222251175, 61.109999999404, 129.71724445023), (-1.98024074168643, 61.109999999404, 129.79628148341), (-8., 61.109999999404, 129.565762505858), (-8., 61.109999999404, 129.645787501952), (-16.5202594926814, 61.109999999404, 129.432781014635), (-16.5607784780441, 61.109999999404, 129.351743043906), (-1.9407222251175, 51.109999999404, 129.91724445023), (-1.98024074168643, 51.109999999404, 129.99628148341), (-8., 51.109999999404, 129.765762505858), (-8., 51.109999999404, 129.845787501953), (-16.5202594926814, 51.109999999404, 129.632781014635), (-16.5607784780441, 51.109999999404, 129.551743043906), (-1.9407222251175, 41.109999999404, 130.11724445023), (-1.98024074168643, 41.109999999404, 130.19628148341), (-8., 41.109999999404, 129.965762505858), (-8., 41.109999999404, 130.045787501953), (-16.5202594926814, 41.109999999404, 129.832781014636), (-16.5607784780441, 41.109999999404, 129.751743043906), (-1.9407222251175, 31.109999999404, 130.31724445023), (-1.98024074168643, 31.109999999404, 130.39628148341), (-8., 31.109999999404, 130.165762505858), (-8., 31.109999999404, 130.245787501953), (-16.5202594926814, 31.109999999404, 130.032781014636), (-16.5607784780441, 31.109999999404, 129.951743043907), (-1.9407222251175, 21.109999999404, 130.51724445023), (-1.98024074168643, 21.109999999404, 130.59628148341), (-8., 21.109999999404, 130.365762505858), (-8., 21.109999999404, 130.445787501953), (-16.5202594926814, 21.109999999404, 130.232781014636), (-16.5607784780441, 21.109999999404, 130.151743043907), (-1.9407222251175, 11.109999999404, 130.71724445023), (-1.98024074168643, 11.109999999404, 130.79628148341), (-8., 11.109999999404, 130.565762505858), (-8., 11.109999999404, 130.645787501953), (-16.5202594926814, 11.109999999404, 130.432781014636), (-16.5607784780441, 11.109999999404, 130.351743043907), (-1.9407222251175, 8.10999999940395, 130.77724445023), (-1.98024074168643, 8.10999999940395, 130.85628148341), (-8., 8.10999999940395, 130.625762505858), (-8., 8.10999999940395, 130.705787501953), (-16.5202594926814, 8.10999999940395, 130.492781014636), (-16.5607784780441, 8.10999999940395, 130.411743043907), (-1.9407222251175, 4.10999999940395, 130.85724445023), (-1.98024074168643, 4.10999999940395, 130.93628148341), (-8., 4.10999999940395, 130.705762505858), (-8., 4.10999999940395, 130.785787501953), (-16.5202594926814, 4.10999999940395, 130.572781014636), (-16.5607784780441, 4.10999999940395, 130.491743043907), (-1.9407222251175, 1.10999999940395, 130.91724445023), (-1.98024074168643, 1.10999999940395, 130.99628148341), (-8., 1.10999999940395, 130.765762505858), (-8., 1.10999999940395, 130.845787501953), (-1.9407222251175, 4.6999999973923E-1, 130.93004445023), (-1.98024074168643, 4.6999999973923E-1, 131.00908148341), (-1.9407222251175, 4.59999999962747E-1, 130.93024445023), (-1.98024074168643, 4.59999999962747E-1, 131.009281483411), (-8., 4.6999999973923E-1, 130.778562505858), (-8., 4.6999999973923E-1, 130.858587501953), (-8., 4.59999999962747E-1, 130.778762505858), (-8., 4.59999999962747E-1, 130.858787501953), (-1.9407222251175, 0., 130.93944445023), (-1.98024074168643, 0., 131.01848148341), (-16.5202594926814, 1.10999999940395, 130.632781014636), (-16.5607784780441, 1.10999999940395, 130.551743043907), (-8., 0., 130.787962505858), (-8., 0., 130.867987501953), (-1.9407222251175, -4.40000000409782E-1, 130.948244450231), (-1.98024074168643, -4.40000000409782E-1, 131.027281483411), (-1.9407222251175, -4.50000000186265E-1, 130.948444450231), (-1.98024074168643, -4.50000000186265E-1, 131.027481483411), (-8., -4.40000000409782E-1, 130.796762505859), (-8., -4.40000000409782E-1, 130.876787501954), (-8., -4.50000000186265E-1, 130.796962505859), (-8., -4.50000000186265E-1, 130.876987501954), (-16.5202594926814, 4.6999999973923E-1, 130.645581014636), (-16.5607784780441, 4.6999999973923E-1, 130.564543043907), (-16.5202594926814, 4.59999999962747E-1, 130.645781014636), (-16.5607784780441, 4.59999999962747E-1, 130.564743043907), (-16.5202594926814, 0., 130.654981014635), (-16.5607784780441, 0., 130.573943043906), (-16.5202594926814, -4.40000000409782E-1, 130.663781014637), (-16.5607784780441, -4.40000000409782E-1, 130.582743043908), (-16.5202594926814, -4.50000000186265E-1, 130.663981014637), (-16.5607784780441, -4.50000000186265E-1, 130.582943043908), (-1.9407222251175, -3.89000000059605, 131.01724445023), (-1.98024074168643, -3.89000000059605, 131.09628148341), (-8., -3.89000000059605, 130.865762505858), (-8., -3.89000000059605, 130.945787501953), (-16.5202594926814, -3.89000000059605, 130.732781014636), (-16.5607784780441, -3.89000000059605, 130.651743043907), (-1.9407222251175, -8.89000000059605, 131.11724445023), (-1.98024074168643, -8.89000000059605, 131.19628148341), (-8., -8.89000000059605, 130.965762505858), (-8., -8.89000000059605, 131.045787501953), (-16.5202594926814, -8.89000000059605, 130.832781014636), (-16.5607784780441, -8.89000000059605, 130.751743043907), (-1.9407222251175, -18.890000000596, 131.31724445023), (-1.98024074168643, -18.890000000596, 131.39628148341), (-8., -18.890000000596, 131.165762505858), (-8., -18.890000000596, 131.245787501953), (-16.5202594926814, -18.890000000596, 131.032781014636), (-16.5607784780441, -18.890000000596, 130.951743043907), (-1.9407222251175, -28.890000000596, 131.51724445023), (-1.98024074168643, -28.890000000596, 131.59628148341), (-8., -28.890000000596, 131.365762505858), (-8., -28.890000000596, 131.445787501953), (-16.5202594926814, -28.890000000596, 131.232781014636), (-16.5607784780441, -28.890000000596, 131.151743043907), (-1.9407222251175, -38.890000000596, 131.71724445023), (-1.98024074168643, -38.890000000596, 131.79628148341), (-8., -38.890000000596, 131.565762505858), (-8., -38.890000000596, 131.645787501953), (-16.5202594926814, -38.890000000596, 131.432781014636), (-16.5607784780441, -38.890000000596, 131.351743043907), (-1.9407222251175, -48.890000000596, 131.91724445023), (-1.98024074168643, -48.890000000596, 131.99628148341), (-8., -48.890000000596, 131.765762505858), (-8., -48.890000000596, 131.845787501953), (-16.5202594926814, -48.890000000596, 131.632781014636), (-16.5607784780441, -48.890000000596, 131.551743043907), (-1.9407222251175, -58.890000000596, 132.11724445023), (-1.98024074168643, -58.890000000596, 132.19628148341), (-8., -58.890000000596, 131.965762505858), (-8., -58.890000000596, 132.045787501953), (-16.5202594926814, -58.890000000596, 131.832781014636), (-16.5607784780441, -58.890000000596, 131.751743043907), (-1.9407222251175, -68.890000000596, 132.31724445023), (-1.98024074168643, -68.890000000596, 132.396281483411), (-8., -68.890000000596, 132.165762505858), (-8., -68.890000000596, 132.245787501953), (-16.5202594926814, -68.890000000596, 132.032781014636), (-16.5607784780441, -68.890000000596, 131.951743043907), (-1.9407222251175, -78.890000000596, 132.51724445023), (-1.98024074168643, -78.890000000596, 132.596281483411), (-8., -78.890000000596, 132.365762505858), (-8., -78.890000000596, 132.445787501953), (-16.5202594926814, -78.890000000596, 132.232781014636), (-16.5607784780441, -78.890000000596, 132.151743043907), (-1.9407222251175, -88.890000000596, 132.71724445023), (-1.98024074168643, -88.890000000596, 132.796281483411), (-8., -88.890000000596, 132.565762505858), (-8., -88.890000000596, 132.645787501953), (-16.5202594926814, -88.890000000596, 132.432781014636), (-16.5607784780441, -88.890000000596, 132.351743043907), (-1.9407222251175, -92.8500000005588, 132.796444450216), (-1.98024074168643, -92.8500000005588, 132.875481483396), (-8., -92.8500000005588, 132.644962505844), (-8., -92.8500000005588, 132.724987501939), (-16.5202594926814, -92.8500000005588, 132.511981014621), (-16.5607784780441, -92.8500000005588, 132.430943043892)));
#466 = IFCTRIANGULATEDFACESET(#465, $, .T., ((1, 2, 4), (3, 1, 4), (3, 4, 9), (9, 4, 10), (2, 6, 5), (2, 1, 6), (5, 6, 14), (5, 14, 13), (14, 19, 13), (14, 20, 19), (19, 20, 26), (19, 26, 25), (25, 26, 32), (25, 32, 31), (31, 32, 38), (31, 38, 37), (37, 38, 44), (37, 44, 43), (43, 44, 50), (43, 50, 49), (49, 50, 56), (49, 56, 55), (56, 61, 55), (56, 62, 61), (61, 62, 68), (61, 68, 67), (67, 68, 72), (67, 72, 71), (71, 72, 74), (71, 74, 73), (73, 74, 80), (73, 80, 79), (79, 80, 86), (79, 86, 85), (85, 86, 88), (85, 88, 87), (88, 103, 87), (88, 104, 103), (103, 104, 110), (103, 110, 109), (109, 110, 116), (109, 116, 115), (115, 116, 122), (115, 122, 121), (121, 122, 128), (121, 128, 127), (128, 133, 127), (128, 134, 133), (133, 134, 140), (133, 140, 139), (139, 140, 146), (139, 146, 145), (145, 146, 152), (145, 152, 151), (151, 152, 158), (151, 158, 157), (157, 158, 164), (157, 164, 163), (1, 8, 6), (1, 3, 8), (6, 8, 16), (3, 11, 8), (6, 16, 14), (8, 17, 16), (3, 9, 11), (8, 11, 17), (16, 20, 14), (17, 22, 16), (16, 22, 20), (17, 23, 22), (20, 22, 28), (22, 23, 29), (20, 28, 26), (22, 29, 28), (26, 28, 34), (28, 29, 35), (26, 34, 32), (28, 35, 34), (32, 34, 40), (34, 35, 41), (32, 40, 38), (34, 41, 40), (38, 40, 46), (40, 41, 47), (38, 46, 44), (40, 47, 46), (44, 46, 52), (46, 47, 53), (44, 52, 50), (46, 53, 52), (50, 52, 58), (52, 53, 59), (50, 58, 56), (52, 59, 58), (58, 62, 56), (59, 64, 58), (58, 64, 62), (59, 65, 64), (62, 64, 70), (64, 65, 81), (62, 70, 68), (64, 81, 70), (68, 70, 76), (70, 81, 93), (68, 76, 72), (70, 93, 76), (72, 76, 78), (76, 93, 95), (72, 78, 74), (76, 95, 78), (74, 78, 84), (78, 95, 97), (74, 84, 80), (78, 97, 84), (80, 84, 90), (84, 97, 99), (80, 90, 86), (84, 99, 90), (86, 90, 92), (90, 99, 101), (86, 92, 88), (90, 101, 92), (92, 104, 88), (101, 106, 92), (92, 106, 104), (101, 107, 106), (104, 106, 112), (106, 107, 113), (104, 112, 110), (106, 113, 112), (110, 112, 118), (112, 113, 119), (110, 118, 116), (112, 119, 118), (116, 118, 124), (118, 119, 125), (116, 124, 122), (118, 125, 124), (122, 124, 130), (124, 125, 131), (122, 130, 128), (124, 131, 130), (130, 134, 128), (131, 136, 130), (130, 136, 134), (131, 137, 136), (134, 136, 142), (136, 137, 143), (134, 142, 140), (136, 143, 142), (140, 142, 148), (142, 143, 149), (140, 148, 146), (142, 149, 148), (146, 148, 154), (148, 149, 155), (146, 154, 152), (148, 155, 154), (152, 154, 160), (154, 155, 161), (152, 160, 158), (154, 161, 160), (158, 160, 166), (160, 161, 167), (158, 166, 164), (160, 167, 166), (9, 12, 11), (9, 10, 12), (11, 12, 18), (11, 18, 17), (17, 18, 24), (17, 24, 23), (23, 24, 30), (23, 30, 29), (29, 30, 36), (29, 36, 35), (35, 36, 42), (35, 42, 41), (41, 42, 48), (41, 48, 47), (47, 48, 54), (47, 54, 53), (53, 54, 60), (53, 60, 59), (59, 60, 66), (59, 66, 65), (65, 66, 82), (65, 82, 81), (81, 82, 94), (81, 94, 93), (93, 94, 96), (93, 96, 95), (95, 96, 98), (95, 98, 97), (97, 98, 100), (97, 100, 99), (99, 100, 102), (99, 102, 101), (101, 102, 108), (101, 108, 107), (107, 108, 114), (107, 114, 113), (113, 114, 120), (113, 120, 119), (119, 120, 126), (119, 126, 125), (125, 126, 132), (125, 132, 131), (131, 132, 138), (131, 138, 137), (137, 138, 144), (137, 144, 143), (143, 144, 150), (143, 150, 149), (149, 150, 156), (149, 156, 155), (155, 156, 162), (155, 162, 161), (161, 162, 168), (161, 168, 167), (10, 7, 12), (10, 4, 7), (12, 7, 15), (4, 5, 7), (12, 15, 18), (7, 13, 15), (4, 2, 5), (7, 5, 13), (18, 15, 21), (15, 13, 19), (18, 21, 24), (15, 19, 21), (24, 21, 27), (21, 19, 25), (24, 27, 30), (21, 25, 27), (30, 27, 33), (25, 33, 27), (30, 33, 36), (25, 31, 33), (36, 33, 39), (33, 31, 37), (36, 39, 42), (33, 37, 39), (42, 39, 45), (39, 37, 43), (42, 45, 48), (39, 43, 45), (48, 45, 51), (45, 43, 49), (48, 51, 54), (45, 49, 51), (54, 51, 57), (51, 49, 55), (54, 57, 60), (51, 55, 57), (60, 57, 63), (57, 55, 61), (60, 63, 66), (57, 61, 63), (66, 63, 69), (63, 61, 67), (66, 69, 82), (63, 67, 69), (82, 69, 75), (69, 67, 71), (82, 75, 94), (69, 71, 75), (94, 75, 77), (75, 71, 73), (94, 77, 96), (75, 73, 77), (96, 77, 83), (77, 73, 79), (96, 83, 98), (77, 79, 83), (98, 83, 89), (83, 79, 85), (98, 89, 100), (83, 85, 89), (100, 89, 91), (85, 91, 89), (100, 91, 102), (85, 87, 91), (102, 91, 105), (91, 87, 103), (102, 105, 108), (91, 103, 105), (108, 105, 111), (105, 103, 109), (108, 111, 114), (105, 109, 111), (114, 111, 117), (109, 117, 111), (114, 117, 120), (109, 115, 117), (120, 117, 123), (117, 115, 121), (120, 123, 126), (117, 121, 123), (126, 123, 129), (123, 121, 127), (126, 129, 132), (123, 127, 129), (132, 129, 135), (129, 127, 133), (132, 135, 138), (129, 133, 135), (138, 135, 141), (135, 133, 139), (138, 141, 144), (135, 139, 141), (144, 141, 147), (139, 147, 141), (144, 147, 150), (139, 145, 147), (150, 147, 153), (147, 145, 151), (150, 153, 156), (147, 151, 153), (156, 153, 159), (153, 151, 157), (156, 159, 162), (153, 157, 159), (162, 159, 165), (159, 157, 163), (162, 165, 168), (159, 163, 165), (163, 164, 165), (164, 166, 165), (165, 166, 167), (165, 167, 168)), $);
#467 = IFCCOLOURRGB($, 6.27451002597809E-1, 6.27451002597809E-1, 6.27451002597809E-1);
#468 = IFCSURFACESTYLERENDERING(#467, 0., $, $, $, $, $, $, .FLAT.);
#469 = IFCSURFACESTYLE('m:a0a0a0ff', .BOTH., (#468));
#470 = IFCPRESENTATIONSTYLEASSIGNMENT((#469));
#471 = IFCSTYLEDITEM(#466, (#470), $);
#472 = IFCSHAPEREPRESENTATION(#24, 'Body', 'Tessellation', (#466));
#473 = IFCPRODUCTDEFINITIONSHAPE($, $, (#472));
#474 = IFCDIRECTION((1., 0., 0.));
#475 = IFCDIRECTION((0., 0., 1.));
#476 = IFCCARTESIANPOINT((0., 0., 0.));
#477 = IFCAXIS2PLACEMENT3D(#476, #475, #474);
#478 = IFCLOCALPLACEMENT(#463, #477);
#479 = IFCBUILDINGELEMENTPROXY('3uHXY8J6D6qhuQBkN21kdq', #5, '670960,000-671143,960', '670960,000-671143,960', $, #478, #473, $, $);
#480 = IFCMATERIAL('Asphaltbeton_Binderschicht', $, $);
#481 = IFCRELASSOCIATESMATERIAL('2397CW51fA9fzlReZjV5Vt', #5, 'Asphaltbeton_Binderschicht', $, (#479, #794), #480);
#482 = IFCRELCONTAINEDINSPATIALSTRUCTURE('3SBdVd$hnEMuRi099qxg43', #5, $, $, (#479), #464);
#483 = IFCPROPERTYSINGLEVALUE('BauphaseEnde', $, IFCTEXT('2'), $);
#484 = IFCPROPERTYSINGLEVALUE('Bauphase', $, IFCTEXT('1'), $);
#485 = IFCPROPERTYSINGLEVALUE('BauphaseStart', $, IFCTEXT('1'), $);
#486 = IFCPROPERTYSET('2EoruqPHL6VBj_dajO9k_g', #5, 'Bauphase', $, (#483, #484, #485));
#487 = IFCRELDEFINESBYPROPERTIES('1sWMqY9KT6cffs7MPoG3Nc', #5, 'Bauphase', $, (#479), #486);
#488 = IFCPROPERTYSINGLEVALUE('Material', $, IFCTEXT('Asphaltbinderschicht'), $);
#489 = IFCPROPERTYSET('0aiNumumj5_8vlpCeA9STj', #5, 'Baustoff', $, (#488));
#490 = IFCRELDEFINESBYPROPERTIES('0BHzGPWt93cRJ_b5pYqjac', #5, 'Baustoff', $, (#479), #489);
#491 = IFCPROPERTYSINGLEVALUE('Planer', $, IFCTEXT('Schuessler-Plan'), $);
#492 = IFCPROPERTYSINGLEVALUE('Quelle/Herkunft_Daten', $, IFCTEXT('card_1'), $);
#493 = IFCPROPERTYSINGLEVALUE('Bemerkungen', $, IFCTEXT('RStO12/24, Tafel 1, Zeile 5, Spalte 1'), $);
#494 = IFCPROPERTYSINGLEVALUE('LOG', $, IFCINTEGER(200), $);
#495 = IFCPROPERTYSINGLEVALUE('Verkehrsflaeche', $, IFCREAL(1.), $);
#496 = IFCPROPERTYSINGLEVALUE('KBK_Nr', $, IFCTEXT('5.113.2.020'), $);
#497 = IFCPROPERTYSINGLEVALUE('Planungsnormen', $, IFCTEXT('ZTV Asphalt-StB 07/13'), $);
#498 = IFCPROPERTYSINGLEVALUE('Bauteil', $, IFCTEXT('Aufbauschicht'), $);
#499 = IFCPROPERTYSINGLEVALUE('Dicke', $, IFCLENGTHMEASURE(8.E-2), $);
#500 = IFCPROPERTYSINGLEVALUE('LOI', $, IFCINTEGER(200), $);
#501 = IFCPROPERTYSET('04Vo_123rA9uGY0F$vLcdD', #5, 'Bauteilinformation', $, (#491, #492, #493, #494, #495, #496, #497, #498, #499, #500));
#502 = IFCRELDEFINESBYPROPERTIES('3Wi4wJAZXEmPVoIC4KoV2m', #5, 'Bauteilinformation', $, (#479), #501);
#503 = IFCPROPERTYSINGLEVALUE('Objekttyp', $, IFCTEXT('Binderschicht'), $);
#504 = IFCPROPERTYSINGLEVALUE('Objektklasse', $, IFCTEXT('Aufbauschicht'), $);
#505 = IFCPROPERTYSINGLEVALUE('Objektgruppe', $, IFCTEXT('Fahrbahnschicht'), $);
#506 = IFCPROPERTYSET('3RdovZzZH71vJOPk$NHS5n', #5, 'Klassifizierung', $, (#503, #504, #505));
#507 = IFCRELDEFINESBYPROPERTIES('0k_AhrGVb31QTwkNWsoMQw', #5, 'Klassifizierung', $, (#479), #506);
#508 = IFCPROPERTYSINGLEVALUE('Bauabschnitt', $, IFCTEXT('1'), $);
#509 = IFCPROPERTYSINGLEVALUE('Bereich', $, IFCTEXT('Sueden'), $);
#510 = IFCPROPERTYSINGLEVALUE('StationierungBis', $, IFCTEXT('671+143,960'), $);
#511 = IFCPROPERTYSINGLEVALUE('StationierungVon', $, IFCTEXT('670+960,000'), $);
#512 = IFCPROPERTYSINGLEVALUE('Von_BauKM', $, IFCLENGTHMEASURE(670960.), $);
#513 = IFCPROPERTYSINGLEVALUE('Achse', $, IFCTEXT('1'), $);
#514 = IFCPROPERTYSINGLEVALUE('Ebene', $, IFCTEXT('1'), $);
#515 = IFCPROPERTYSINGLEVALUE('Bis_BauKM', $, IFCLENGTHMEASURE(671143.96), $);
#516 = IFCPROPERTYSET('2wKbOU5aLBkvC80Ngf_SnP', #5, 'Lage', $, (#508, #509, #510, #511, #512, #513, #514, #515));
#517 = IFCRELDEFINESBYPROPERTIES('17pbAv9Qb0huaEkKDzO74O', #5, 'Lage', $, (#479), #516);
#518 = IFCDIRECTION((1., 0., 0.));
#519 = IFCDIRECTION((0., 0., 1.));
#520 = IFCCARTESIANPOINT((0., 0., 0.));
#521 = IFCAXIS2PLACEMENT3D(#520, #519, #518);
#522 = IFCLOCALPLACEMENT(#43, #521);
#523 = IFCBUILDINGSTOREY('2SJpRQMhb2s8Zaikl3A4pA', #5, 'Tragschicht', $, $, #522, $, $, $, $);
#524 = IFCDIRECTION((1., 0., 0.));
#525 = IFCDIRECTION((0., 0., 1.));
#526 = IFCCARTESIANPOINT((0., 0., 0.));
#527 = IFCAXIS2PLACEMENT3D(#526, #525, #524);
#528 = IFCLOCALPLACEMENT(#522, #527);
#529 = IFCBUILDINGSTOREY('3Ux_xE5C50thfhV2sdhZHw', #5, 'FB_ASchicht_14', $, $, #528, $, $, $, $);
#530 = IFCRELAGGREGATES('3Q54xIYHv8LgrWxDrUN6BA', #5, '', $, #523, (#529, #590, #650));
#531 = IFCCARTESIANPOINTLIST3D(((-1.9407222251175, 91.109999999404, 129.117244450229), (-1.85180556279374, 91.109999999404, 128.939411125574), (-8., 91.109999999404, 128.965762505857), (-8., 91.109999999404, 128.785706264644), (-1.85180556279374, 81.109999999404, 129.139411125574), (-1.9407222251175, 81.109999999404, 129.31724445023), (-8., 81.109999999404, 129.165762505857), (-8., 81.109999999404, 128.985706264644), (-16.5607784780441, 91.109999999404, 128.751743043906), (-16.6519461951102, 91.109999999404, 128.569407609766), (-16.5607784780441, 81.109999999404, 128.951743043906), (-16.6519461951102, 81.109999999404, 128.769407609766), (-1.85180556279374, 71.109999999404, 129.339411125574), (-1.9407222251175, 71.109999999404, 129.51724445023), (-8., 71.109999999404, 129.185706264644), (-8., 71.109999999404, 129.365762505857), (-16.5607784780441, 71.109999999404, 129.151743043906), (-16.6519461951102, 71.109999999404, 128.969407609766), (-1.85180556279374, 61.109999999404, 129.539411125574), (-1.9407222251175, 61.109999999404, 129.71724445023), (-8., 61.109999999404, 129.385706264644), (-8., 61.109999999404, 129.565762505858), (-16.5607784780441, 61.109999999404, 129.351743043906), (-16.6519461951102, 61.109999999404, 129.169407609766), (-1.85180556279374, 51.109999999404, 129.739411125574), (-1.9407222251175, 51.109999999404, 129.91724445023), (-8., 51.109999999404, 129.585706264644), (-8., 51.109999999404, 129.765762505858), (-16.5607784780441, 51.109999999404, 129.551743043906), (-16.6519461951102, 51.109999999404, 129.369407609766), (-1.85180556279374, 41.109999999404, 129.939411125574), (-1.9407222251175, 41.109999999404, 130.11724445023), (-8., 41.109999999404, 129.785706264644), (-8., 41.109999999404, 129.965762505858), (-16.5607784780441, 41.109999999404, 129.751743043906), (-16.6519461951102, 41.109999999404, 129.569407609766), (-1.85180556279374, 31.109999999404, 130.139411125574), (-1.9407222251175, 31.109999999404, 130.31724445023), (-8., 31.109999999404, 129.985706264644), (-8., 31.109999999404, 130.165762505858), (-16.5607784780441, 31.109999999404, 129.951743043907), (-16.6519461951102, 31.109999999404, 129.769407609766), (-1.85180556279374, 21.109999999404, 130.339411125574), (-1.9407222251175, 21.109999999404, 130.51724445023), (-8., 21.109999999404, 130.185706264644), (-8., 21.109999999404, 130.365762505858), (-16.5607784780441, 21.109999999404, 130.151743043907), (-16.6519461951102, 21.109999999404, 129.969407609766), (-1.85180556279374, 11.109999999404, 130.539411125574), (-1.9407222251175, 11.109999999404, 130.71724445023), (-8., 11.109999999404, 130.385706264644), (-8., 11.109999999404, 130.565762505858), (-16.5607784780441, 11.109999999404, 130.351743043907), (-16.6519461951102, 11.109999999404, 130.169407609766), (-1.85180556279374, 8.10999999940395, 130.599411125574), (-1.9407222251175, 8.10999999940395, 130.77724445023), (-8., 8.10999999940395, 130.445706264644), (-8., 8.10999999940395, 130.625762505858), (-16.5607784780441, 8.10999999940395, 130.411743043907), (-16.6519461951102, 8.10999999940395, 130.229407609766), (-1.85180556279374, 4.10999999940395, 130.679411125574), (-1.9407222251175, 4.10999999940395, 130.85724445023), (-8., 4.10999999940395, 130.525706264644), (-8., 4.10999999940395, 130.705762505858), (-16.5607784780441, 4.10999999940395, 130.491743043907), (-16.6519461951102, 4.10999999940395, 130.309407609766), (-1.85180556279374, 1.10999999940395, 130.739411125574), (-1.9407222251175, 1.10999999940395, 130.91724445023), (-8., 1.10999999940395, 130.585706264644), (-8., 1.10999999940395, 130.765762505858), (-1.85180556279374, 4.6999999973923E-1, 130.752211125575), (-1.9407222251175, 4.6999999973923E-1, 130.93004445023), (-1.85180556279374, 4.59999999962747E-1, 130.752411125575), (-1.9407222251175, 4.59999999962747E-1, 130.93024445023), (-8., 4.6999999973923E-1, 130.598506264644), (-8., 4.6999999973923E-1, 130.778562505858), (-8., 4.59999999962747E-1, 130.598706264645), (-8., 4.59999999962747E-1, 130.778762505858), (-1.85180556279374, 0., 130.761611125574), (-1.9407222251175, 0., 130.93944445023), (-16.5607784780441, 1.10999999940395, 130.551743043907), (-16.6519461951102, 1.10999999940395, 130.369407609766), (-8., 0., 130.607906264644), (-8., 0., 130.787962505858), (-1.85180556279374, -4.40000000409782E-1, 130.770411125575), (-1.9407222251175, -4.40000000409782E-1, 130.948244450231), (-1.85180556279374, -4.50000000186265E-1, 130.770611125576), (-1.9407222251175, -4.50000000186265E-1, 130.948444450231), (-8., -4.40000000409782E-1, 130.616706264645), (-8., -4.40000000409782E-1, 130.796762505859), (-8., -4.50000000186265E-1, 130.616906264645), (-8., -4.50000000186265E-1, 130.796962505859), (-16.5607784780441, 4.6999999973923E-1, 130.564543043907), (-16.5607784780441, 4.59999999962747E-1, 130.564743043907), (-16.6519461951102, 4.6999999973923E-1, 130.382207609766), (-16.6519461951102, 4.59999999962747E-1, 130.382407609767), (-16.5607784780441, 0., 130.573943043906), (-16.6519461951102, 0., 130.391607609766), (-16.5607784780441, -4.40000000409782E-1, 130.582743043908), (-16.5607784780441, -4.50000000186265E-1, 130.582943043908), (-16.6519461951102, -4.40000000409782E-1, 130.400407609767), (-16.6519461951102, -4.50000000186265E-1, 130.400607609767), (-1.85180556279374, -3.89000000059605, 130.839411125574), (-1.9407222251175, -3.89000000059605, 131.01724445023), (-8., -3.89000000059605, 130.685706264644), (-8., -3.89000000059605, 130.865762505858), (-16.5607784780441, -3.89000000059605, 130.651743043907), (-16.6519461951102, -3.89000000059605, 130.469407609766), (-1.85180556279374, -8.89000000059605, 130.939411125575), (-1.9407222251175, -8.89000000059605, 131.11724445023), (-8., -8.89000000059605, 130.785706264644), (-8., -8.89000000059605, 130.965762505858), (-16.5607784780441, -8.89000000059605, 130.751743043907), (-16.6519461951102, -8.89000000059605, 130.569407609766), (-1.85180556279374, -18.890000000596, 131.139411125575), (-1.9407222251175, -18.890000000596, 131.31724445023), (-8., -18.890000000596, 130.985706264644), (-8., -18.890000000596, 131.165762505858), (-16.5607784780441, -18.890000000596, 130.951743043907), (-16.6519461951102, -18.890000000596, 130.769407609766), (-1.85180556279374, -28.890000000596, 131.339411125575), (-1.9407222251175, -28.890000000596, 131.51724445023), (-8., -28.890000000596, 131.185706264644), (-8., -28.890000000596, 131.365762505858), (-16.5607784780441, -28.890000000596, 131.151743043907), (-16.6519461951102, -28.890000000596, 130.969407609766), (-1.85180556279374, -38.890000000596, 131.539411125575), (-1.9407222251175, -38.890000000596, 131.71724445023), (-8., -38.890000000596, 131.385706264644), (-8., -38.890000000596, 131.565762505858), (-16.5607784780441, -38.890000000596, 131.351743043907), (-16.6519461951102, -38.890000000596, 131.169407609766), (-1.85180556279374, -48.890000000596, 131.739411125575), (-1.9407222251175, -48.890000000596, 131.91724445023), (-8., -48.890000000596, 131.585706264644), (-8., -48.890000000596, 131.765762505858), (-16.5607784780441, -48.890000000596, 131.551743043907), (-16.6519461951102, -48.890000000596, 131.369407609766), (-1.85180556279374, -58.890000000596, 131.939411125575), (-1.9407222251175, -58.890000000596, 132.11724445023), (-8., -58.890000000596, 131.785706264644), (-8., -58.890000000596, 131.965762505858), (-16.5607784780441, -58.890000000596, 131.751743043907), (-16.6519461951102, -58.890000000596, 131.569407609767), (-1.85180556279374, -68.890000000596, 132.139411125575), (-1.9407222251175, -68.890000000596, 132.31724445023), (-8., -68.890000000596, 131.985706264644), (-8., -68.890000000596, 132.165762505858), (-16.5607784780441, -68.890000000596, 131.951743043907), (-16.6519461951102, -68.890000000596, 131.769407609767), (-1.85180556279374, -78.890000000596, 132.339411125575), (-1.9407222251175, -78.890000000596, 132.51724445023), (-8., -78.890000000596, 132.185706264645), (-8., -78.890000000596, 132.365762505858), (-16.5607784780441, -78.890000000596, 132.151743043907), (-16.6519461951102, -78.890000000596, 131.969407609767), (-1.85180556279374, -88.890000000596, 132.539411125575), (-1.9407222251175, -88.890000000596, 132.71724445023), (-8., -88.890000000596, 132.385706264645), (-8., -88.890000000596, 132.565762505858), (-16.5607784780441, -88.890000000596, 132.351743043907), (-16.6519461951102, -88.890000000596, 132.169407609767), (-1.85180556279374, -92.8500000005588, 132.61861112556), (-1.9407222251175, -92.8500000005588, 132.796444450216), (-8., -92.8500000005588, 132.46490626463), (-8., -92.8500000005588, 132.644962505844), (-16.5607784780441, -92.8500000005588, 132.430943043892), (-16.6519461951102, -92.8500000005588, 132.248607609752)));
#532 = IFCTRIANGULATEDFACESET(#531, $, .T., ((1, 2, 4), (3, 1, 4), (3, 4, 9), (9, 4, 10), (2, 6, 5), (2, 1, 6), (5, 6, 14), (5, 14, 13), (14, 19, 13), (14, 20, 19), (19, 20, 26), (19, 26, 25), (25, 26, 32), (25, 32, 31), (32, 37, 31), (32, 38, 37), (37, 38, 44), (37, 44, 43), (43, 44, 50), (43, 50, 49), (49, 50, 56), (49, 56, 55), (56, 61, 55), (56, 62, 61), (61, 62, 68), (61, 68, 67), (68, 71, 67), (68, 72, 71), (71, 72, 74), (71, 74, 73), (73, 74, 80), (73, 80, 79), (79, 80, 86), (79, 86, 85), (86, 87, 85), (86, 88, 87), (87, 88, 104), (87, 104, 103), (103, 104, 110), (103, 110, 109), (109, 110, 116), (109, 116, 115), (115, 116, 122), (115, 122, 121), (121, 122, 128), (121, 128, 127), (127, 128, 134), (127, 134, 133), (134, 139, 133), (134, 140, 139), (139, 140, 146), (139, 146, 145), (145, 146, 152), (145, 152, 151), (152, 157, 151), (152, 158, 157), (157, 158, 164), (157, 164, 163), (1, 7, 6), (1, 3, 7), (6, 7, 16), (3, 11, 7), (6, 16, 14), (7, 17, 16), (3, 9, 11), (7, 11, 17), (14, 16, 22), (16, 17, 23), (14, 22, 20), (16, 23, 22), (20, 22, 28), (22, 23, 29), (20, 28, 26), (22, 29, 28), (26, 28, 34), (28, 29, 35), (26, 34, 32), (28, 35, 34), (34, 38, 32), (35, 40, 34), (34, 40, 38), (35, 41, 40), (38, 40, 46), (40, 41, 47), (38, 46, 44), (40, 47, 46), (44, 46, 52), (46, 47, 53), (44, 52, 50), (46, 53, 52), (52, 56, 50), (53, 58, 52), (52, 58, 56), (53, 59, 58), (56, 58, 64), (58, 59, 65), (56, 64, 62), (58, 65, 64), (64, 68, 62), (65, 70, 64), (64, 70, 68), (65, 81, 70), (68, 70, 76), (70, 81, 93), (68, 76, 72), (70, 93, 76), (72, 76, 78), (76, 93, 94), (72, 78, 74), (76, 94, 78), (78, 80, 74), (94, 84, 78), (78, 84, 80), (94, 97, 84), (80, 84, 90), (84, 97, 99), (80, 90, 86), (84, 99, 90), (90, 88, 86), (99, 92, 90), (90, 92, 88), (99, 100, 92), (88, 92, 106), (92, 100, 107), (88, 106, 104), (92, 107, 106), (104, 106, 112), (106, 107, 113), (104, 112, 110), (106, 113, 112), (110, 112, 118), (112, 113, 119), (110, 118, 116), (112, 119, 118), (116, 118, 124), (118, 119, 125), (116, 124, 122), (118, 125, 124), (122, 124, 130), (124, 125, 131), (122, 130, 128), (124, 131, 130), (128, 130, 136), (130, 131, 137), (128, 136, 134), (130, 137, 136), (134, 136, 142), (136, 137, 143), (134, 142, 140), (136, 143, 142), (140, 142, 148), (142, 143, 149), (140, 148, 146), (142, 149, 148), (146, 148, 154), (148, 149, 155), (146, 154, 152), (148, 155, 154), (154, 158, 152), (155, 160, 154), (154, 160, 158), (155, 161, 160), (158, 160, 166), (160, 161, 167), (158, 166, 164), (160, 167, 166), (9, 12, 11), (9, 10, 12), (11, 12, 18), (11, 18, 17), (17, 18, 24), (17, 24, 23), (23, 24, 30), (23, 30, 29), (29, 30, 36), (29, 36, 35), (35, 36, 42), (35, 42, 41), (41, 42, 48), (41, 48, 47), (47, 48, 54), (47, 54, 53), (54, 59, 53), (54, 60, 59), (59, 60, 66), (59, 66, 65), (66, 81, 65), (66, 82, 81), (81, 82, 95), (81, 95, 93), (93, 95, 96), (93, 96, 94), (96, 97, 94), (96, 98, 97), (97, 98, 101), (97, 101, 99), (99, 101, 102), (99, 102, 100), (102, 107, 100), (102, 108, 107), (107, 108, 114), (107, 114, 113), (113, 114, 120), (113, 120, 119), (119, 120, 126), (119, 126, 125), (125, 126, 132), (125, 132, 131), (131, 132, 138), (131, 138, 137), (137, 138, 144), (137, 144, 143), (143, 144, 150), (143, 150, 149), (149, 150, 156), (149, 156, 155), (155, 156, 162), (155, 162, 161), (161, 162, 168), (161, 168, 167), (10, 8, 12), (10, 4, 8), (12, 8, 15), (4, 5, 8), (12, 15, 18), (8, 13, 15), (4, 2, 5), (8, 5, 13), (15, 24, 18), (13, 21, 15), (15, 21, 24), (13, 19, 21), (24, 21, 27), (21, 19, 25), (24, 27, 30), (21, 25, 27), (30, 27, 33), (27, 25, 31), (30, 33, 36), (27, 31, 33), (36, 33, 39), (33, 31, 37), (36, 39, 42), (33, 37, 39), (42, 39, 45), (39, 37, 43), (42, 45, 48), (39, 43, 45), (48, 45, 51), (43, 51, 45), (48, 51, 54), (43, 49, 51), (54, 51, 57), (51, 49, 55), (54, 57, 60), (51, 55, 57), (57, 66, 60), (55, 63, 57), (57, 63, 66), (55, 61, 63), (66, 63, 69), (63, 61, 67), (66, 69, 82), (63, 67, 69), (69, 95, 82), (67, 75, 69), (69, 75, 95), (67, 71, 75), (95, 75, 77), (75, 71, 73), (95, 77, 96), (75, 73, 77), (96, 77, 83), (77, 73, 79), (96, 83, 98), (77, 79, 83), (98, 83, 89), (83, 79, 85), (98, 89, 101), (83, 85, 89), (89, 102, 101), (89, 85, 87), (89, 91, 102), (89, 87, 91), (102, 91, 105), (87, 105, 91), (102, 105, 108), (87, 103, 105), (108, 105, 111), (105, 103, 109), (108, 111, 114), (105, 109, 111), (114, 111, 117), (111, 109, 115), (114, 117, 120), (111, 115, 117), (120, 117, 123), (117, 115, 121), (120, 123, 126), (117, 121, 123), (126, 123, 129), (123, 121, 127), (126, 129, 132), (123, 127, 129), (132, 129, 135), (129, 127, 133), (132, 135, 138), (129, 133, 135), (135, 144, 138), (133, 141, 135), (135, 141, 144), (133, 139, 141), (144, 141, 147), (141, 139, 145), (144, 147, 150), (141, 145, 147), (150, 147, 153), (147, 145, 151), (150, 153, 156), (147, 151, 153), (156, 153, 159), (153, 151, 157), (156, 159, 162), (153, 157, 159), (162, 159, 165), (159, 157, 163), (162, 165, 168), (159, 163, 165), (163, 164, 165), (164, 166, 165), (165, 166, 167), (165, 167, 168)), $);
#533 = IFCCOLOURRGB($, 4.70587998628616E-1, 4.70587998628616E-1, 4.70587998628616E-1);
#534 = IFCSURFACESTYLERENDERING(#533, 0., $, $, $, $, $, $, .FLAT.);
#535 = IFCSURFACESTYLE('m:787878ff', .BOTH., (#534));
#536 = IFCPRESENTATIONSTYLEASSIGNMENT((#535));
#537 = IFCSTYLEDITEM(#532, (#536), $);
#538 = IFCSHAPEREPRESENTATION(#24, 'Body', 'Tessellation', (#532));
#539 = IFCPRODUCTDEFINITIONSHAPE($, $, (#538));
#540 = IFCDIRECTION((1., 0., 0.));
#541 = IFCDIRECTION((0., 0., 1.));
#542 = IFCCARTESIANPOINT((0., 0., 0.));
#543 = IFCAXIS2PLACEMENT3D(#542, #541, #540);
#544 = IFCLOCALPLACEMENT(#528, #543);
#545 = IFCBUILDINGELEMENTPROXY('0dRvv_FjTFRw2B2PRwNwmQ', #5, '670960,000-671143,960', '670960,000-671143,960', $, #544, #539, $, $);
#546 = IFCMATERIAL('Asphaltbeton_Tragschicht', $, $);
#547 = IFCRELASSOCIATESMATERIAL('2qHZ1DRVH6bQlUrwu4r3MZ', #5, 'Asphaltbeton_Tragschicht', $, (#545, #970), #546);
#548 = IFCRELCONTAINEDINSPATIALSTRUCTURE('0tSH7IhDfCMxdIpMZUsNS6', #5, $, $, (#545), #529);
#549 = IFCPROPERTYSINGLEVALUE('BauphaseEnde', $, IFCTEXT('2'), $);
#550 = IFCPROPERTYSINGLEVALUE('Bauphase', $, IFCTEXT('1'), $);
#551 = IFCPROPERTYSINGLEVALUE('BauphaseStart', $, IFCTEXT('1'), $);
#552 = IFCPROPERTYSET('1keiMKFMP4EQfomJlFmNxP', #5, 'Bauphase', $, (#549, #550, #551));
#553 = IFCRELDEFINESBYPROPERTIES('3QXShJiaXBku7Z2ZXEOFmW', #5, 'Bauphase', $, (#545), #552);
#554 = IFCPROPERTYSINGLEVALUE('Material', $, IFCTEXT('Asphalttragschicht'), $);
#555 = IFCPROPERTYSET('186SnkLVrASx_Xtqknvo0e', #5, 'Baustoff', $, (#554));
#556 = IFCRELDEFINESBYPROPERTIES('1hGvzU_XPBRQG$sguv$MKC', #5, 'Baustoff', $, (#545), #555);
#557 = IFCPROPERTYSINGLEVALUE('Planer', $, IFCTEXT('Schuessler-Plan'), $);
#558 = IFCPROPERTYSINGLEVALUE('Belastungsklasse', $, IFCTEXT('100'), $);
#559 = IFCPROPERTYSINGLEVALUE('Quelle/Herkunft_Daten', $, IFCTEXT('card_1'), $);
#560 = IFCPROPERTYSINGLEVALUE('Bemerkungen', $, IFCTEXT('RStO12/24, Tafel 1, Zeile 5, Spalte 1'), $);
#561 = IFCPROPERTYSINGLEVALUE('LOG', $, IFCINTEGER(200), $);
#562 = IFCPROPERTYSINGLEVALUE('Verkehrsflaeche', $, IFCREAL(1.), $);
#563 = IFCPROPERTYSINGLEVALUE('KBK_Nr', $, IFCTEXT('5.113.1.040'), $);
#564 = IFCPROPERTYSINGLEVALUE('Planungsnormen', $, IFCTEXT('ZTV Asphalt-StB 07/13'), $);
#565 = IFCPROPERTYSINGLEVALUE('Bauteil', $, IFCTEXT('Aufbauschicht'), $);
#566 = IFCPROPERTYSINGLEVALUE('Dicke', $, IFCLENGTHMEASURE(1.8E-1), $);
#567 = IFCPROPERTYSINGLEVALUE('LOI', $, IFCINTEGER(200), $);
#568 = IFCPROPERTYSET('3S0r32reTAhALHCOI$A0h9', #5, 'Bauteilinformation', $, (#557, #558, #559, #560, #561, #562, #563, #564, #565, #566, #567));
#569 = IFCRELDEFINESBYPROPERTIES('3Fu9C9X5j3KhvBMW9K5kQD', #5, 'Bauteilinformation', $, (#545), #568);
#570 = IFCPROPERTYSINGLEVALUE('Objekttyp', $, IFCTEXT('Tragschicht'), $);
#571 = IFCPROPERTYSINGLEVALUE('Objektklasse', $, IFCTEXT('Aufbauschicht'), $);
#572 = IFCPROPERTYSINGLEVALUE('Objektgruppe', $, IFCTEXT('Fahrbahnschicht'), $);
#573 = IFCPROPERTYSET('1cotVe2rP0Egq51FQE4xUz', #5, 'Klassifizierung', $, (#570, #571, #572));
#574 = IFCRELDEFINESBYPROPERTIES('1rhdL_KH1EoAaEQykSb3si', #5, 'Klassifizierung', $, (#545), #573);
#575 = IFCPROPERTYSINGLEVALUE('Bauabschnitt', $, IFCTEXT('1'), $);
#576 = IFCPROPERTYSINGLEVALUE('Bereich', $, IFCTEXT('Sueden'), $);
#577 = IFCPROPERTYSINGLEVALUE('StationierungBis', $, IFCTEXT('671+143,960'), $);
#578 = IFCPROPERTYSINGLEVALUE('StationierungVon', $, IFCTEXT('670+960,000'), $);
#579 = IFCPROPERTYSINGLEVALUE('Von_BauKM', $, IFCLENGTHMEASURE(670960.), $);
#580 = IFCPROPERTYSINGLEVALUE('Achse', $, IFCTEXT('1'), $);
#581 = IFCPROPERTYSINGLEVALUE('Ebene', $, IFCTEXT('1'), $);
#582 = IFCPROPERTYSINGLEVALUE('Bis_BauKM', $, IFCLENGTHMEASURE(671143.96), $);
#583 = IFCPROPERTYSET('3nM7hv3OT2rud9K3_XHk5m', #5, 'Lage', $, (#575, #576, #577, #578, #579, #580, #581, #582));
#584 = IFCRELDEFINESBYPROPERTIES('1G0moh2x9DmwyzM8sOj_us', #5, 'Lage', $, (#545), #583);
#585 = IFCDIRECTION((1., 0., 0.));
#586 = IFCDIRECTION((0., 0., 1.));
#587 = IFCCARTESIANPOINT((0., 0., 0.));
#588 = IFCAXIS2PLACEMENT3D(#587, #586, #585);
#589 = IFCLOCALPLACEMENT(#522, #588);
#590 = IFCBUILDINGSTOREY('39Op_t9YXE_vb5U_DP$REZ', #5, 'FB_ASchicht_21', $, $, #589, $, $, $, $);
#591 = IFCCARTESIANPOINTLIST3D(((-1.6518055627821, 91.109999999404, 128.944411125574), (-1.85180556279374, 91.109999999404, 128.939411125574), (-1.43487033242127, 91.109999999404, 128.799787638655), (-8., 91.109999999404, 128.785706264644), (-8., 91.109999999404, 128.635659396966), (-1.6518055627821, 81.109999999404, 129.144411125574), (-1.43487033242127, 81.109999999404, 128.999787638655), (-1.85180556279374, 81.109999999404, 129.139411125574), (-8., 81.109999999404, 128.985706264644), (-8., 81.109999999404, 128.835659396966), (-16.6519461951102, 91.109999999404, 128.569407609766), (-16.8519461951219, 91.109999999404, 128.564407609766), (-17.0857854694477, 91.109999999404, 128.40851476023), (-16.6519461951102, 81.109999999404, 128.769407609766), (-16.8519461951219, 81.109999999404, 128.764407609766), (-17.0857854694477, 81.109999999404, 128.60851476023), (-1.43487033242127, 71.109999999404, 129.199787638655), (-1.6518055627821, 71.109999999404, 129.344411125574), (-1.85180556279374, 71.109999999404, 129.339411125574), (-8., 71.109999999404, 129.035659396966), (-8., 71.109999999404, 129.185706264644), (-16.6519461951102, 71.109999999404, 128.969407609766), (-16.8519461951219, 71.109999999404, 128.964407609766), (-17.0857854694477, 71.109999999404, 128.80851476023), (-1.43487033242127, 61.109999999404, 129.399787638656), (-1.6518055627821, 61.109999999404, 129.544411125574), (-1.85180556279374, 61.109999999404, 129.539411125574), (-8., 61.109999999404, 129.235659396966), (-8., 61.109999999404, 129.385706264644), (-16.6519461951102, 61.109999999404, 129.169407609766), (-16.8519461951219, 61.109999999404, 129.164407609766), (-17.0857854694477, 61.109999999404, 129.00851476023), (-1.43487033242127, 51.109999999404, 129.599787638656), (-1.6518055627821, 51.109999999404, 129.744411125574), (-1.85180556279374, 51.109999999404, 129.739411125574), (-8., 51.109999999404, 129.435659396966), (-8., 51.109999999404, 129.585706264644), (-16.6519461951102, 51.109999999404, 129.369407609766), (-16.8519461951219, 51.109999999404, 129.364407609766), (-17.0857854694477, 51.109999999404, 129.20851476023), (-1.43487033242127, 41.109999999404, 129.799787638656), (-1.6518055627821, 41.109999999404, 129.944411125574), (-1.85180556279374, 41.109999999404, 129.939411125574), (-8., 41.109999999404, 129.635659396966), (-8., 41.109999999404, 129.785706264644), (-16.6519461951102, 41.109999999404, 129.569407609766), (-16.8519461951219, 41.109999999404, 129.564407609766), (-17.0857854694477, 41.109999999404, 129.40851476023), (-1.43487033242127, 31.109999999404, 129.999787638656), (-1.6518055627821, 31.109999999404, 130.144411125574), (-1.85180556279374, 31.109999999404, 130.139411125574), (-8., 31.109999999404, 129.835659396966), (-8., 31.109999999404, 129.985706264644), (-16.6519461951102, 31.109999999404, 129.769407609766), (-16.8519461951219, 31.109999999404, 129.764407609766), (-17.0857854694477, 31.109999999404, 129.60851476023), (-1.43487033242127, 21.109999999404, 130.199787638656), (-1.6518055627821, 21.109999999404, 130.344411125574), (-1.85180556279374, 21.109999999404, 130.339411125574), (-8., 21.109999999404, 130.035659396966), (-8., 21.109999999404, 130.185706264644), (-16.6519461951102, 21.109999999404, 129.969407609766), (-16.8519461951219, 21.109999999404, 129.964407609766), (-17.0857854694477, 21.109999999404, 129.80851476023), (-1.43487033242127, 11.109999999404, 130.399787638656), (-1.6518055627821, 11.109999999404, 130.544411125574), (-1.85180556279374, 11.109999999404, 130.539411125574), (-8., 11.109999999404, 130.235659396966), (-8., 11.109999999404, 130.385706264644), (-16.6519461951102, 11.109999999404, 130.169407609766), (-16.8519461951219, 11.109999999404, 130.164407609766), (-17.0857854694477, 11.109999999404, 130.00851476023), (-1.43487033242127, 8.10999999940395, 130.459787638656), (-1.6518055627821, 8.10999999940395, 130.604411125574), (-1.85180556279374, 8.10999999940395, 130.599411125574), (-8., 8.10999999940395, 130.295659396966), (-8., 8.10999999940395, 130.445706264644), (-16.6519461951102, 8.10999999940395, 130.229407609766), (-16.8519461951219, 8.10999999940395, 130.224407609766), (-17.0857854694477, 8.10999999940395, 130.068514760231), (-1.43487033242127, 4.10999999940395, 130.539787638656), (-1.6518055627821, 4.10999999940395, 130.684411125574), (-1.85180556279374, 4.10999999940395, 130.679411125574), (-8., 4.10999999940395, 130.375659396966), (-8., 4.10999999940395, 130.525706264644), (-16.6519461951102, 4.10999999940395, 130.309407609766), (-16.8519461951219, 4.10999999940395, 130.304407609766), (-17.0857854694477, 4.10999999940395, 130.148514760231), (-1.43487033242127, 1.10999999940395, 130.599787638656), (-1.6518055627821, 1.10999999940395, 130.744411125574), (-1.85180556279374, 1.10999999940395, 130.739411125574), (-8., 1.10999999940395, 130.435659396966), (-8., 1.10999999940395, 130.585706264644), (-1.43487033242127, 4.6999999973923E-1, 130.612587638656), (-1.6518055627821, 4.6999999973923E-1, 130.757211125575), (-1.85180556279374, 4.6999999973923E-1, 130.752211125575), (-1.43487033242127, 4.59999999962747E-1, 130.612787638656), (-1.6518055627821, 4.59999999962747E-1, 130.757411125575), (-1.85180556279374, 4.59999999962747E-1, 130.752411125575), (-8., 4.6999999973923E-1, 130.448459396966), (-8., 4.6999999973923E-1, 130.598506264644), (-8., 4.59999999962747E-1, 130.448659396967), (-8., 4.59999999962747E-1, 130.598706264645), (-1.43487033242127, 0., 130.621987638656), (-1.6518055627821, 0., 130.766611125574), (-1.85180556279374, 0., 130.761611125574), (-16.6519461951102, 1.10999999940395, 130.369407609766), (-16.8519461951219, 1.10999999940395, 130.364407609766), (-17.0857854694477, 1.10999999940395, 130.208514760231), (-8., 0., 130.457859396966), (-8., 0., 130.607906264644), (-1.43487033242127, -4.40000000409782E-1, 130.630787638657), (-1.6518055627821, -4.40000000409782E-1, 130.775411125575), (-1.85180556279374, -4.40000000409782E-1, 130.770411125575), (-1.43487033242127, -4.50000000186265E-1, 130.630987638657), (-1.6518055627821, -4.50000000186265E-1, 130.775611125576), (-1.85180556279374, -4.50000000186265E-1, 130.770611125576), (-8., -4.40000000409782E-1, 130.466659396967), (-8., -4.40000000409782E-1, 130.616706264645), (-8., -4.50000000186265E-1, 130.466859396967), (-8., -4.50000000186265E-1, 130.616906264645), (-16.6519461951102, 4.6999999973923E-1, 130.382207609766), (-16.6519461951102, 4.59999999962747E-1, 130.382407609767), (-16.8519461951219, 4.6999999973923E-1, 130.377207609766), (-16.8519461951219, 4.59999999962747E-1, 130.377407609767), (-17.0857854694477, 4.6999999973923E-1, 130.221314760231), (-17.0857854694477, 4.59999999962747E-1, 130.221514760231), (-16.6519461951102, 0., 130.391607609766), (-16.8519461951219, 0., 130.386607609766), (-17.0857854694477, 0., 130.23071476023), (-16.6519461951102, -4.40000000409782E-1, 130.400407609767), (-16.6519461951102, -4.50000000186265E-1, 130.400607609767), (-16.8519461951219, -4.40000000409782E-1, 130.395407609767), (-16.8519461951219, -4.50000000186265E-1, 130.395607609767), (-17.0857854694477, -4.40000000409782E-1, 130.239514760231), (-17.0857854694477, -4.50000000186265E-1, 130.239714760232), (-1.43487033242127, -3.89000000059605, 130.699787638656), (-1.6518055627821, -3.89000000059605, 130.844411125574), (-1.85180556279374, -3.89000000059605, 130.839411125574), (-8., -3.89000000059605, 130.535659396966), (-8., -3.89000000059605, 130.685706264644), (-16.6519461951102, -3.89000000059605, 130.469407609766), (-16.8519461951219, -3.89000000059605, 130.464407609766), (-17.0857854694477, -3.89000000059605, 130.308514760231), (-1.43487033242127, -8.89000000059605, 130.799787638656), (-1.6518055627821, -8.89000000059605, 130.944411125575), (-1.85180556279374, -8.89000000059605, 130.939411125575), (-8., -8.89000000059605, 130.635659396966), (-8., -8.89000000059605, 130.785706264644), (-16.6519461951102, -8.89000000059605, 130.569407609766), (-16.8519461951219, -8.89000000059605, 130.564407609766), (-17.0857854694477, -8.89000000059605, 130.408514760231), (-1.43487033242127, -18.890000000596, 130.999787638656), (-1.6518055627821, -18.890000000596, 131.144411125575), (-1.85180556279374, -18.890000000596, 131.139411125575), (-8., -18.890000000596, 130.835659396966), (-8., -18.890000000596, 130.985706264644), (-16.6519461951102, -18.890000000596, 130.769407609766), (-16.8519461951219, -18.890000000596, 130.764407609766), (-17.0857854694477, -18.890000000596, 130.608514760231), (-1.43487033242127, -28.890000000596, 131.199787638656), (-1.6518055627821, -28.890000000596, 131.344411125575), (-1.85180556279374, -28.890000000596, 131.339411125575), (-8., -28.890000000596, 131.035659396966), (-8., -28.890000000596, 131.185706264644), (-16.6519461951102, -28.890000000596, 130.969407609766), (-16.8519461951219, -28.890000000596, 130.964407609766), (-17.0857854694477, -28.890000000596, 130.808514760231), (-1.43487033242127, -38.890000000596, 131.399787638656), (-1.6518055627821, -38.890000000596, 131.544411125575), (-1.85180556279374, -38.890000000596, 131.539411125575), (-8., -38.890000000596, 131.235659396966), (-8., -38.890000000596, 131.385706264644), (-16.6519461951102, -38.890000000596, 131.169407609766), (-16.8519461951219, -38.890000000596, 131.164407609766), (-17.0857854694477, -38.890000000596, 131.008514760231), (-1.43487033242127, -48.890000000596, 131.599787638656), (-1.6518055627821, -48.890000000596, 131.744411125575), (-1.85180556279374, -48.890000000596, 131.739411125575), (-8., -48.890000000596, 131.435659396966), (-8., -48.890000000596, 131.585706264644), (-16.6519461951102, -48.890000000596, 131.369407609766), (-16.8519461951219, -48.890000000596, 131.364407609766), (-17.0857854694477, -48.890000000596, 131.208514760231), (-1.43487033242127, -58.890000000596, 131.799787638656), (-1.6518055627821, -58.890000000596, 131.944411125575), (-1.85180556279374, -58.890000000596, 131.939411125575), (-8., -58.890000000596, 131.635659396966), (-8., -58.890000000596, 131.785706264644), (-16.6519461951102, -58.890000000596, 131.569407609767), (-16.8519461951219, -58.890000000596, 131.564407609767), (-17.0857854694477, -58.890000000596, 131.408514760231), (-1.43487033242127, -68.890000000596, 131.999787638656), (-1.6518055627821, -68.890000000596, 132.144411125575), (-1.85180556279374, -68.890000000596, 132.139411125575), (-8., -68.890000000596, 131.835659396966), (-8., -68.890000000596, 131.985706264644), (-16.6519461951102, -68.890000000596, 131.769407609767), (-16.8519461951219, -68.890000000596, 131.764407609767), (-17.0857854694477, -68.890000000596, 131.608514760231), (-1.43487033242127, -78.890000000596, 132.199787638656), (-1.6518055627821, -78.890000000596, 132.344411125575), (-1.85180556279374, -78.890000000596, 132.339411125575), (-8., -78.890000000596, 132.035659396966), (-8., -78.890000000596, 132.185706264645), (-16.6519461951102, -78.890000000596, 131.969407609767), (-16.8519461951219, -78.890000000596, 131.964407609767), (-17.0857854694477, -78.890000000596, 131.808514760231), (-1.43487033242127, -88.890000000596, 132.399787638656), (-1.6518055627821, -88.890000000596, 132.544411125575), (-1.85180556279374, -88.890000000596, 132.539411125575), (-8., -88.890000000596, 132.235659396967), (-8., -88.890000000596, 132.385706264645), (-16.6519461951102, -88.890000000596, 132.169407609767), (-16.8519461951219, -88.890000000596, 132.164407609767), (-17.0857854694477, -88.890000000596, 132.008514760231), (-1.43487033242127, -92.8500000005588, 132.478987638642), (-1.6518055627821, -92.8500000005588, 132.62361112556), (-1.85180556279374, -92.8500000005588, 132.61861112556), (-8., -92.8500000005588, 132.314859396952), (-8., -92.8500000005588, 132.46490626463), (-16.6519461951102, -92.8500000005588, 132.248607609752), (-16.8519461951219, -92.8500000005588, 132.243607609752), (-17.0857854694477, -92.8500000005588, 132.087714760216)));
#592 = IFCTRIANGULATEDFACESET(#591, $, .T., ((1, 3, 2), (2, 3, 5), (4, 2, 5), (4, 5, 11), (11, 5, 13), (12, 11, 13), (3, 6, 7), (3, 1, 6), (7, 6, 18), (7, 18, 17), (17, 18, 26), (17, 26, 25), (25, 26, 34), (25, 34, 33), (33, 34, 42), (33, 42, 41), (41, 42, 50), (41, 50, 49), (49, 50, 58), (49, 58, 57), (57, 58, 66), (57, 66, 65), (65, 66, 74), (65, 74, 73), (73, 74, 82), (73, 82, 81), (81, 82, 90), (81, 90, 89), (89, 90, 95), (89, 95, 94), (94, 95, 98), (94, 98, 97), (97, 98, 105), (97, 105, 104), (104, 105, 113), (104, 113, 112), (112, 113, 116), (112, 116, 115), (115, 116, 138), (115, 138, 137), (137, 138, 146), (137, 146, 145), (145, 146, 154), (145, 154, 153), (153, 154, 162), (153, 162, 161), (161, 162, 170), (161, 170, 169), (169, 170, 178), (169, 178, 177), (177, 178, 186), (177, 186, 185), (185, 186, 194), (185, 194, 193), (193, 194, 202), (193, 202, 201), (201, 202, 210), (201, 210, 209), (209, 210, 218), (209, 218, 217), (1, 8, 6), (1, 2, 8), (6, 8, 19), (2, 9, 8), (6, 19, 18), (8, 21, 19), (2, 4, 9), (8, 9, 21), (18, 19, 27), (19, 21, 29), (4, 14, 9), (9, 22, 21), (18, 27, 26), (19, 29, 27), (21, 30, 29), (4, 11, 14), (9, 14, 22), (21, 22, 30), (26, 27, 35), (27, 29, 37), (29, 30, 38), (11, 15, 14), (14, 23, 22), (22, 31, 30), (26, 35, 34), (27, 37, 35), (29, 38, 37), (30, 39, 38), (11, 12, 15), (14, 15, 23), (22, 23, 31), (30, 31, 39), (34, 35, 43), (35, 37, 45), (37, 38, 46), (38, 39, 47), (34, 43, 42), (35, 45, 43), (37, 46, 45), (38, 47, 46), (42, 43, 51), (43, 45, 53), (45, 46, 54), (46, 47, 55), (42, 51, 50), (43, 53, 51), (45, 54, 53), (46, 55, 54), (50, 51, 59), (51, 53, 61), (53, 54, 62), (54, 55, 63), (50, 59, 58), (51, 61, 59), (53, 62, 61), (54, 63, 62), (58, 59, 67), (59, 61, 69), (61, 62, 70), (62, 63, 71), (58, 67, 66), (59, 69, 67), (61, 70, 69), (62, 71, 70), (66, 67, 75), (67, 69, 77), (69, 70, 78), (70, 71, 79), (66, 75, 74), (67, 77, 75), (69, 78, 77), (70, 79, 78), (74, 75, 83), (75, 77, 85), (77, 78, 86), (78, 79, 87), (74, 83, 82), (75, 85, 83), (77, 86, 85), (78, 87, 86), (82, 83, 91), (83, 85, 93), (85, 86, 107), (86, 87, 108), (82, 91, 90), (83, 93, 91), (85, 107, 93), (86, 108, 107), (90, 91, 96), (91, 93, 101), (93, 107, 122), (107, 108, 124), (90, 96, 95), (91, 101, 96), (93, 122, 101), (107, 124, 122), (95, 96, 99), (96, 101, 103), (101, 122, 123), (122, 124, 125), (95, 99, 98), (96, 103, 99), (101, 123, 103), (122, 125, 123), (98, 99, 106), (99, 103, 111), (103, 123, 128), (123, 125, 129), (98, 106, 105), (99, 111, 106), (103, 128, 111), (123, 129, 128), (105, 106, 114), (106, 111, 119), (111, 128, 131), (128, 129, 133), (105, 114, 113), (106, 119, 114), (111, 131, 119), (128, 133, 131), (113, 114, 117), (114, 119, 121), (119, 131, 132), (131, 133, 134), (113, 117, 116), (114, 121, 117), (119, 132, 121), (131, 134, 132), (116, 117, 139), (117, 121, 141), (121, 132, 142), (132, 134, 143), (116, 139, 138), (117, 141, 139), (121, 142, 141), (132, 143, 142), (138, 139, 147), (139, 141, 149), (141, 142, 150), (142, 143, 151), (138, 147, 146), (139, 149, 147), (141, 150, 149), (142, 151, 150), (146, 147, 155), (147, 149, 157), (149, 150, 158), (150, 151, 159), (146, 155, 154), (147, 157, 155), (149, 158, 157), (150, 159, 158), (154, 155, 163), (155, 157, 165), (157, 158, 166), (158, 159, 167), (154, 163, 162), (155, 165, 163), (157, 166, 165), (158, 167, 166), (162, 163, 171), (163, 165, 173), (165, 166, 174), (166, 167, 175), (162, 171, 170), (163, 173, 171), (165, 174, 173), (166, 175, 174), (170, 171, 179), (171, 173, 181), (173, 174, 182), (174, 175, 183), (170, 179, 178), (171, 181, 179), (173, 182, 181), (174, 183, 182), (178, 179, 187), (179, 181, 189), (181, 182, 190), (182, 183, 191), (178, 187, 186), (179, 189, 187), (181, 190, 189), (182, 191, 190), (186, 187, 195), (187, 189, 197), (189, 190, 198), (190, 191, 199), (186, 195, 194), (187, 197, 195), (189, 198, 197), (190, 199, 198), (194, 195, 203), (195, 197, 205), (197, 198, 206), (198, 199, 207), (194, 203, 202), (195, 205, 203), (197, 206, 205), (198, 207, 206), (202, 203, 211), (203, 205, 213), (205, 206, 214), (206, 207, 215), (202, 211, 210), (203, 213, 211), (205, 214, 213), (206, 215, 214), (210, 211, 219), (211, 213, 221), (213, 214, 222), (214, 215, 223), (210, 219, 218), (211, 221, 219), (213, 222, 221), (214, 223, 222), (12, 16, 15), (12, 13, 16), (15, 16, 24), (15, 24, 23), (23, 24, 32), (23, 32, 31), (31, 32, 40), (31, 40, 39), (39, 40, 48), (39, 48, 47), (47, 48, 56), (47, 56, 55), (55, 56, 64), (55, 64, 63), (63, 64, 72), (63, 72, 71), (71, 72, 80), (71, 80, 79), (79, 80, 88), (79, 88, 87), (87, 88, 109), (87, 109, 108), (108, 109, 126), (108, 126, 124), (124, 126, 127), (124, 127, 125), (125, 127, 130), (125, 130, 129), (129, 130, 135), (129, 135, 133), (133, 135, 136), (133, 136, 134), (134, 136, 144), (134, 144, 143), (143, 144, 152), (143, 152, 151), (151, 152, 160), (151, 160, 159), (159, 160, 168), (159, 168, 167), (167, 168, 176), (167, 176, 175), (175, 176, 184), (175, 184, 183), (183, 184, 192), (183, 192, 191), (191, 192, 200), (191, 200, 199), (199, 200, 208), (199, 208, 207), (207, 208, 216), (207, 216, 215), (215, 216, 224), (215, 224, 223), (13, 10, 16), (13, 5, 10), (16, 10, 20), (5, 7, 10), (16, 20, 24), (10, 17, 20), (5, 3, 7), (10, 7, 17), (24, 20, 28), (20, 17, 25), (24, 28, 32), (20, 25, 28), (32, 28, 36), (28, 25, 33), (32, 36, 40), (28, 33, 36), (40, 36, 44), (36, 33, 41), (40, 44, 48), (36, 41, 44), (48, 44, 52), (44, 41, 49), (48, 52, 56), (44, 49, 52), (56, 52, 60), (52, 49, 57), (56, 60, 64), (52, 57, 60), (64, 60, 68), (60, 57, 65), (64, 68, 72), (60, 65, 68), (72, 68, 76), (68, 65, 73), (72, 76, 80), (68, 73, 76), (80, 76, 84), (76, 73, 81), (80, 84, 88), (76, 81, 84), (88, 84, 92), (84, 81, 89), (88, 92, 109), (84, 89, 92), (109, 92, 100), (92, 89, 94), (109, 100, 126), (92, 94, 100), (126, 100, 102), (100, 94, 97), (126, 102, 127), (100, 97, 102), (127, 102, 110), (102, 97, 104), (127, 110, 130), (102, 104, 110), (130, 110, 118), (110, 104, 112), (130, 118, 135), (110, 112, 118), (135, 118, 120), (118, 112, 115), (135, 120, 136), (118, 115, 120), (136, 120, 140), (120, 115, 137), (136, 140, 144), (120, 137, 140), (144, 140, 148), (140, 137, 145), (144, 148, 152), (140, 145, 148), (152, 148, 156), (148, 145, 153), (152, 156, 160), (148, 153, 156), (160, 156, 164), (156, 153, 161), (160, 164, 168), (156, 161, 164), (168, 164, 172), (164, 161, 169), (168, 172, 176), (164, 169, 172), (176, 172, 180), (172, 169, 177), (176, 180, 184), (172, 177, 180), (184, 180, 188), (180, 177, 185), (184, 188, 192), (180, 185, 188), (192, 188, 196), (188, 185, 193), (192, 196, 200), (188, 193, 196), (200, 196, 204), (196, 193, 201), (200, 204, 208), (196, 201, 204), (208, 204, 212), (204, 201, 209), (208, 212, 216), (204, 209, 212), (216, 212, 220), (212, 209, 217), (216, 220, 224), (212, 217, 220), (217, 218, 219), (217, 219, 220), (219, 221, 220), (220, 221, 222), (220, 222, 224), (222, 223, 224)), $);
#593 = IFCCOLOURRGB($, 3.13724994659424E-1, 3.13724994659424E-1, 3.13724994659424E-1);
#594 = IFCSURFACESTYLERENDERING(#593, 0., $, $, $, $, $, $, .FLAT.);
#595 = IFCSURFACESTYLE('m:505050ff', .BOTH., (#594));
#596 = IFCPRESENTATIONSTYLEASSIGNMENT((#595));
#597 = IFCSTYLEDITEM(#592, (#596), $);
#598 = IFCSHAPEREPRESENTATION(#24, 'Body', 'Tessellation', (#592));
#599 = IFCPRODUCTDEFINITIONSHAPE($, $, (#598));
#600 = IFCDIRECTION((1., 0., 0.));
#601 = IFCDIRECTION((0., 0., 1.));
#602 = IFCCARTESIANPOINT((0., 0., 0.));
#603 = IFCAXIS2PLACEMENT3D(#602, #601, #600);
#604 = IFCLOCALPLACEMENT(#589, #603);
#605 = IFCBUILDINGELEMENTPROXY('1xmich06TD7AgAu$DVmli1', #5, '670960,000-671143,960', '670960,000-671143,960', $, #604, #599, $, $);
#606 = IFCMATERIAL('Schotter', $, $);
#607 = IFCRELASSOCIATESMATERIAL('10hByvDG50dRbAQ3WON7DR', #5, 'Schotter', $, (#605, #1083), #606);
#608 = IFCRELCONTAINEDINSPATIALSTRUCTURE('1RV7n4A2zFH9CShSr_jb5f', #5, $, $, (#605), #590);
#609 = IFCPROPERTYSINGLEVALUE('BauphaseEnde', $, IFCTEXT('2'), $);
#610 = IFCPROPERTYSINGLEVALUE('Bauphase', $, IFCTEXT('1'), $);
#611 = IFCPROPERTYSINGLEVALUE('BauphaseStart', $, IFCTEXT('1'), $);
#612 = IFCPROPERTYSET('2sstWKmRD9pRrzQOYe5t_Y', #5, 'Bauphase', $, (#609, #610, #611));
#613 = IFCRELDEFINESBYPROPERTIES('3OIFBg3$XAghmpdRTt9G7$', #5, 'Bauphase', $, (#605), #612);
#614 = IFCPROPERTYSINGLEVALUE('Material', $, IFCTEXT('Schottertragschicht_0/32'), $);
#615 = IFCPROPERTYSET('1VjsG7kNzD8BXn7U2qnxiO', #5, 'Baustoff', $, (#614));
#616 = IFCRELDEFINESBYPROPERTIES('0c9wX6i2z3zQn8fz01HhQc', #5, 'Baustoff', $, (#605), #615);
#617 = IFCPROPERTYSINGLEVALUE('Planer', $, IFCTEXT('Schuessler-Plan'), $);
#618 = IFCPROPERTYSINGLEVALUE('Belastungsklasse', $, IFCTEXT('100'), $);
#619 = IFCPROPERTYSINGLEVALUE('Quelle/Herkunft_Daten', $, IFCTEXT('card_1'), $);
#620 = IFCPROPERTYSINGLEVALUE('Bemerkungen', $, IFCTEXT('RStO12/24, Tafel 1, Zeile 5, Spalte 1, EV2>=150 Mpa'), $);
#621 = IFCPROPERTYSINGLEVALUE('LOG', $, IFCINTEGER(200), $);
#622 = IFCPROPERTYSINGLEVALUE('Verkehrsflaeche', $, IFCREAL(1.), $);
#623 = IFCPROPERTYSINGLEVALUE('KBK_Nr', $, IFCTEXT('5.112.2.010'), $);
#624 = IFCPROPERTYSINGLEVALUE('Planungsnormen', $, IFCTEXT('ZTV SoB 04/07'), $);
#625 = IFCPROPERTYSINGLEVALUE('Bauteil', $, IFCTEXT('Aufbauschicht'), $);
#626 = IFCPROPERTYSINGLEVALUE('Dicke', $, IFCLENGTHMEASURE(1.5E-1), $);
#627 = IFCPROPERTYSINGLEVALUE('LOI', $, IFCINTEGER(200), $);
#628 = IFCPROPERTYSET('08i$8imZ5DVBxrN4fceClt', #5, 'Bauteilinformation', $, (#617, #618, #619, #620, #621, #622, #623, #624, #625, #626, #627));
#629 = IFCRELDEFINESBYPROPERTIES('0B3$TUB5T1h9IMCyv3JpC8', #5, 'Bauteilinformation', $, (#605), #628);
#630 = IFCPROPERTYSINGLEVALUE('Objekttyp', $, IFCTEXT('Tragschicht'), $);
#631 = IFCPROPERTYSINGLEVALUE('Objektklasse', $, IFCTEXT('Aufbauschicht'), $);
#632 = IFCPROPERTYSINGLEVALUE('Objektgruppe', $, IFCTEXT('Fahrbahnschicht'), $);
#633 = IFCPROPERTYSET('1rB8jCdgPEPxW44Jb2RUDh', #5, 'Klassifizierung', $, (#630, #631, #632));
#634 = IFCRELDEFINESBYPROPERTIES('0uTquViXDEfxgIOishm4ay', #5, 'Klassifizierung', $, (#605), #633);
#635 = IFCPROPERTYSINGLEVALUE('Bauabschnitt', $, IFCTEXT('1'), $);
#636 = IFCPROPERTYSINGLEVALUE('Bereich', $, IFCTEXT('Sueden'), $);
#637 = IFCPROPERTYSINGLEVALUE('StationierungBis', $, IFCTEXT('671+143,960'), $);
#638 = IFCPROPERTYSINGLEVALUE('StationierungVon', $, IFCTEXT('670+960,000'), $);
#639 = IFCPROPERTYSINGLEVALUE('Von_BauKM', $, IFCLENGTHMEASURE(670960.), $);
#640 = IFCPROPERTYSINGLEVALUE('Achse', $, IFCTEXT('1'), $);
#641 = IFCPROPERTYSINGLEVALUE('Ebene', $, IFCTEXT('1'), $);
#642 = IFCPROPERTYSINGLEVALUE('Bis_BauKM', $, IFCLENGTHMEASURE(671143.96), $);
#643 = IFCPROPERTYSET('1zzGfrnr14YQGZHQ$eFJyD', #5, 'Lage', $, (#635, #636, #637, #638, #639, #640, #641, #642));
#644 = IFCRELDEFINESBYPROPERTIES('2W3ZiiAVjExwi_jTa_IwUi', #5, 'Lage', $, (#605), #643);
#645 = IFCDIRECTION((1., 0., 0.));
#646 = IFCDIRECTION((0., 0., 1.));
#647 = IFCCARTESIANPOINT((0., 0., 0.));
#648 = IFCAXIS2PLACEMENT3D(#647, #646, #645);
#649 = IFCLOCALPLACEMENT(#522, #648);
#650 = IFCBUILDINGSTOREY('0nw7FliLP69O0df6lqCmiN', #5, 'FB_ASchicht_23', $, $, #649, $, $, $, $);
#651 = IFCCARTESIANPOINTLIST3D(((-3.49999999976717E-1, 91.109999999404, 128.30455003905), (-5.E-1, 91.109999999404, 128.31055003905), (-3.49999999976717E-1, 91.109999999404, 128.504709975101), (-5.E-1, 91.109999999404, 128.510709975101), (-5.00000023748726E-4, 91.109999999404, 128.29057003905), (0., 91.109999999404, 128.490709975101), (-1.03324876283295, 91.109999999404, 128.532039925615), (-1.43487033242127, 91.109999999404, 128.799787638655), (-2., 91.109999999404, 128.37055003905), (-3., 91.109999999404, 128.41055003905), (-8., 91.109999999404, 128.635659396966), (-3.49999999976717E-1, 81.109999999404, 128.50455003905), (-5.E-1, 81.109999999404, 128.51055003905), (-5.00000023748726E-4, 81.109999999404, 128.49057003905), (-3.49999999976717E-1, 81.109999999404, 128.704709975101), (-5.E-1, 81.109999999404, 128.710709975101), (0., 81.109999999404, 128.690709975101), (-1.03324876283295, 81.109999999404, 128.732039925615), (-1.43487033242127, 81.109999999404, 128.999787638655), (-2., 81.109999999404, 128.57055003905), (-3., 81.109999999404, 128.61055003905), (-8., 81.109999999404, 128.835659396966), (-16.5, 91.109999999404, 128.07305003905), (-17.0857854694477, 91.109999999404, 128.40851476023), (-17.3196247437154, 91.109999999404, 128.252621910694), (-18.5509373535751, 91.109999999404, 128.221839095448), (-18.7204114079941, 91.109999999404, 128.183707433198), (-19., 91.109999999404, 128.162738288798), (-19., 91.109999999404, 128.01055003905), (-19.1500000000233, 91.109999999404, 128.00680003905), (-19.2795885920059, 91.109999999404, 128.183707433198), (-19.3406451108749, 91.109999999404, 128.197445149953), (-16.5, 81.109999999404, 128.27305003905), (-17.0857854694477, 81.109999999404, 128.60851476023), (-17.3196247437154, 81.109999999404, 128.452621910694), (-3.49999999976717E-1, 71.109999999404, 128.70455003905), (-5.E-1, 71.109999999404, 128.71055003905), (-5.00000023748726E-4, 71.109999999404, 128.69057003905), (-3.49999999976717E-1, 71.109999999404, 128.904709975101), (-5.E-1, 71.109999999404, 128.910709975101), (0., 71.109999999404, 128.890709975101), (-1.03324876283295, 71.109999999404, 128.932039925615), (-1.43487033242127, 71.109999999404, 129.199787638655), (-2., 71.109999999404, 128.77055003905), (-3., 71.109999999404, 128.81055003905), (-18.5509373535751, 81.109999999404, 128.421839095449), (-18.7204114079941, 81.109999999404, 128.383707433198), (-19., 81.109999999404, 128.362738288799), (-19., 81.109999999404, 128.21055003905), (-19.1500000000233, 81.109999999404, 128.20680003905), (-19.2795885920059, 81.109999999404, 128.383707433198), (-8., 71.109999999404, 129.035659396966), (-19.3406451108749, 81.109999999404, 128.397445149953), (-16.5, 71.109999999404, 128.47305003905), (-17.0857854694477, 71.109999999404, 128.80851476023), (-17.3196247437154, 71.109999999404, 128.652621910695), (-18.5509373535751, 71.109999999404, 128.621839095449), (-18.7204114079941, 71.109999999404, 128.583707433198), (-19., 71.109999999404, 128.41055003905), (-19., 71.109999999404, 128.562738288799), (-19.1500000000233, 71.109999999404, 128.40680003905), (-19.2795885920059, 71.109999999404, 128.583707433198), (-19.3406451108749, 71.109999999404, 128.597445149953), (-3.49999999976717E-1, 61.109999999404, 128.90455003905), (-5.E-1, 61.109999999404, 128.91055003905), (-5.00000023748726E-4, 61.109999999404, 128.89057003905), (-3.49999999976717E-1, 61.109999999404, 129.104709975101), (-5.E-1, 61.109999999404, 129.110709975101), (0., 61.109999999404, 129.090709975101), (-1.03324876283295, 61.109999999404, 129.132039925615), (-1.43487033242127, 61.109999999404, 129.399787638656), (-2., 61.109999999404, 128.97055003905), (-3., 61.109999999404, 129.01055003905), (-8., 61.109999999404, 129.235659396966), (-16.5, 61.109999999404, 128.67305003905), (-17.0857854694477, 61.109999999404, 129.00851476023), (-17.3196247437154, 61.109999999404, 128.852621910695), (-18.5509373535751, 61.109999999404, 128.821839095449), (-18.7204114079941, 61.109999999404, 128.783707433198), (-19., 61.109999999404, 128.61055003905), (-19., 61.109999999404, 128.762738288799), (-19.1500000000233, 61.109999999404, 128.60680003905), (-19.2795885920059, 61.109999999404, 128.783707433198), (-19.3406451108749, 61.109999999404, 128.797445149953), (-3.49999999976717E-1, 51.109999999404, 129.10455003905), (-5.E-1, 51.109999999404, 129.11055003905), (-5.00000023748726E-4, 51.109999999404, 129.09057003905), (-3.49999999976717E-1, 51.109999999404, 129.304709975101), (-5.E-1, 51.109999999404, 129.310709975101), (0., 51.109999999404, 129.290709975101), (-1.03324876283295, 51.109999999404, 129.332039925615), (-1.43487033242127, 51.109999999404, 129.599787638656), (-2., 51.109999999404, 129.17055003905), (-3., 51.109999999404, 129.21055003905), (-8., 51.109999999404, 129.435659396966), (-16.5, 51.109999999404, 128.87305003905), (-17.0857854694477, 51.109999999404, 129.20851476023), (-17.3196247437154, 51.109999999404, 129.052621910695), (-18.5509373535751, 51.109999999404, 129.021839095449), (-18.7204114079941, 51.109999999404, 128.983707433198), (-19., 51.109999999404, 128.81055003905), (-19., 51.109999999404, 128.962738288799), (-19.1500000000233, 51.109999999404, 128.80680003905), (-19.2795885920059, 51.109999999404, 128.983707433198), (-19.3406451108749, 51.109999999404, 128.997445149953), (-3.49999999976717E-1, 41.109999999404, 129.30455003905), (-5.E-1, 41.109999999404, 129.31055003905), (-5.00000023748726E-4, 41.109999999404, 129.29057003905), (-3.49999999976717E-1, 41.109999999404, 129.504709975101), (-5.E-1, 41.109999999404, 129.510709975101), (0., 41.109999999404, 129.490709975101), (-1.03324876283295, 41.109999999404, 129.532039925615), (-1.43487033242127, 41.109999999404, 129.799787638656), (-2., 41.109999999404, 129.37055003905), (-3., 41.109999999404, 129.41055003905), (-8., 41.109999999404, 129.635659396966), (-16.5, 41.109999999404, 129.07305003905), (-17.0857854694477, 41.109999999404, 129.40851476023), (-17.3196247437154, 41.109999999404, 129.252621910695), (-18.5509373535751, 41.109999999404, 129.221839095449), (-18.7204114079941, 41.109999999404, 129.183707433198), (-19., 41.109999999404, 129.01055003905), (-19., 41.109999999404, 129.162738288799), (-19.1500000000233, 41.109999999404, 129.00680003905), (-19.2795885920059, 41.109999999404, 129.183707433198), (-19.3406451108749, 41.109999999404, 129.197445149953), (-3.49999999976717E-1, 31.109999999404, 129.50455003905), (-5.E-1, 31.109999999404, 129.51055003905), (-5.00000023748726E-4, 31.109999999404, 129.49057003905), (-3.49999999976717E-1, 31.109999999404, 129.704709975102), (-5.E-1, 31.109999999404, 129.710709975102), (0., 31.109999999404, 129.690709975102), (-1.03324876283295, 31.109999999404, 129.732039925615), (-1.43487033242127, 31.109999999404, 129.999787638656), (-2., 31.109999999404, 129.57055003905), (-3., 31.109999999404, 129.61055003905), (-8., 31.109999999404, 129.835659396966), (-16.5, 31.109999999404, 129.27305003905), (-17.0857854694477, 31.109999999404, 129.60851476023), (-17.3196247437154, 31.109999999404, 129.452621910695), (-18.5509373535751, 31.109999999404, 129.421839095449), (-18.7204114079941, 31.109999999404, 129.383707433198), (-19., 31.109999999404, 129.21055003905), (-19., 31.109999999404, 129.362738288799), (-19.1500000000233, 31.109999999404, 129.20680003905), (-19.2795885920059, 31.109999999404, 129.383707433198), (-19.3406451108749, 31.109999999404, 129.397445149953), (-3.49999999976717E-1, 21.109999999404, 129.70455003905), (-5.E-1, 21.109999999404, 129.71055003905), (-5.00000023748726E-4, 21.109999999404, 129.69057003905), (-3.49999999976717E-1, 21.109999999404, 129.904709975102), (-5.E-1, 21.109999999404, 129.910709975102), (0., 21.109999999404, 129.890709975102), (-1.03324876283295, 21.109999999404, 129.932039925616), (-1.43487033242127, 21.109999999404, 130.199787638656), (-2., 21.109999999404, 129.77055003905), (-3., 21.109999999404, 129.81055003905), (-8., 21.109999999404, 130.035659396966), (-16.5, 21.109999999404, 129.47305003905), (-17.0857854694477, 21.109999999404, 129.80851476023), (-17.3196247437154, 21.109999999404, 129.652621910695), (-18.5509373535751, 21.109999999404, 129.621839095449), (-18.7204114079941, 21.109999999404, 129.583707433198), (-19., 21.109999999404, 129.41055003905), (-19., 21.109999999404, 129.562738288799), (-19.1500000000233, 21.109999999404, 129.40680003905), (-19.2795885920059, 21.109999999404, 129.583707433198), (-19.3406451108749, 21.109999999404, 129.597445149953), (-3.49999999976717E-1, 11.109999999404, 129.90455003905), (-5.E-1, 11.109999999404, 129.91055003905), (-5.00000023748726E-4, 11.109999999404, 129.89057003905), (-3.49999999976717E-1, 11.109999999404, 130.104709975102), (-5.E-1, 11.109999999404, 130.110709975102), (0., 11.109999999404, 130.090709975102), (-1.03324876283295, 11.109999999404, 130.132039925616), (-2., 11.109999999404, 129.97055003905), (-1.43487033242127, 11.109999999404, 130.399787638656), (-3., 11.109999999404, 130.01055003905), (-8., 11.109999999404, 130.235659396966), (-16.5, 11.109999999404, 129.67305003905), (-17.0857854694477, 11.109999999404, 130.00851476023), (-17.3196247437154, 11.109999999404, 129.852621910695), (-18.5509373535751, 11.109999999404, 129.821839095449), (-18.7204114079941, 11.109999999404, 129.783707433198), (-19., 11.109999999404, 129.61055003905), (-19., 11.109999999404, 129.762738288799), (-19.1500000000233, 11.109999999404, 129.60680003905), (-19.2795885920059, 11.109999999404, 129.783707433198), (-19.3406451108749, 11.109999999404, 129.797445149953), (-3.49999999976717E-1, 8.10999999940395, 129.964550039051), (-5.E-1, 8.10999999940395, 129.970550039051), (-5.00000023748726E-4, 8.10999999940395, 129.950570039051), (-3.49999999976717E-1, 8.10999999940395, 130.164709975102), (-5.E-1, 8.10999999940395, 130.170709975102), (0., 8.10999999940395, 130.150709975102), (-1.03324876283295, 8.10999999940395, 130.192039925616), (-2., 8.10999999940395, 130.030550039051), (-1.43487033242127, 8.10999999940395, 130.459787638656), (-3., 8.10999999940395, 130.070550039051), (-8., 8.10999999940395, 130.295659396966), (-16.5, 8.10999999940395, 129.733050039051), (-17.0857854694477, 8.10999999940395, 130.068514760231), (-17.3196247437154, 8.10999999940395, 129.912621910695), (-18.5509373535751, 8.10999999940395, 129.881839095449), (-18.7204114079941, 8.10999999940395, 129.843707433198), (-19., 8.10999999940395, 129.670550039051), (-19., 8.10999999940395, 129.822738288799), (-19.1500000000233, 8.10999999940395, 129.666800039051), (-19.2795885920059, 8.10999999940395, 129.843707433198), (-19.3406451108749, 8.10999999940395, 129.857445149953), (-3.49999999976717E-1, 4.10999999940395, 130.044550039051), (-5.E-1, 4.10999999940395, 130.050550039051), (-5.00000023748726E-4, 4.10999999940395, 130.030570039051), (-3.49999999976717E-1, 4.10999999940395, 130.244709975102), (-5.E-1, 4.10999999940395, 130.250709975102), (0., 4.10999999940395, 130.230709975102), (-1.03324876283295, 4.10999999940395, 130.272039925616), (-2., 4.10999999940395, 130.110550039051), (-1.43487033242127, 4.10999999940395, 130.539787638656), (-3., 4.10999999940395, 130.150550039051), (-8., 4.10999999940395, 130.375659396966), (-16.5, 4.10999999940395, 129.813050039051), (-17.0857854694477, 4.10999999940395, 130.148514760231), (-17.3196247437154, 4.10999999940395, 129.992621910695), (-18.5509373535751, 4.10999999940395, 129.961839095449), (-18.7204114079941, 4.10999999940395, 129.923707433198), (-19., 4.10999999940395, 129.750550039051), (-19., 4.10999999940395, 129.902738288799), (-19.1500000000233, 4.10999999940395, 129.746800039051), (-19.2795885920059, 4.10999999940395, 129.923707433198), (-19.3406451108749, 4.10999999940395, 129.937445149953), (-3.49999999976717E-1, 1.10999999940395, 130.104550039051), (-5.E-1, 1.10999999940395, 130.110550039051), (-5.00000023748726E-4, 1.10999999940395, 130.090570039051), (-3.49999999976717E-1, 1.10999999940395, 130.304709975102), (-5.E-1, 1.10999999940395, 130.310709975102), (0., 1.10999999940395, 130.290709975102), (-1.03324876283295, 1.10999999940395, 130.332039925616), (-2., 1.10999999940395, 130.170550039051), (-1.43487033242127, 1.10999999940395, 130.599787638656), (-3., 1.10999999940395, 130.210550039051), (-8., 1.10999999940395, 130.435659396966), (-3.49999999976717E-1, 4.6999999973923E-1, 130.117350039051), (-5.E-1, 4.6999999973923E-1, 130.123350039051), (-5.00000023748726E-4, 4.6999999973923E-1, 130.103370039051), (-3.49999999976717E-1, 4.6999999973923E-1, 130.317509975102), (-5.E-1, 4.6999999973923E-1, 130.323509975102), (0., 4.6999999973923E-1, 130.303509975102), (-1.03324876283295, 4.6999999973923E-1, 130.344839925616), (-3.49999999976717E-1, 4.59999999962747E-1, 130.117550039051), (-5.E-1, 4.59999999962747E-1, 130.123550039051), (-5.00000023748726E-4, 4.59999999962747E-1, 130.103570039051), (-3.49999999976717E-1, 4.59999999962747E-1, 130.317709975102), (-5.E-1, 4.59999999962747E-1, 130.323709975102), (0., 4.59999999962747E-1, 130.303709975102), (-2., 4.6999999973923E-1, 130.183350039051), (-1.03324876283295, 4.59999999962747E-1, 130.345039925616), (-1.43487033242127, 4.6999999973923E-1, 130.612587638656), (-2., 4.59999999962747E-1, 130.183550039051), (-1.43487033242127, 4.59999999962747E-1, 130.612787638656), (-3., 4.6999999973923E-1, 130.223350039051), (-3., 4.59999999962747E-1, 130.223550039051), (-8., 4.6999999973923E-1, 130.448459396966), (-8., 4.59999999962747E-1, 130.448659396967), (-3.49999999976717E-1, 0., 130.12675003905), (-5.E-1, 0., 130.13275003905), (-5.00000023748726E-4, 0., 130.11277003905), (-3.49999999976717E-1, 0., 130.326909975101), (-5.E-1, 0., 130.332909975101), (0., 0., 130.312909975101), (-1.03324876283295, 0., 130.354239925615), (-2., 0., 130.19275003905), (-1.43487033242127, 0., 130.621987638656), (-3., 0., 130.23275003905), (-16.5, 1.10999999940395, 129.873050039051), (-8., 0., 130.457859396966), (-17.0857854694477, 1.10999999940395, 130.208514760231), (-3.49999999976717E-1, -4.40000000409782E-1, 130.135550039051), (-5.E-1, -4.40000000409782E-1, 130.141550039051), (-5.00000023748726E-4, -4.40000000409782E-1, 130.121570039051), (-3.49999999976717E-1, -4.40000000409782E-1, 130.335709975103), (-5.E-1, -4.40000000409782E-1, 130.341709975103), (0., -4.40000000409782E-1, 130.321709975103), (-1.03324876283295, -4.40000000409782E-1, 130.363039925617), (-3.49999999976717E-1, -4.50000000186265E-1, 130.135750039052), (-5.E-1, -4.50000000186265E-1, 130.141750039052), (-5.00000023748726E-4, -4.50000000186265E-1, 130.121770039052), (-3.49999999976717E-1, -4.50000000186265E-1, 130.335909975103), (-5.E-1, -4.50000000186265E-1, 130.341909975103), (0., -4.50000000186265E-1, 130.321909975103), (-2., -4.40000000409782E-1, 130.201550039051), (-1.03324876283295, -4.50000000186265E-1, 130.363239925617), (-1.43487033242127, -4.40000000409782E-1, 130.630787638657), (-2., -4.50000000186265E-1, 130.201750039052), (-1.43487033242127, -4.50000000186265E-1, 130.630987638657), (-17.3196247437154, 1.10999999940395, 130.052621910695), (-3., -4.40000000409782E-1, 130.241550039051), (-3., -4.50000000186265E-1, 130.241750039052), (-18.5509373535751, 1.10999999940395, 130.021839095449), (-18.7204114079941, 1.10999999940395, 129.983707433198), (-8., -4.40000000409782E-1, 130.466659396967), (-8., -4.50000000186265E-1, 130.466859396967), (-19., 1.10999999940395, 129.810550039051), (-19., 1.10999999940395, 129.962738288799), (-19.1500000000233, 1.10999999940395, 129.806800039051), (-19.2795885920059, 1.10999999940395, 129.983707433198), (-19.3406451108749, 1.10999999940395, 129.997445149953), (-16.5, 4.6999999973923E-1, 129.885850039051), (-16.5, 4.59999999962747E-1, 129.886050039051), (-17.0857854694477, 4.6999999973923E-1, 130.221314760231), (-17.0857854694477, 4.59999999962747E-1, 130.221514760231), (-17.3196247437154, 4.6999999973923E-1, 130.065421910695), (-17.3196247437154, 4.59999999962747E-1, 130.065621910695), (-18.5509373535751, 4.6999999973923E-1, 130.034639095449), (-18.5509373535751, 4.59999999962747E-1, 130.034839095449), (-18.7204114079941, 4.6999999973923E-1, 129.996507433199), (-18.7204114079941, 4.59999999962747E-1, 129.996707433199), (-16.5, 0., 129.89525003905), (-19., 4.6999999973923E-1, 129.823350039051), (-19., 4.6999999973923E-1, 129.975538288799), (-19., 4.59999999962747E-1, 129.823550039051), (-19., 4.59999999962747E-1, 129.975738288799), (-19.1500000000233, 4.6999999973923E-1, 129.819600039051), (-19.1500000000233, 4.59999999962747E-1, 129.819800039051), (-19.2795885920059, 4.6999999973923E-1, 129.996507433199), (-19.2795885920059, 4.59999999962747E-1, 129.996707433199), (-19.3406451108749, 4.6999999973923E-1, 130.010245149954), (-19.3406451108749, 4.59999999962747E-1, 130.010445149954), (-17.0857854694477, 0., 130.23071476023), (-17.3196247437154, 0., 130.074821910695), (-18.5509373535751, 0., 130.044039095449), (-18.7204114079941, 0., 130.005907433198), (-16.5, -4.40000000409782E-1, 129.904050039051), (-16.5, -4.50000000186265E-1, 129.904250039052), (-19., 0., 129.83275003905), (-19., 0., 129.984938288799), (-19.1500000000233, 0., 129.82900003905), (-19.2795885920059, 0., 130.005907433198), (-19.3406451108749, 0., 130.019645149953), (-17.0857854694477, -4.40000000409782E-1, 130.239514760231), (-17.0857854694477, -4.50000000186265E-1, 130.239714760232), (-17.3196247437154, -4.40000000409782E-1, 130.083621910696), (-17.3196247437154, -4.50000000186265E-1, 130.083821910696), (-18.5509373535751, -4.40000000409782E-1, 130.05283909545), (-18.5509373535751, -4.50000000186265E-1, 130.05303909545), (-18.7204114079941, -4.40000000409782E-1, 130.014707433199), (-18.7204114079941, -4.50000000186265E-1, 130.014907433199), (-19., -4.40000000409782E-1, 129.841550039051), (-19., -4.40000000409782E-1, 129.9937382888), (-19., -4.50000000186265E-1, 129.841750039052), (-19., -4.50000000186265E-1, 129.9939382888), (-19.1500000000233, -4.40000000409782E-1, 129.837800039051), (-19.1500000000233, -4.50000000186265E-1, 129.838000039052), (-19.2795885920059, -4.40000000409782E-1, 130.014707433199), (-19.2795885920059, -4.50000000186265E-1, 130.014907433199), (-19.3406451108749, -4.40000000409782E-1, 130.028445149954), (-19.3406451108749, -4.50000000186265E-1, 130.028645149955), (-3.49999999976717E-1, -3.89000000059605, 130.204550039051), (-5.E-1, -3.89000000059605, 130.210550039051), (-5.00000023748726E-4, -3.89000000059605, 130.190570039051), (-3.49999999976717E-1, -3.89000000059605, 130.404709975102), (-5.E-1, -3.89000000059605, 130.410709975102), (0., -3.89000000059605, 130.390709975102), (-1.03324876283295, -3.89000000059605, 130.432039925616), (-2., -3.89000000059605, 130.270550039051), (-1.43487033242127, -3.89000000059605, 130.699787638656), (-3., -3.89000000059605, 130.310550039051), (-8., -3.89000000059605, 130.535659396966), (-16.5, -3.89000000059605, 129.973050039051), (-17.0857854694477, -3.89000000059605, 130.308514760231), (-17.3196247437154, -3.89000000059605, 130.152621910695), (-18.5509373535751, -3.89000000059605, 130.121839095449), (-18.7204114079941, -3.89000000059605, 130.083707433198), (-19., -3.89000000059605, 129.910550039051), (-19., -3.89000000059605, 130.062738288799), (-19.1500000000233, -3.89000000059605, 129.906800039051), (-19.2795885920059, -3.89000000059605, 130.083707433198), (-19.3406451108749, -3.89000000059605, 130.097445149953), (-3.49999999976717E-1, -8.89000000059605, 130.304550039051), (-5.E-1, -8.89000000059605, 130.310550039051), (-5.00000023748726E-4, -8.89000000059605, 130.290570039051), (-3.49999999976717E-1, -8.89000000059605, 130.504709975102), (-5.E-1, -8.89000000059605, 130.510709975102), (0., -8.89000000059605, 130.490709975102), (-1.03324876283295, -8.89000000059605, 130.532039925616), (-2., -8.89000000059605, 130.370550039051), (-1.43487033242127, -8.89000000059605, 130.799787638656), (-3., -8.89000000059605, 130.410550039051), (-8., -8.89000000059605, 130.635659396966), (-16.5, -8.89000000059605, 130.073050039051), (-17.0857854694477, -8.89000000059605, 130.408514760231), (-17.3196247437154, -8.89000000059605, 130.252621910695), (-18.5509373535751, -8.89000000059605, 130.221839095449), (-18.7204114079941, -8.89000000059605, 130.183707433198), (-19., -8.89000000059605, 130.010550039051), (-19., -8.89000000059605, 130.162738288799), (-19.1500000000233, -8.89000000059605, 130.006800039051), (-19.2795885920059, -8.89000000059605, 130.183707433198), (-19.3406451108749, -8.89000000059605, 130.197445149953), (-3.49999999976717E-1, -18.890000000596, 130.504550039051), (-5.E-1, -18.890000000596, 130.510550039051), (-5.00000023748726E-4, -18.890000000596, 130.490570039051), (-3.49999999976717E-1, -18.890000000596, 130.704709975102), (-5.E-1, -18.890000000596, 130.710709975102), (0., -18.890000000596, 130.690709975102), (-1.03324876283295, -18.890000000596, 130.732039925616), (-2., -18.890000000596, 130.570550039051), (-1.43487033242127, -18.890000000596, 130.999787638656), (-3., -18.890000000596, 130.610550039051), (-8., -18.890000000596, 130.835659396966), (-16.5, -18.890000000596, 130.273050039051), (-17.0857854694477, -18.890000000596, 130.608514760231), (-17.3196247437154, -18.890000000596, 130.452621910695), (-18.5509373535751, -18.890000000596, 130.421839095449), (-18.7204114079941, -18.890000000596, 130.383707433198), (-19., -18.890000000596, 130.210550039051), (-19., -18.890000000596, 130.362738288799), (-19.1500000000233, -18.890000000596, 130.206800039051), (-19.2795885920059, -18.890000000596, 130.383707433198), (-19.3406451108749, -18.890000000596, 130.397445149954), (-3.49999999976717E-1, -28.890000000596, 130.704550039051), (-5.E-1, -28.890000000596, 130.710550039051), (-5.00000023748726E-4, -28.890000000596, 130.690570039051), (-3.49999999976717E-1, -28.890000000596, 130.904709975102), (0., -28.890000000596, 130.890709975102), (-5.E-1, -28.890000000596, 130.910709975102), (-1.03324876283295, -28.890000000596, 130.932039925616), (-2., -28.890000000596, 130.770550039051), (-1.43487033242127, -28.890000000596, 131.199787638656), (-3., -28.890000000596, 130.810550039051), (-8., -28.890000000596, 131.035659396966), (-16.5, -28.890000000596, 130.473050039051), (-17.0857854694477, -28.890000000596, 130.808514760231), (-17.3196247437154, -28.890000000596, 130.652621910695), (-18.5509373535751, -28.890000000596, 130.621839095449), (-18.7204114079941, -28.890000000596, 130.583707433198), (-19., -28.890000000596, 130.410550039051), (-19., -28.890000000596, 130.562738288799), (-19.1500000000233, -28.890000000596, 130.406800039051), (-19.2795885920059, -28.890000000596, 130.583707433198), (-19.3406451108749, -28.890000000596, 130.597445149954), (-3.49999999976717E-1, -38.890000000596, 130.904550039051), (-5.00000023748726E-4, -38.890000000596, 130.890570039051), (-5.E-1, -38.890000000596, 130.910550039051), (-3.49999999976717E-1, -38.890000000596, 131.104709975102), (0., -38.890000000596, 131.090709975102), (-5.E-1, -38.890000000596, 131.110709975102), (-1.03324876283295, -38.890000000596, 131.132039925616), (-2., -38.890000000596, 130.970550039051), (-1.43487033242127, -38.890000000596, 131.399787638656), (-3., -38.890000000596, 131.010550039051), (-8., -38.890000000596, 131.235659396966), (-16.5, -38.890000000596, 130.673050039051), (-17.0857854694477, -38.890000000596, 131.008514760231), (-17.3196247437154, -38.890000000596, 130.852621910695), (-18.5509373535751, -38.890000000596, 130.821839095449), (-18.7204114079941, -38.890000000596, 130.783707433199), (-19., -38.890000000596, 130.610550039051), (-19., -38.890000000596, 130.762738288799), (-19.1500000000233, -38.890000000596, 130.606800039051), (-19.2795885920059, -38.890000000596, 130.783707433199), (-19.3406451108749, -38.890000000596, 130.797445149954), (-3.49999999976717E-1, -48.890000000596, 131.104550039051), (-5.00000023748726E-4, -48.890000000596, 131.090570039051), (-5.E-1, -48.890000000596, 131.110550039051), (-3.49999999976717E-1, -48.890000000596, 131.304709975102), (0., -48.890000000596, 131.290709975102), (-5.E-1, -48.890000000596, 131.310709975102), (-1.03324876283295, -48.890000000596, 131.332039925616), (-2., -48.890000000596, 131.170550039051), (-1.43487033242127, -48.890000000596, 131.599787638656), (-3., -48.890000000596, 131.210550039051), (-8., -48.890000000596, 131.435659396966), (-16.5, -48.890000000596, 130.873050039051), (-17.0857854694477, -48.890000000596, 131.208514760231), (-17.3196247437154, -48.890000000596, 131.052621910695), (-18.5509373535751, -48.890000000596, 131.021839095449), (-18.7204114079941, -48.890000000596, 130.983707433199), (-19., -48.890000000596, 130.810550039051), (-19., -48.890000000596, 130.962738288799), (-19.1500000000233, -48.890000000596, 130.806800039051), (-19.2795885920059, -48.890000000596, 130.983707433199), (-19.3406451108749, -48.890000000596, 130.997445149954), (-3.49999999976717E-1, -58.890000000596, 131.304550039051), (-5.00000023748726E-4, -58.890000000596, 131.290570039051), (-5.E-1, -58.890000000596, 131.310550039051), (-3.49999999976717E-1, -58.890000000596, 131.504709975102), (0., -58.890000000596, 131.490709975102), (-5.E-1, -58.890000000596, 131.510709975102), (-1.03324876283295, -58.890000000596, 131.532039925616), (-2., -58.890000000596, 131.370550039051), (-1.43487033242127, -58.890000000596, 131.799787638656), (-3., -58.890000000596, 131.410550039051), (-8., -58.890000000596, 131.635659396966), (-16.5, -58.890000000596, 131.073050039051), (-17.0857854694477, -58.890000000596, 131.408514760231), (-17.3196247437154, -58.890000000596, 131.252621910695), (-18.5509373535751, -58.890000000596, 131.221839095449), (-18.7204114079941, -58.890000000596, 131.183707433199), (-19., -58.890000000596, 131.010550039051), (-19., -58.890000000596, 131.162738288799), (-19.1500000000233, -58.890000000596, 131.006800039051), (-19.2795885920059, -58.890000000596, 131.183707433199), (-19.3406451108749, -58.890000000596, 131.197445149954), (-3.49999999976717E-1, -68.890000000596, 131.504550039051), (-5.00000023748726E-4, -68.890000000596, 131.490570039051), (-5.E-1, -68.890000000596, 131.510550039051), (-3.49999999976717E-1, -68.890000000596, 131.704709975102), (0., -68.890000000596, 131.690709975102), (-5.E-1, -68.890000000596, 131.710709975102), (-1.03324876283295, -68.890000000596, 131.732039925616), (-2., -68.890000000596, 131.570550039051), (-1.43487033242127, -68.890000000596, 131.999787638656), (-3., -68.890000000596, 131.610550039051), (-8., -68.890000000596, 131.835659396966), (-16.5, -68.890000000596, 131.273050039051), (-17.0857854694477, -68.890000000596, 131.608514760231), (-17.3196247437154, -68.890000000596, 131.452621910695), (-18.5509373535751, -68.890000000596, 131.421839095449), (-18.7204114079941, -68.890000000596, 131.383707433199), (-19., -68.890000000596, 131.210550039051), (-19., -68.890000000596, 131.362738288799), (-19.1500000000233, -68.890000000596, 131.206800039051), (-19.2795885920059, -68.890000000596, 131.383707433199), (-19.3406451108749, -68.890000000596, 131.397445149954), (-3.49999999976717E-1, -78.890000000596, 131.704550039051), (-5.00000023748726E-4, -78.890000000596, 131.690570039051), (-5.E-1, -78.890000000596, 131.710550039051), (-3.49999999976717E-1, -78.890000000596, 131.904709975102), (0., -78.890000000596, 131.890709975102), (-5.E-1, -78.890000000596, 131.910709975102), (-1.03324876283295, -78.890000000596, 131.932039925616), (-2., -78.890000000596, 131.770550039051), (-1.43487033242127, -78.890000000596, 132.199787638656), (-3., -78.890000000596, 131.810550039051), (-8., -78.890000000596, 132.035659396966), (-16.5, -78.890000000596, 131.473050039051), (-17.0857854694477, -78.890000000596, 131.808514760231), (-17.3196247437154, -78.890000000596, 131.652621910695), (-18.5509373535751, -78.890000000596, 131.621839095449), (-18.7204114079941, -78.890000000596, 131.583707433199), (-19., -78.890000000596, 131.410550039051), (-19., -78.890000000596, 131.562738288799), (-19.1500000000233, -78.890000000596, 131.406800039051), (-19.2795885920059, -78.890000000596, 131.583707433199), (-19.3406451108749, -78.890000000596, 131.597445149954), (-3.49999999976717E-1, -88.890000000596, 131.904550039051), (-5.00000023748726E-4, -88.890000000596, 131.890570039051), (-5.E-1, -88.890000000596, 131.910550039051), (-3.49999999976717E-1, -88.890000000596, 132.104709975102), (0., -88.890000000596, 132.090709975102), (-5.E-1, -88.890000000596, 132.110709975102), (-1.03324876283295, -88.890000000596, 132.132039925616), (-2., -88.890000000596, 131.970550039051), (-1.43487033242127, -88.890000000596, 132.399787638656), (-3., -88.890000000596, 132.010550039051), (-8., -88.890000000596, 132.235659396967), (-16.5, -88.890000000596, 131.673050039051), (-17.0857854694477, -88.890000000596, 132.008514760231), (-17.3196247437154, -88.890000000596, 131.852621910695), (-18.5509373535751, -88.890000000596, 131.821839095449), (-18.7204114079941, -88.890000000596, 131.783707433199), (-19., -88.890000000596, 131.610550039051), (-19., -88.890000000596, 131.762738288799), (-19.1500000000233, -88.890000000596, 131.606800039051), (-19.2795885920059, -88.890000000596, 131.783707433199), (-19.3406451108749, -88.890000000596, 131.797445149954), (-3.49999999976717E-1, -92.8500000005588, 131.983750039036), (-5.00000023748726E-4, -92.8500000005588, 131.969770039036), (-5.E-1, -92.8500000005588, 131.989750039036), (-3.49999999976717E-1, -92.8500000005588, 132.183909975087), (0., -92.8500000005588, 132.169909975087), (-5.E-1, -92.8500000005588, 132.189909975087), (-1.03324876283295, -92.8500000005588, 132.211239925601), (-2., -92.8500000005588, 132.049750039036), (-1.43487033242127, -92.8500000005588, 132.478987638642), (-3., -92.8500000005588, 132.089750039036), (-8., -92.8500000005588, 132.314859396952), (-16.5, -92.8500000005588, 131.752250039036), (-17.0857854694477, -92.8500000005588, 132.087714760216), (-17.3196247437154, -92.8500000005588, 131.931821910681), (-18.5509373535751, -92.8500000005588, 131.901039095435), (-18.7204114079941, -92.8500000005588, 131.862907433184), (-19., -92.8500000005588, 131.689750039036), (-19., -92.8500000005588, 131.841938288785), (-19.1500000000233, -92.8500000005588, 131.686000039036), (-19.2795885920059, -92.8500000005588, 131.862907433184), (-19.3406451108749, -92.8500000005588, 131.876645149939)));
#652 = IFCTRIANGULATEDFACESET(#651, $, .T., ((1, 6, 5), (3, 6, 1), (3, 1, 2), (4, 3, 2), (4, 2, 7), (7, 2, 9), (8, 7, 9), (10, 8, 9), (11, 8, 10), (11, 10, 23), (24, 11, 23), (24, 23, 25), (25, 23, 29), (26, 25, 29), (27, 26, 29), (28, 27, 29), (28, 29, 30), (31, 28, 30), (31, 30, 32), (6, 15, 17), (6, 3, 15), (15, 41, 17), (3, 16, 15), (15, 39, 41), (3, 4, 16), (16, 39, 15), (41, 39, 67), (4, 18, 16), (16, 40, 39), (41, 67, 69), (39, 68, 67), (4, 7, 18), (18, 40, 16), (39, 40, 68), (67, 90, 69), (67, 68, 89), (18, 42, 40), (40, 70, 68), (67, 88, 90), (67, 89, 88), (68, 91, 89), (40, 42, 70), (68, 70, 91), (90, 88, 109), (88, 89, 110), (89, 91, 112), (90, 109, 111), (88, 110, 109), (89, 112, 110), (111, 109, 130), (109, 110, 131), (110, 112, 133), (111, 130, 132), (109, 131, 130), (110, 133, 131), (130, 153, 132), (131, 151, 130), (133, 152, 131), (130, 151, 153), (131, 152, 151), (133, 154, 152), (153, 151, 172), (151, 152, 173), (152, 154, 175), (153, 172, 174), (151, 173, 172), (152, 175, 173), (172, 195, 174), (173, 193, 172), (175, 194, 173), (172, 193, 195), (173, 194, 193), (175, 196, 194), (195, 193, 214), (193, 194, 215), (194, 196, 217), (195, 214, 216), (193, 215, 214), (194, 217, 215), (214, 237, 216), (215, 235, 214), (217, 236, 215), (214, 235, 237), (215, 236, 235), (217, 238, 236), (237, 235, 246), (235, 236, 247), (236, 238, 249), (237, 246, 248), (235, 247, 246), (236, 249, 247), (248, 246, 253), (246, 247, 254), (247, 249, 257), (248, 253, 255), (246, 254, 253), (247, 257, 254), (253, 270, 255), (254, 268, 253), (257, 269, 254), (253, 268, 270), (254, 269, 268), (257, 271, 269), (270, 268, 281), (268, 269, 282), (269, 271, 284), (270, 281, 283), (268, 282, 281), (269, 284, 282), (283, 281, 288), (281, 282, 289), (282, 284, 292), (283, 288, 290), (281, 289, 288), (282, 292, 289), (288, 363, 290), (289, 361, 288), (292, 362, 289), (288, 361, 363), (289, 362, 361), (292, 364, 362), (363, 361, 382), (361, 362, 383), (362, 364, 385), (363, 382, 384), (361, 383, 382), (362, 385, 383), (384, 382, 403), (382, 383, 404), (383, 385, 406), (384, 403, 405), (382, 404, 403), (383, 406, 404), (403, 425, 405), (403, 404, 426), (404, 406, 427), (403, 424, 425), (403, 426, 424), (404, 427, 426), (425, 424, 445), (424, 426, 447), (426, 427, 448), (425, 445, 446), (424, 447, 445), (426, 448, 447), (445, 467, 446), (447, 466, 445), (448, 468, 447), (445, 466, 467), (447, 468, 466), (448, 469, 468), (467, 466, 487), (466, 468, 489), (468, 469, 490), (467, 487, 488), (466, 489, 487), (468, 490, 489), (487, 509, 488), (489, 508, 487), (490, 510, 489), (487, 508, 509), (489, 510, 508), (490, 511, 510), (509, 508, 529), (508, 510, 531), (510, 511, 532), (509, 529, 530), (508, 531, 529), (510, 532, 531), (529, 551, 530), (531, 550, 529), (532, 552, 531), (529, 550, 551), (531, 552, 550), (532, 553, 552), (551, 550, 571), (550, 552, 573), (552, 553, 574), (551, 571, 572), (550, 573, 571), (552, 574, 573), (7, 19, 18), (7, 8, 19), (19, 42, 18), (19, 43, 42), (42, 43, 71), (42, 71, 70), (70, 71, 92), (70, 92, 91), (91, 92, 113), (91, 113, 112), (112, 113, 134), (112, 134, 133), (134, 154, 133), (134, 155, 154), (154, 155, 177), (154, 177, 175), (177, 196, 175), (177, 198, 196), (196, 198, 219), (196, 219, 217), (219, 238, 217), (219, 240, 238), (238, 240, 258), (238, 258, 249), (249, 258, 260), (249, 260, 257), (260, 271, 257), (260, 273, 271), (271, 273, 293), (271, 293, 284), (284, 293, 295), (284, 295, 292), (295, 364, 292), (295, 366, 364), (364, 366, 387), (364, 387, 385), (385, 387, 408), (385, 408, 406), (406, 408, 429), (406, 429, 427), (427, 429, 450), (427, 450, 448), (450, 469, 448), (450, 471, 469), (469, 471, 492), (469, 492, 490), (492, 511, 490), (492, 513, 511), (511, 513, 534), (511, 534, 532), (534, 553, 532), (534, 555, 553), (553, 555, 576), (553, 576, 574), (8, 22, 19), (8, 11, 22), (22, 43, 19), (11, 34, 22), (22, 52, 43), (11, 24, 34), (34, 52, 22), (43, 52, 74), (34, 55, 52), (43, 74, 71), (52, 76, 74), (52, 55, 76), (71, 74, 95), (74, 76, 97), (71, 95, 92), (74, 97, 95), (92, 95, 116), (95, 97, 118), (92, 116, 113), (95, 118, 116), (113, 116, 137), (116, 118, 139), (113, 137, 134), (116, 139, 137), (137, 155, 134), (139, 158, 137), (137, 158, 155), (139, 160, 158), (155, 158, 179), (158, 160, 181), (155, 179, 177), (158, 181, 179), (177, 179, 200), (179, 181, 202), (177, 200, 198), (179, 202, 200), (200, 219, 198), (202, 221, 200), (200, 221, 219), (202, 223, 221), (221, 240, 219), (223, 242, 221), (221, 242, 240), (223, 277, 242), (242, 258, 240), (277, 263, 242), (242, 263, 258), (277, 310, 263), (258, 263, 264), (263, 310, 311), (258, 264, 260), (263, 311, 264), (260, 264, 276), (264, 311, 329), (260, 276, 273), (264, 329, 276), (273, 276, 301), (276, 329, 340), (273, 301, 293), (276, 340, 301), (301, 295, 293), (340, 302, 301), (301, 302, 295), (340, 341, 302), (295, 302, 368), (302, 341, 370), (295, 368, 366), (302, 370, 368), (366, 368, 389), (368, 370, 391), (366, 389, 387), (368, 391, 389), (387, 389, 410), (389, 391, 412), (387, 410, 408), (389, 412, 410), (408, 410, 431), (410, 412, 433), (408, 431, 429), (410, 433, 431), (429, 431, 452), (431, 433, 454), (429, 452, 450), (431, 454, 452), (452, 471, 450), (454, 473, 452), (452, 473, 471), (454, 475, 473), (471, 473, 494), (473, 475, 496), (471, 494, 492), (473, 496, 494), (494, 513, 492), (496, 515, 494), (494, 515, 513), (496, 517, 515), (513, 515, 536), (515, 517, 538), (513, 536, 534), (515, 538, 536), (536, 555, 534), (538, 557, 536), (536, 557, 555), (538, 559, 557), (555, 557, 578), (557, 559, 580), (555, 578, 576), (557, 580, 578), (25, 34, 24), (25, 35, 34), (35, 55, 34), (35, 56, 55), (55, 56, 77), (55, 77, 76), (77, 97, 76), (77, 98, 97), (97, 98, 119), (97, 119, 118), (118, 119, 140), (118, 140, 139), (140, 160, 139), (140, 161, 160), (160, 161, 182), (160, 182, 181), (182, 202, 181), (182, 203, 202), (203, 223, 202), (203, 224, 223), (223, 224, 296), (223, 296, 277), (296, 310, 277), (296, 312, 310), (310, 312, 313), (310, 313, 311), (311, 313, 330), (311, 330, 329), (329, 330, 342), (329, 342, 340), (340, 342, 343), (340, 343, 341), (343, 370, 341), (343, 371, 370), (370, 371, 392), (370, 392, 391), (391, 392, 413), (391, 413, 412), (412, 413, 434), (412, 434, 433), (433, 434, 455), (433, 455, 454), (455, 475, 454), (455, 476, 475), (476, 496, 475), (476, 497, 496), (496, 497, 518), (496, 518, 517), (518, 538, 517), (518, 539, 538), (539, 559, 538), (539, 560, 559), (559, 560, 581), (559, 581, 580), (26, 35, 25), (26, 46, 35), (26, 47, 46), (46, 56, 35), (26, 27, 47), (47, 57, 46), (46, 57, 56), (27, 48, 47), (47, 58, 57), (56, 57, 78), (27, 28, 48), (48, 58, 47), (57, 58, 79), (56, 78, 77), (57, 79, 78), (28, 51, 48), (48, 60, 58), (58, 81, 79), (78, 98, 77), (78, 79, 100), (28, 31, 51), (51, 60, 48), (58, 60, 81), (79, 81, 102), (78, 99, 98), (78, 100, 99), (79, 102, 100), (31, 53, 51), (51, 62, 60), (60, 83, 81), (81, 104, 102), (98, 99, 120), (99, 100, 121), (100, 102, 123), (31, 32, 53), (51, 53, 63), (51, 63, 62), (60, 62, 83), (81, 83, 104), (102, 104, 125), (98, 120, 119), (99, 121, 120), (100, 123, 121), (102, 125, 123), (62, 63, 84), (62, 84, 83), (83, 105, 104), (104, 126, 125), (119, 120, 141), (120, 121, 142), (121, 123, 144), (123, 125, 146), (83, 84, 105), (104, 105, 126), (125, 126, 147), (119, 141, 140), (120, 142, 141), (121, 144, 142), (123, 146, 144), (125, 147, 146), (141, 161, 140), (142, 162, 141), (144, 163, 142), (146, 165, 144), (146, 147, 168), (141, 162, 161), (142, 163, 162), (144, 165, 163), (146, 167, 165), (146, 168, 167), (161, 162, 183), (162, 163, 184), (163, 165, 186), (165, 167, 188), (167, 168, 189), (161, 183, 182), (162, 184, 183), (163, 186, 184), (165, 188, 186), (167, 189, 188), (183, 203, 182), (183, 184, 205), (184, 186, 207), (188, 207, 186), (189, 209, 188), (183, 204, 203), (183, 205, 204), (184, 207, 205), (188, 209, 207), (189, 210, 209), (204, 224, 203), (205, 225, 204), (207, 226, 205), (207, 209, 230), (209, 210, 231), (204, 225, 224), (205, 226, 225), (207, 228, 226), (207, 230, 228), (209, 231, 230), (225, 296, 224), (226, 299, 225), (228, 300, 226), (230, 304, 228), (231, 306, 230), (225, 299, 296), (226, 300, 299), (228, 304, 300), (230, 306, 304), (231, 307, 306), (299, 312, 296), (300, 314, 299), (304, 316, 300), (304, 306, 325), (306, 307, 327), (299, 314, 312), (300, 316, 314), (304, 320, 316), (304, 325, 320), (306, 327, 325), (312, 314, 315), (314, 316, 317), (316, 320, 322), (320, 325, 326), (325, 327, 328), (312, 315, 313), (314, 317, 315), (316, 322, 317), (320, 326, 322), (325, 328, 326), (313, 315, 331), (315, 317, 332), (317, 322, 336), (326, 336, 322), (328, 338, 326), (313, 331, 330), (315, 332, 331), (317, 336, 332), (326, 338, 336), (328, 339, 338), (330, 331, 344), (331, 332, 346), (332, 336, 349), (336, 338, 354), (338, 339, 356), (330, 344, 342), (331, 346, 344), (332, 349, 346), (336, 354, 349), (338, 356, 354), (342, 344, 345), (346, 345, 344), (349, 347, 346), (349, 354, 355), (354, 356, 357), (342, 345, 343), (346, 347, 345), (349, 351, 347), (349, 355, 351), (354, 357, 355), (345, 371, 343), (345, 347, 373), (347, 351, 375), (355, 375, 351), (357, 377, 355), (345, 372, 371), (345, 373, 372), (347, 375, 373), (355, 377, 375), (357, 378, 377), (371, 372, 393), (372, 373, 394), (373, 375, 396), (375, 377, 398), (377, 378, 399), (371, 393, 392), (372, 394, 393), (373, 396, 394), (375, 398, 396), (377, 399, 398), (392, 393, 414), (393, 394, 415), (394, 396, 417), (396, 398, 419), (398, 399, 420), (392, 414, 413), (393, 415, 414), (394, 417, 415), (396, 419, 417), (398, 420, 419), (413, 414, 435), (414, 415, 436), (415, 417, 438), (417, 419, 440), (419, 420, 441), (413, 435, 434), (414, 436, 435), (415, 438, 436), (417, 440, 438), (419, 441, 440), (434, 435, 456), (435, 436, 457), (436, 438, 459), (438, 440, 461), (440, 441, 462), (434, 456, 455), (435, 457, 456), (436, 459, 457), (438, 461, 459), (440, 462, 461), (456, 476, 455), (457, 477, 456), (459, 478, 457), (461, 480, 459), (461, 462, 483), (456, 477, 476), (457, 478, 477), (459, 480, 478), (461, 482, 480), (461, 483, 482), (476, 477, 498), (477, 478, 499), (478, 480, 501), (480, 482, 503), (482, 483, 504), (476, 498, 497), (477, 499, 498), (478, 501, 499), (480, 503, 501), (482, 504, 503), (497, 498, 519), (499, 519, 498), (501, 520, 499), (503, 522, 501), (503, 504, 525), (497, 519, 518), (499, 520, 519), (501, 522, 520), (503, 524, 522), (503, 525, 524), (519, 539, 518), (519, 520, 541), (520, 522, 543), (522, 524, 545), (524, 525, 546), (519, 540, 539), (519, 541, 540), (520, 543, 541), (522, 545, 543), (524, 546, 545), (540, 560, 539), (541, 561, 540), (543, 562, 541), (545, 564, 543), (545, 546, 567), (540, 561, 560), (541, 562, 561), (543, 564, 562), (545, 566, 564), (545, 567, 566), (560, 561, 582), (561, 562, 583), (562, 564, 585), (564, 566, 587), (566, 567, 588), (560, 582, 581), (561, 583, 582), (562, 585, 583), (564, 587, 585), (566, 588, 587), (32, 50, 53), (32, 30, 50), (53, 50, 61), (53, 61, 63), (61, 84, 63), (61, 82, 84), (84, 82, 103), (84, 103, 105), (105, 103, 124), (105, 124, 126), (126, 124, 145), (126, 145, 147), (147, 145, 166), (147, 166, 168), (168, 166, 187), (168, 187, 189), (189, 187, 208), (189, 208, 210), (208, 231, 210), (208, 229, 231), (231, 229, 305), (231, 305, 307), (305, 327, 307), (305, 323, 327), (327, 323, 324), (327, 324, 328), (328, 324, 337), (328, 337, 339), (339, 337, 352), (339, 352, 356), (352, 357, 356), (352, 353, 357), (357, 353, 376), (357, 376, 378), (378, 376, 397), (378, 397, 399), (399, 397, 418), (399, 418, 420), (420, 418, 439), (420, 439, 441), (441, 439, 460), (441, 460, 462), (462, 460, 481), (462, 481, 483), (481, 504, 483), (481, 502, 504), (504, 502, 523), (504, 523, 525), (525, 523, 544), (525, 544, 546), (546, 544, 565), (546, 565, 567), (567, 565, 586), (567, 586, 588), (29, 50, 30), (29, 49, 50), (23, 49, 29), (50, 49, 59), (23, 33, 49), (50, 59, 61), (49, 54, 59), (10, 33, 23), (49, 33, 54), (59, 82, 61), (54, 80, 59), (10, 21, 33), (33, 45, 54), (59, 80, 82), (54, 75, 80), (9, 21, 10), (33, 21, 45), (45, 75, 54), (82, 80, 101), (80, 75, 96), (9, 20, 21), (21, 44, 45), (45, 73, 75), (82, 101, 103), (80, 96, 101), (75, 94, 96), (2, 20, 9), (21, 20, 44), (44, 73, 45), (75, 73, 94), (103, 101, 122), (101, 96, 117), (96, 94, 115), (2, 13, 20), (20, 37, 44), (44, 72, 73), (73, 93, 94), (103, 122, 124), (101, 117, 122), (96, 115, 117), (94, 114, 115), (1, 13, 2), (20, 13, 37), (37, 72, 44), (73, 72, 93), (94, 93, 114), (124, 122, 143), (122, 117, 138), (117, 115, 136), (115, 114, 135), (1, 12, 13), (13, 36, 37), (37, 65, 72), (72, 86, 93), (93, 107, 114), (124, 143, 145), (122, 138, 143), (117, 136, 138), (115, 135, 136), (114, 128, 135), (5, 12, 1), (13, 12, 36), (36, 65, 37), (72, 65, 86), (93, 86, 107), (114, 107, 128), (145, 143, 164), (143, 138, 159), (138, 136, 157), (136, 135, 156), (135, 128, 149), (5, 14, 12), (12, 38, 36), (36, 64, 65), (65, 85, 86), (86, 106, 107), (107, 127, 128), (145, 164, 166), (143, 159, 164), (138, 157, 159), (136, 156, 157), (135, 149, 156), (128, 148, 149), (12, 14, 38), (38, 64, 36), (65, 64, 85), (86, 85, 106), (107, 106, 127), (128, 127, 148), (164, 187, 166), (159, 185, 164), (157, 180, 159), (156, 178, 157), (149, 176, 156), (148, 170, 149), (38, 66, 64), (64, 87, 85), (85, 108, 106), (106, 129, 127), (127, 150, 148), (164, 185, 187), (159, 180, 185), (157, 178, 180), (156, 176, 178), (149, 170, 176), (148, 169, 170), (64, 66, 87), (85, 87, 108), (106, 108, 129), (127, 129, 150), (150, 169, 148), (185, 208, 187), (180, 206, 185), (178, 201, 180), (178, 176, 197), (176, 170, 191), (170, 169, 190), (150, 171, 169), (185, 206, 208), (180, 201, 206), (178, 199, 201), (178, 197, 199), (176, 191, 197), (170, 190, 191), (169, 192, 190), (169, 171, 192), (208, 206, 227), (206, 201, 222), (201, 199, 220), (197, 220, 199), (191, 218, 197), (190, 212, 191), (192, 211, 190), (208, 227, 229), (206, 222, 227), (201, 220, 222), (197, 218, 220), (191, 212, 218), (190, 211, 212), (192, 213, 211), (229, 227, 303), (227, 222, 275), (222, 220, 241), (220, 218, 239), (218, 212, 233), (212, 211, 232), (211, 213, 234), (229, 303, 305), (227, 275, 303), (222, 241, 275), (220, 239, 241), (218, 233, 239), (212, 232, 233), (211, 234, 232), (305, 303, 319), (303, 275, 308), (275, 241, 261), (239, 261, 241), (233, 256, 239), (232, 244, 233), (234, 243, 232), (305, 319, 323), (303, 308, 319), (275, 261, 308), (239, 256, 261), (233, 244, 256), (232, 243, 244), (234, 245, 243), (319, 324, 323), (308, 321, 319), (261, 309, 308), (256, 262, 261), (244, 259, 256), (243, 251, 244), (245, 250, 243), (319, 321, 324), (308, 309, 321), (261, 262, 309), (256, 259, 262), (244, 251, 259), (243, 250, 251), (245, 252, 250), (321, 337, 324), (309, 335, 321), (262, 318, 309), (262, 259, 272), (259, 251, 266), (251, 250, 265), (250, 252, 267), (321, 335, 337), (309, 318, 335), (262, 274, 318), (262, 272, 274), (259, 266, 272), (251, 265, 266), (250, 267, 265), (337, 335, 348), (335, 318, 333), (318, 274, 297), (274, 272, 291), (272, 266, 279), (266, 265, 278), (265, 267, 280), (337, 348, 352), (335, 333, 348), (318, 297, 333), (274, 291, 297), (272, 279, 291), (266, 278, 279), (265, 280, 278), (352, 348, 350), (348, 333, 334), (333, 297, 298), (291, 298, 297), (279, 294, 291), (278, 286, 279), (280, 285, 278), (352, 350, 353), (348, 334, 350), (333, 298, 334), (291, 294, 298), (279, 286, 294), (278, 285, 286), (280, 287, 285), (350, 376, 353), (334, 374, 350), (298, 369, 334), (298, 294, 365), (294, 286, 359), (286, 285, 358), (285, 287, 360), (350, 374, 376), (334, 369, 374), (298, 367, 369), (298, 365, 367), (294, 359, 365), (286, 358, 359), (285, 360, 358), (376, 374, 395), (374, 369, 390), (369, 367, 388), (367, 365, 386), (365, 359, 380), (359, 358, 379), (358, 360, 381), (376, 395, 397), (374, 390, 395), (369, 388, 390), (367, 386, 388), (365, 380, 386), (359, 379, 380), (358, 381, 379), (397, 395, 416), (395, 390, 411), (390, 388, 409), (388, 386, 407), (386, 380, 401), (380, 379, 400), (379, 381, 402), (397, 416, 418), (395, 411, 416), (390, 409, 411), (388, 407, 409), (386, 401, 407), (380, 400, 401), (379, 402, 400), (418, 416, 437), (416, 411, 432), (411, 409, 430), (409, 407, 428), (407, 401, 422), (401, 400, 421), (400, 402, 423), (418, 437, 439), (416, 432, 437), (411, 430, 432), (409, 428, 430), (407, 422, 428), (401, 421, 422), (400, 423, 421), (439, 437, 458), (437, 432, 453), (432, 430, 451), (430, 428, 449), (428, 422, 444), (422, 421, 442), (421, 423, 443), (439, 458, 460), (437, 453, 458), (432, 451, 453), (430, 449, 451), (428, 444, 449), (422, 442, 444), (421, 443, 442), (460, 458, 479), (458, 453, 474), (453, 451, 472), (451, 449, 470), (449, 444, 465), (444, 442, 463), (442, 443, 464), (460, 479, 481), (458, 474, 479), (453, 472, 474), (451, 470, 472), (449, 465, 470), (444, 463, 465), (442, 464, 463), (479, 502, 481), (474, 500, 479), (472, 495, 474), (470, 493, 472), (465, 491, 470), (463, 486, 465), (464, 484, 463), (479, 500, 502), (474, 495, 500), (472, 493, 495), (470, 491, 493), (465, 486, 491), (463, 484, 486), (464, 485, 484), (502, 500, 521), (500, 495, 516), (495, 493, 514), (493, 491, 512), (491, 486, 507), (486, 484, 505), (484, 485, 506), (502, 521, 523), (500, 516, 521), (495, 514, 516), (493, 512, 514), (491, 507, 512), (486, 505, 507), (484, 506, 505), (521, 544, 523), (516, 542, 521), (514, 537, 516), (512, 535, 514), (507, 533, 512), (505, 528, 507), (506, 526, 505), (521, 542, 544), (516, 537, 542), (514, 535, 537), (512, 533, 535), (507, 528, 533), (505, 526, 528), (506, 527, 526), (544, 542, 563), (542, 537, 558), (537, 535, 556), (535, 533, 554), (533, 528, 549), (528, 526, 547), (526, 527, 548), (544, 563, 565), (542, 558, 563), (537, 556, 558), (535, 554, 556), (533, 549, 554), (528, 547, 549), (526, 548, 547), (563, 586, 565), (558, 584, 563), (556, 579, 558), (554, 577, 556), (549, 575, 554), (547, 570, 549), (548, 568, 547), (563, 584, 586), (558, 579, 584), (556, 577, 579), (554, 575, 577), (549, 570, 575), (547, 568, 570), (548, 569, 568), (6, 14, 5), (6, 17, 14), (17, 38, 14), (17, 41, 38), (38, 41, 69), (38, 69, 66), (69, 87, 66), (69, 90, 87), (87, 90, 111), (87, 111, 108), (108, 111, 132), (108, 132, 129), (132, 150, 129), (132, 153, 150), (150, 153, 174), (150, 174, 171), (174, 192, 171), (174, 195, 192), (192, 195, 216), (192, 216, 213), (216, 234, 213), (216, 237, 234), (234, 237, 248), (234, 248, 245), (248, 252, 245), (248, 255, 252), (255, 267, 252), (255, 270, 267), (267, 270, 283), (267, 283, 280), (280, 283, 290), (280, 290, 287), (290, 360, 287), (290, 363, 360), (360, 363, 384), (360, 384, 381), (381, 384, 405), (381, 405, 402), (405, 423, 402), (405, 425, 423), (423, 425, 446), (423, 446, 443), (443, 446, 467), (443, 467, 464), (464, 467, 488), (464, 488, 485), (485, 488, 509), (485, 509, 506), (509, 527, 506), (509, 530, 527), (527, 530, 551), (527, 551, 548), (551, 569, 548), (551, 572, 569), (572, 568, 569), (572, 571, 568), (568, 571, 570), (571, 573, 570), (570, 573, 574), (570, 574, 575), (574, 576, 575), (576, 577, 575), (576, 578, 577), (577, 578, 579), (578, 580, 579), (579, 580, 581), (579, 581, 584), (581, 582, 584), (582, 583, 584), (583, 585, 584), (584, 585, 586), (585, 587, 586), (586, 587, 588)), $);
#653 = IFCCOLOURRGB($, 6.66666984558105E-1, 6.27451002597809E-1, 5.88235020637512E-1);
#654 = IFCSURFACESTYLERENDERING(#653, 0., $, $, $, $, $, $, .FLAT.);
#655 = IFCSURFACESTYLE('m:aaa096ff', .BOTH., (#654));
#656 = IFCPRESENTATIONSTYLEASSIGNMENT((#655));
#657 = IFCSTYLEDITEM(#652, (#656), $);
#658 = IFCSHAPEREPRESENTATION(#24, 'Body', 'Tessellation', (#652));
#659 = IFCPRODUCTDEFINITIONSHAPE($, $, (#658));
#660 = IFCDIRECTION((1., 0., 0.));
#661 = IFCDIRECTION((0., 0., 1.));
#662 = IFCCARTESIANPOINT((0., 0., 0.));
#663 = IFCAXIS2PLACEMENT3D(#662, #661, #660);
#664 = IFCLOCALPLACEMENT(#649, #663);
#665 = IFCBUILDINGELEMENTPROXY('3zFyg4gOfEMfbKPlw7Ebhb', #5, '670960,000-671143,960', '670960,000-671143,960', $, #664, #659, $, $);
#666 = IFCMATERIAL('Frostschutzmaterial', $, $);
#667 = IFCRELASSOCIATESMATERIAL('3XLrEdIen5EQipgJVxrNB4', #5, 'Frostschutzmaterial', $, (#665, #1028), #666);
#668 = IFCRELCONTAINEDINSPATIALSTRUCTURE('1_0xIT59965uI1$jt3hy4E', #5, $, $, (#665), #650);
#669 = IFCPROPERTYSINGLEVALUE('BauphaseEnde', $, IFCTEXT('2'), $);
#670 = IFCPROPERTYSINGLEVALUE('Bauphase', $, IFCTEXT('1'), $);
#671 = IFCPROPERTYSINGLEVALUE('BauphaseStart', $, IFCTEXT('1'), $);
#672 = IFCPROPERTYSET('1YhxKACkb6_w99EoR5Q54H', #5, 'Bauphase', $, (#669, #670, #671));
#673 = IFCRELDEFINESBYPROPERTIES('3oayDFIhvF8ezY5PGdLUDk', #5, 'Bauphase', $, (#665), #672);
#674 = IFCPROPERTYSINGLEVALUE('Material', $, IFCTEXT('Frostschutzschicht'), $);
#675 = IFCPROPERTYSET('2EQ0FkuKX9iQo64YDUjSMm', #5, 'Baustoff', $, (#674));
#676 = IFCRELDEFINESBYPROPERTIES('3kK5$MVBz6gO$X5VTrh3I9', #5, 'Baustoff', $, (#665), #675);
#677 = IFCPROPERTYSINGLEVALUE('Planer', $, IFCTEXT('Schuessler-Plan'), $);
#678 = IFCPROPERTYSINGLEVALUE('Quelle/Herkunft_Daten', $, IFCTEXT('card_1'), $);
#679 = IFCPROPERTYSINGLEVALUE('Bemerkungen', $, IFCTEXT('Senkrechte Sickerschicht herstellen'), $);
#680 = IFCPROPERTYSINGLEVALUE('LOG', $, IFCINTEGER(200), $);
#681 = IFCPROPERTYSINGLEVALUE('KBK_Nr', $, IFCTEXT('5.112.1.010'), $);
#682 = IFCPROPERTYSINGLEVALUE('Planungsnormen', $, IFCTEXT('ZTV SoB 04/07'), $);
#683 = IFCPROPERTYSINGLEVALUE('Bauteil', $, IFCTEXT('Aufbauschicht'), $);
#684 = IFCPROPERTYSINGLEVALUE('LOI', $, IFCINTEGER(200), $);
#685 = IFCPROPERTYSET('12Z11YOPb6uh8yJhmQ0uD7', #5, 'Bauteilinformation', $, (#677, #678, #679, #680, #681, #682, #683, #684));
#686 = IFCRELDEFINESBYPROPERTIES('2xblIChuPEEgOcI4qq_Mfo', #5, 'Bauteilinformation', $, (#665), #685);
#687 = IFCPROPERTYSINGLEVALUE('Objekttyp', $, IFCTEXT('Frostschutzschicht'), $);
#688 = IFCPROPERTYSINGLEVALUE('Objektklasse', $, IFCTEXT('Aufbauschicht'), $);
#689 = IFCPROPERTYSINGLEVALUE('Objektgruppe', $, IFCTEXT('Fahrbahnschicht'), $);
#690 = IFCPROPERTYSET('3sJS2w1s16yAPgGEVg12Ss', #5, 'Klassifizierung', $, (#687, #688, #689));
#691 = IFCRELDEFINESBYPROPERTIES('06fDyYaB53Owp2tE6VYMzT', #5, 'Klassifizierung', $, (#665), #690);
#692 = IFCPROPERTYSINGLEVALUE('Bauabschnitt', $, IFCTEXT('1'), $);
#693 = IFCPROPERTYSINGLEVALUE('Bereich', $, IFCTEXT('Sueden'), $);
#694 = IFCPROPERTYSINGLEVALUE('StationierungBis', $, IFCTEXT('671+143,960'), $);
#695 = IFCPROPERTYSINGLEVALUE('StationierungVon', $, IFCTEXT('670+960,000'), $);
#696 = IFCPROPERTYSINGLEVALUE('Von_BauKM', $, IFCLENGTHMEASURE(670960.), $);
#697 = IFCPROPERTYSINGLEVALUE('Achse', $, IFCTEXT('1'), $);
#698 = IFCPROPERTYSINGLEVALUE('Ebene', $, IFCTEXT('1'), $);
#699 = IFCPROPERTYSINGLEVALUE('Bis_BauKM', $, IFCLENGTHMEASURE(671143.96), $);
#700 = IFCPROPERTYSET('2U0f4uMbL688uqBSK_cZ_k', #5, 'Lage', $, (#692, #693, #694, #695, #696, #697, #698, #699));
#701 = IFCRELDEFINESBYPROPERTIES('1okXkMxV508wwqUMY_Q1La', #5, 'Lage', $, (#665), #700);
#702 = IFCDIRECTION((1., 0., 0.));
#703 = IFCDIRECTION((0., 0., 1.));
#704 = IFCCARTESIANPOINT((0., 0., 0.));
#705 = IFCAXIS2PLACEMENT3D(#704, #703, #702);
#706 = IFCLOCALPLACEMENT(#36, #705);
#707 = IFCBUILDINGSTOREY('0vTirvfPT5ZRKSVlFl_KEr', #5, 'Fahrbahn_L', $, $, #706, $, $, $, $);
#708 = IFCDIRECTION((1., 0., 0.));
#709 = IFCDIRECTION((0., 0., 1.));
#710 = IFCCARTESIANPOINT((0., 0., 0.));
#711 = IFCAXIS2PLACEMENT3D(#710, #709, #708);
#712 = IFCLOCALPLACEMENT(#706, #711);
#713 = IFCBUILDINGSTOREY('2CpbmGGyzDTOe$gAOuH2YL', #5, 'Decke', $, $, #712, $, $, $, $);
#714 = IFCRELAGGREGATES('12C4ER8J9D0eU1sEDcBM$J', #5, '', $, #707, (#713, #948, #1126));
#715 = IFCDIRECTION((1., 0., 0.));
#716 = IFCDIRECTION((0., 0., 1.));
#717 = IFCCARTESIANPOINT((0., 0., 0.));
#718 = IFCAXIS2PLACEMENT3D(#717, #716, #715);
#719 = IFCLOCALPLACEMENT(#712, #718);
#720 = IFCBUILDINGSTOREY('1DGZhrsjD3IBJ2uszMquEm', #5, 'FB_Decke', $, $, #719, $, $, $, $);
#721 = IFCRELAGGREGATES('1j8zAqS4rEWvSOmRMzFyUw', #5, '', $, #713, (#720, #779, #836, #892));
#722 = IFCCARTESIANPOINTLIST3D(((16.5, 91.109999999404, 128.8733), (16.5202594926814, 91.109999999404, 128.832781014635), (12.25, 91.109999999404, 128.97955), (8., 91.109999999404, 129.045787501952), (8., 91.109999999404, 129.0858), (16.5202594926814, 81.109999999404, 129.032781014635), (16.5, 81.109999999404, 129.0733), (12.25, 81.109999999404, 129.17955), (5., 91.109999999404, 129.1608), (8., 81.109999999404, 129.245787501952), (8., 81.109999999404, 129.2858), (2., 91.109999999404, 129.2358), (1.98024074168643, 91.109999999404, 129.19628148341), (5., 81.109999999404, 129.3608), (2., 81.109999999404, 129.4358), (1.98024074168643, 81.109999999404, 129.39628148341), (16.5202594926814, 71.109999999404, 129.232781014635), (16.5, 71.109999999404, 129.2733), (12.25, 71.109999999404, 129.37955), (8., 71.109999999404, 129.445787501952), (8., 71.109999999404, 129.4858), (5., 71.109999999404, 129.5608), (2., 71.109999999404, 129.6358), (1.98024074168643, 71.109999999404, 129.59628148341), (16.5202594926814, 61.109999999404, 129.432781014635), (16.5, 61.109999999404, 129.4733), (12.25, 61.109999999404, 129.57955), (8., 61.109999999404, 129.645787501952), (8., 61.109999999404, 129.6858), (5., 61.109999999404, 129.7608), (2., 61.109999999404, 129.8358), (1.98024074168643, 61.109999999404, 129.79628148341), (16.5202594926814, 51.109999999404, 129.632781014635), (16.5, 51.109999999404, 129.6733), (12.25, 51.109999999404, 129.77955), (8., 51.109999999404, 129.845787501953), (8., 51.109999999404, 129.8858), (5., 51.109999999404, 129.9608), (2., 51.109999999404, 130.0358), (1.98024074168643, 51.109999999404, 129.99628148341), (16.5202594926814, 41.109999999404, 129.832781014636), (16.5, 41.109999999404, 129.8733), (12.25, 41.109999999404, 129.97955), (8., 41.109999999404, 130.045787501953), (8., 41.109999999404, 130.0858), (5., 41.109999999404, 130.1608), (2., 41.109999999404, 130.2358), (1.98024074168643, 41.109999999404, 130.19628148341), (16.5202594926814, 31.109999999404, 130.032781014636), (16.5, 31.109999999404, 130.0733), (12.25, 31.109999999404, 130.17955), (8., 31.109999999404, 130.245787501953), (8., 31.109999999404, 130.2858), (5., 31.109999999404, 130.3608), (2., 31.109999999404, 130.4358), (1.98024074168643, 31.109999999404, 130.39628148341), (16.5202594926814, 21.109999999404, 130.232781014636), (16.5, 21.109999999404, 130.2733), (12.25, 21.109999999404, 130.37955), (8., 21.109999999404, 130.445787501953), (8., 21.109999999404, 130.4858), (5., 21.109999999404, 130.5608), (2., 21.109999999404, 130.6358), (1.98024074168643, 21.109999999404, 130.59628148341), (16.5202594926814, 11.109999999404, 130.432781014636), (16.5, 11.109999999404, 130.4733), (12.25, 11.109999999404, 130.57955), (8., 11.109999999404, 130.645787501953), (8., 11.109999999404, 130.6858), (5., 11.109999999404, 130.7608), (2., 11.109999999404, 130.8358), (1.98024074168643, 11.109999999404, 130.79628148341), (16.5202594926814, 8.10999999940395, 130.492781014636), (16.5, 8.10999999940395, 130.5333), (12.25, 8.10999999940395, 130.63955), (8., 8.10999999940395, 130.705787501953), (8., 8.10999999940395, 130.7458), (5., 8.10999999940395, 130.8208), (2., 8.10999999940395, 130.8958), (1.98024074168643, 8.10999999940395, 130.85628148341), (16.5202594926814, 4.10999999940395, 130.572781014636), (16.5, 4.10999999940395, 130.6133), (12.25, 4.10999999940395, 130.71955), (8., 4.10999999940395, 130.785787501953), (8., 4.10999999940395, 130.8258), (5., 4.10999999940395, 130.9008), (2., 4.10999999940395, 130.9758), (1.98024074168643, 4.10999999940395, 130.93628148341), (16.5202594926814, 1.10999999940395, 130.632781014636), (16.5, 1.10999999940395, 130.6733), (12.25, 1.10999999940395, 130.77955), (8., 1.10999999940395, 130.845787501953), (8., 1.10999999940395, 130.8858), (16.5202594926814, 4.6999999973923E-1, 130.645581014636), (16.5, 4.6999999973923E-1, 130.686100000001), (16.5202594926814, 4.59999999962747E-1, 130.645781014636), (16.5, 4.59999999962747E-1, 130.686300000001), (5., 1.10999999940395, 130.9608), (12.25, 4.6999999973923E-1, 130.792350000001), (12.25, 4.59999999962747E-1, 130.792550000001), (8., 4.6999999973923E-1, 130.858587501953), (8., 4.6999999973923E-1, 130.898600000001), (8., 4.59999999962747E-1, 130.858787501953), (8., 4.59999999962747E-1, 130.898800000001), (16.5202594926814, 0., 130.654981014635), (16.5, 0., 130.6955), (2., 1.10999999940395, 131.0358), (1.98024074168643, 1.10999999940395, 130.99628148341), (12.25, 0., 130.80175), (5., 4.6999999973923E-1, 130.973600000001), (5., 4.59999999962747E-1, 130.973800000001), (8., 0., 130.867987501953), (8., 0., 130.908), (16.5202594926814, -4.40000000409782E-1, 130.663781014637), (16.5, -4.40000000409782E-1, 130.704300000001), (16.5202594926814, -4.50000000186265E-1, 130.663981014637), (16.5, -4.50000000186265E-1, 130.704500000001), (12.25, -4.40000000409782E-1, 130.810550000001), (12.25, -4.50000000186265E-1, 130.810750000001), (2., 4.6999999973923E-1, 131.048600000001), (1.98024074168643, 4.6999999973923E-1, 131.00908148341), (2., 4.59999999962747E-1, 131.048800000001), (1.98024074168643, 4.59999999962747E-1, 131.009281483411), (5., 0., 130.983), (8., -4.40000000409782E-1, 130.876787501954), (8., -4.40000000409782E-1, 130.916800000001), (8., -4.50000000186265E-1, 130.876987501954), (8., -4.50000000186265E-1, 130.917000000001), (2., 0., 131.058), (1.98024074168643, 0., 131.01848148341), (5., -4.40000000409782E-1, 130.991800000001), (5., -4.50000000186265E-1, 130.992000000001), (2., -4.40000000409782E-1, 131.066800000001), (1.98024074168643, -4.40000000409782E-1, 131.027281483411), (2., -4.50000000186265E-1, 131.067000000001), (1.98024074168643, -4.50000000186265E-1, 131.027481483411), (16.5202594926814, -3.89000000059605, 130.732781014636), (16.5, -3.89000000059605, 130.7733), (12.25, -3.89000000059605, 130.87955), (8., -3.89000000059605, 130.945787501953), (8., -3.89000000059605, 130.9858), (5., -3.89000000059605, 131.0608), (2., -3.89000000059605, 131.1358), (1.98024074168643, -3.89000000059605, 131.09628148341), (16.5202594926814, -8.89000000059605, 130.832781014636), (16.5, -8.89000000059605, 130.8733), (12.25, -8.89000000059605, 130.97955), (8., -8.89000000059605, 131.045787501953), (8., -8.89000000059605, 131.0858), (5., -8.89000000059605, 131.1608), (2., -8.89000000059605, 131.2358), (1.98024074168643, -8.89000000059605, 131.19628148341), (16.5202594926814, -18.890000000596, 131.032781014636), (16.5, -18.890000000596, 131.0733), (12.25, -18.890000000596, 131.17955), (8., -18.890000000596, 131.245787501953), (8., -18.890000000596, 131.2858), (5., -18.890000000596, 131.3608), (2., -18.890000000596, 131.4358), (1.98024074168643, -18.890000000596, 131.39628148341), (16.5202594926814, -28.890000000596, 131.232781014636), (16.5, -28.890000000596, 131.2733), (12.25, -28.890000000596, 131.37955), (8., -28.890000000596, 131.445787501953), (8., -28.890000000596, 131.4858), (5., -28.890000000596, 131.5608), (2., -28.890000000596, 131.6358), (1.98024074168643, -28.890000000596, 131.59628148341), (16.5202594926814, -38.890000000596, 131.432781014636), (16.5, -38.890000000596, 131.4733), (12.25, -38.890000000596, 131.57955), (8., -38.890000000596, 131.645787501953), (8., -38.890000000596, 131.6858), (5., -38.890000000596, 131.7608), (2., -38.890000000596, 131.8358), (1.98024074168643, -38.890000000596, 131.79628148341), (16.5202594926814, -48.890000000596, 131.632781014636), (16.5, -48.890000000596, 131.673300000001), (12.25, -48.890000000596, 131.779550000001), (8., -48.890000000596, 131.845787501953), (8., -48.890000000596, 131.885800000001), (5., -48.890000000596, 131.9608), (2., -48.890000000596, 132.0358), (1.98024074168643, -48.890000000596, 131.99628148341), (16.5202594926814, -58.890000000596, 131.832781014636), (16.5, -58.890000000596, 131.873300000001), (12.25, -58.890000000596, 131.979550000001), (8., -58.890000000596, 132.045787501953), (8., -58.890000000596, 132.085800000001), (5., -58.890000000596, 132.160800000001), (2., -58.890000000596, 132.235800000001), (1.98024074168643, -58.890000000596, 132.196281483411), (16.5202594926814, -68.890000000596, 132.032781014636), (16.5, -68.890000000596, 132.073300000001), (12.25, -68.890000000596, 132.179550000001), (8., -68.890000000596, 132.245787501953), (8., -68.890000000596, 132.285800000001), (5., -68.890000000596, 132.360800000001), (2., -68.890000000596, 132.435800000001), (1.98024074168643, -68.890000000596, 132.396281483411), (16.5202594926814, -78.890000000596, 132.232781014636), (16.5, -78.890000000596, 132.273300000001), (12.25, -78.890000000596, 132.379550000001), (8., -78.890000000596, 132.445787501953), (8., -78.890000000596, 132.485800000001), (5., -78.890000000596, 132.560800000001), (2., -78.890000000596, 132.635800000001), (1.98024074168643, -78.890000000596, 132.596281483411), (16.5202594926814, -88.890000000596, 132.432781014636), (16.5, -88.890000000596, 132.473300000001), (12.25, -88.890000000596, 132.579550000001), (8., -88.890000000596, 132.645787501953), (8., -88.890000000596, 132.685800000001), (5., -88.890000000596, 132.760800000001), (2., -88.890000000596, 132.835800000001), (1.98024074168643, -88.890000000596, 132.796281483411), (16.5202594926814, -92.8500000005588, 132.511981014621), (16.5, -92.8500000005588, 132.552499999986), (12.25, -92.8500000005588, 132.658749999986), (8., -92.8500000005588, 132.724987501939), (8., -92.8500000005588, 132.764999999986), (5., -92.8500000005588, 132.839999999986), (2., -92.8500000005588, 132.914999999986), (1.98024074168643, -92.8500000005588, 132.875481483396)));
#723 = IFCTRIANGULATEDFACESET(#722, $, .T., ((1, 2, 3), (3, 2, 4), (5, 3, 4), (5, 4, 9), (9, 4, 13), (12, 9, 13), (2, 7, 6), (2, 1, 7), (6, 7, 18), (6, 18, 17), (17, 18, 26), (17, 26, 25), (25, 26, 34), (25, 34, 33), (33, 34, 42), (33, 42, 41), (41, 42, 50), (41, 50, 49), (49, 50, 58), (49, 58, 57), (57, 58, 66), (57, 66, 65), (66, 73, 65), (66, 74, 73), (73, 74, 82), (73, 82, 81), (82, 89, 81), (82, 90, 89), (89, 90, 95), (89, 95, 94), (94, 95, 97), (94, 97, 96), (97, 105, 96), (97, 106, 105), (105, 106, 115), (105, 115, 114), (114, 115, 117), (114, 117, 116), (117, 137, 116), (117, 138, 137), (137, 138, 146), (137, 146, 145), (145, 146, 154), (145, 154, 153), (153, 154, 162), (153, 162, 161), (161, 162, 170), (161, 170, 169), (169, 170, 178), (169, 178, 177), (177, 178, 186), (177, 186, 185), (185, 186, 194), (185, 194, 193), (193, 194, 202), (193, 202, 201), (201, 202, 210), (201, 210, 209), (209, 210, 218), (209, 218, 217), (1, 8, 7), (1, 3, 8), (7, 8, 19), (3, 11, 8), (7, 19, 18), (8, 21, 19), (3, 5, 11), (8, 11, 21), (18, 19, 27), (19, 21, 29), (5, 14, 11), (11, 22, 21), (18, 27, 26), (19, 29, 27), (21, 30, 29), (5, 9, 14), (11, 14, 22), (21, 22, 30), (26, 27, 35), (27, 29, 37), (29, 30, 38), (9, 15, 14), (14, 23, 22), (22, 31, 30), (26, 35, 34), (27, 37, 35), (29, 38, 37), (30, 39, 38), (9, 12, 15), (14, 15, 23), (22, 23, 31), (30, 31, 39), (34, 35, 43), (35, 37, 45), (37, 38, 46), (38, 39, 47), (34, 43, 42), (35, 45, 43), (37, 46, 45), (38, 47, 46), (42, 43, 51), (43, 45, 53), (45, 46, 54), (46, 47, 55), (42, 51, 50), (43, 53, 51), (45, 54, 53), (46, 55, 54), (50, 51, 59), (51, 53, 61), (53, 54, 62), (54, 55, 63), (50, 59, 58), (51, 61, 59), (53, 62, 61), (54, 63, 62), (58, 59, 67), (59, 61, 69), (61, 62, 70), (62, 63, 71), (58, 67, 66), (59, 69, 67), (61, 70, 69), (62, 71, 70), (67, 74, 66), (69, 75, 67), (70, 77, 69), (71, 78, 70), (67, 75, 74), (69, 77, 75), (70, 78, 77), (71, 79, 78), (74, 75, 83), (75, 77, 85), (77, 78, 86), (78, 79, 87), (74, 83, 82), (75, 85, 83), (77, 86, 85), (78, 87, 86), (83, 90, 82), (85, 91, 83), (86, 93, 85), (87, 98, 86), (83, 91, 90), (85, 93, 91), (86, 98, 93), (87, 107, 98), (90, 91, 99), (91, 93, 102), (93, 98, 110), (98, 107, 120), (90, 99, 95), (91, 102, 99), (93, 110, 102), (98, 120, 110), (95, 99, 100), (99, 102, 104), (102, 110, 111), (110, 120, 122), (95, 100, 97), (99, 104, 100), (102, 111, 104), (110, 122, 111), (100, 106, 97), (104, 109, 100), (111, 113, 104), (122, 124, 111), (100, 109, 106), (104, 113, 109), (111, 124, 113), (122, 129, 124), (106, 109, 118), (109, 113, 126), (113, 124, 131), (124, 129, 133), (106, 118, 115), (109, 126, 118), (113, 131, 126), (124, 133, 131), (115, 118, 119), (118, 126, 128), (126, 131, 132), (131, 133, 135), (115, 119, 117), (118, 128, 119), (126, 132, 128), (131, 135, 132), (119, 138, 117), (128, 139, 119), (132, 141, 128), (135, 142, 132), (119, 139, 138), (128, 141, 139), (132, 142, 141), (135, 143, 142), (138, 139, 147), (139, 141, 149), (141, 142, 150), (142, 143, 151), (138, 147, 146), (139, 149, 147), (141, 150, 149), (142, 151, 150), (146, 147, 155), (147, 149, 157), (149, 150, 158), (150, 151, 159), (146, 155, 154), (147, 157, 155), (149, 158, 157), (150, 159, 158), (154, 155, 163), (155, 157, 165), (157, 158, 166), (158, 159, 167), (154, 163, 162), (155, 165, 163), (157, 166, 165), (158, 167, 166), (162, 163, 171), (163, 165, 173), (165, 166, 174), (166, 167, 175), (162, 171, 170), (163, 173, 171), (165, 174, 173), (166, 175, 174), (170, 171, 179), (171, 173, 181), (173, 174, 182), (174, 175, 183), (170, 179, 178), (171, 181, 179), (173, 182, 181), (174, 183, 182), (178, 179, 187), (179, 181, 189), (181, 182, 190), (182, 183, 191), (178, 187, 186), (179, 189, 187), (181, 190, 189), (182, 191, 190), (186, 187, 195), (187, 189, 197), (189, 190, 198), (190, 191, 199), (186, 195, 194), (187, 197, 195), (189, 198, 197), (190, 199, 198), (194, 195, 203), (195, 197, 205), (197, 198, 206), (198, 199, 207), (194, 203, 202), (195, 205, 203), (197, 206, 205), (198, 207, 206), (202, 203, 211), (203, 205, 213), (205, 206, 214), (206, 207, 215), (202, 211, 210), (203, 213, 211), (205, 214, 213), (206, 215, 214), (210, 211, 219), (211, 213, 221), (213, 214, 222), (214, 215, 223), (210, 219, 218), (211, 221, 219), (213, 222, 221), (214, 223, 222), (12, 16, 15), (12, 13, 16), (15, 16, 24), (15, 24, 23), (24, 31, 23), (24, 32, 31), (31, 32, 40), (31, 40, 39), (40, 47, 39), (40, 48, 47), (47, 48, 56), (47, 56, 55), (55, 56, 64), (55, 64, 63), (63, 64, 72), (63, 72, 71), (71, 72, 80), (71, 80, 79), (80, 87, 79), (80, 88, 87), (87, 88, 108), (87, 108, 107), (108, 120, 107), (108, 121, 120), (120, 121, 123), (120, 123, 122), (122, 123, 130), (122, 130, 129), (129, 130, 134), (129, 134, 133), (134, 135, 133), (134, 136, 135), (135, 136, 144), (135, 144, 143), (143, 144, 152), (143, 152, 151), (152, 159, 151), (152, 160, 159), (159, 160, 168), (159, 168, 167), (167, 168, 176), (167, 176, 175), (175, 176, 184), (175, 184, 183), (184, 191, 183), (184, 192, 191), (191, 192, 200), (191, 200, 199), (200, 207, 199), (200, 208, 207), (207, 208, 216), (207, 216, 215), (215, 216, 224), (215, 224, 223), (13, 10, 16), (13, 4, 10), (16, 10, 20), (4, 6, 10), (16, 20, 24), (10, 17, 20), (4, 2, 6), (10, 6, 17), (20, 32, 24), (20, 17, 25), (20, 28, 32), (20, 25, 28), (32, 28, 36), (28, 25, 33), (32, 36, 40), (28, 33, 36), (36, 48, 40), (36, 33, 41), (36, 44, 48), (36, 41, 44), (48, 44, 52), (44, 41, 49), (48, 52, 56), (44, 49, 52), (56, 52, 60), (52, 49, 57), (56, 60, 64), (52, 57, 60), (64, 60, 68), (60, 57, 65), (64, 68, 72), (60, 65, 68), (72, 68, 76), (68, 65, 73), (72, 76, 80), (68, 73, 76), (76, 88, 80), (76, 73, 81), (76, 84, 88), (76, 81, 84), (88, 84, 92), (84, 81, 89), (88, 92, 108), (84, 89, 92), (92, 121, 108), (92, 89, 94), (92, 101, 121), (92, 94, 101), (121, 101, 103), (101, 94, 96), (121, 103, 123), (101, 96, 103), (123, 103, 112), (103, 96, 105), (123, 112, 130), (103, 105, 112), (130, 112, 125), (112, 105, 114), (130, 125, 134), (112, 114, 125), (125, 136, 134), (125, 114, 116), (125, 127, 136), (125, 116, 127), (136, 127, 140), (127, 116, 137), (136, 140, 144), (127, 137, 140), (144, 140, 148), (140, 137, 145), (144, 148, 152), (140, 145, 148), (148, 160, 152), (148, 145, 153), (148, 156, 160), (148, 153, 156), (160, 156, 164), (156, 153, 161), (160, 164, 168), (156, 161, 164), (168, 164, 172), (164, 161, 169), (168, 172, 176), (164, 169, 172), (176, 172, 180), (172, 169, 177), (176, 180, 184), (172, 177, 180), (180, 192, 184), (180, 177, 185), (180, 188, 192), (180, 185, 188), (192, 188, 196), (188, 185, 193), (192, 196, 200), (188, 193, 196), (196, 208, 200), (196, 193, 201), (196, 204, 208), (196, 201, 204), (208, 204, 212), (204, 201, 209), (208, 212, 216), (204, 209, 212), (216, 212, 220), (212, 209, 217), (216, 220, 224), (212, 217, 220), (217, 218, 219), (217, 219, 220), (219, 221, 220), (220, 221, 222), (220, 222, 224), (222, 223, 224)), $);
#724 = IFCCOLOURRGB($, 3.13724994659424E-1, 3.13724994659424E-1, 3.13724994659424E-1);
#725 = IFCSURFACESTYLERENDERING(#724, 0., $, $, $, $, $, $, .FLAT.);
#726 = IFCSURFACESTYLE('m:505050ff', .BOTH., (#725));
#727 = IFCPRESENTATIONSTYLEASSIGNMENT((#726));
#728 = IFCSTYLEDITEM(#723, (#727), $);
#729 = IFCSHAPEREPRESENTATION(#24, 'Body', 'Tessellation', (#723));
#730 = IFCPRODUCTDEFINITIONSHAPE($, $, (#729));
#731 = IFCDIRECTION((1., 0., 0.));
#732 = IFCDIRECTION((0., 0., 1.));
#733 = IFCCARTESIANPOINT((0., 0., 0.));
#734 = IFCAXIS2PLACEMENT3D(#733, #732, #731);
#735 = IFCLOCALPLACEMENT(#719, #734);
#736 = IFCBUILDINGELEMENTPROXY('2ZfvPdSprCDgayG$Qm0Q7b', #5, '670960,000-671143,960', '670960,000-671143,960', $, #735, #730, $, $);
#737 = IFCRELCONTAINEDINSPATIALSTRUCTURE('2ULgFBZ2f9jRYoOMeqACAw', #5, $, $, (#736), #720);
#738 = IFCPROPERTYSINGLEVALUE('BauphaseEnde', $, IFCTEXT('2'), $);
#739 = IFCPROPERTYSINGLEVALUE('Bauphase', $, IFCTEXT('1'), $);
#740 = IFCPROPERTYSINGLEVALUE('BauphaseStart', $, IFCTEXT('1'), $);
#741 = IFCPROPERTYSET('2EcZgqUsnBhxx1_CTFsFLO', #5, 'Bauphase', $, (#738, #739, #740));
#742 = IFCRELDEFINESBYPROPERTIES('0F_DLDQr96Wuu16VjcBk9n', #5, 'Bauphase', $, (#736), #741);
#743 = IFCPROPERTYSINGLEVALUE('Material', $, IFCTEXT('Splittmastixasphalt'), $);
#744 = IFCPROPERTYSET('3HsgEEGQ5AluGTMTqLbpic', #5, 'Baustoff', $, (#743));
#745 = IFCRELDEFINESBYPROPERTIES('2OIa_fA5P20hzVettPCwa1', #5, 'Baustoff', $, (#736), #744);
#746 = IFCPROPERTYSINGLEVALUE('Planer', $, IFCTEXT('Schuessler-Plan'), $);
#747 = IFCPROPERTYSINGLEVALUE('Belastungsklasse', $, IFCTEXT('100'), $);
#748 = IFCPROPERTYSINGLEVALUE('Quelle/Herkunft_Daten', $, IFCTEXT('card_1'), $);
#749 = IFCPROPERTYSINGLEVALUE('Bemerkungen', $, IFCTEXT('RStO12/24, Tafel 1, Zeile 5, Spalte 1'), $);
#750 = IFCPROPERTYSINGLEVALUE('LOG', $, IFCINTEGER(200), $);
#751 = IFCPROPERTYSINGLEVALUE('Verkehrsflaeche', $, IFCREAL(1.), $);
#752 = IFCPROPERTYSINGLEVALUE('KBK_Nr', $, IFCTEXT('5.113.3.030'), $);
#753 = IFCPROPERTYSINGLEVALUE('Planungsnormen', $, IFCTEXT('ZTV Asphalt-StB 07/13'), $);
#754 = IFCPROPERTYSINGLEVALUE('Bauteil', $, IFCTEXT('Aufbauschicht'), $);
#755 = IFCPROPERTYSINGLEVALUE('Dicke', $, IFCLENGTHMEASURE(4.E-2), $);
#756 = IFCPROPERTYSINGLEVALUE('LOI', $, IFCINTEGER(200), $);
#757 = IFCPROPERTYSET('2KwP9C3yn0ghSuTnhW46Z1', #5, 'Bauteilinformation', $, (#746, #747, #748, #749, #750, #751, #752, #753, #754, #755, #756));
#758 = IFCRELDEFINESBYPROPERTIES('33PAaHn450ABiEAqI1YKlJ', #5, 'Bauteilinformation', $, (#736), #757);
#759 = IFCPROPERTYSINGLEVALUE('Objekttyp', $, IFCTEXT('Deckschicht'), $);
#760 = IFCPROPERTYSINGLEVALUE('Objektklasse', $, IFCTEXT('Aufbauschicht'), $);
#761 = IFCPROPERTYSINGLEVALUE('Objektgruppe', $, IFCTEXT('Fahrbahnschicht'), $);
#762 = IFCPROPERTYSET('0fScpuc8b9vwcf4Zy_PEs6', #5, 'Klassifizierung', $, (#759, #760, #761));
#763 = IFCRELDEFINESBYPROPERTIES('2sMuDAJhPDzQXwwbPffzUn', #5, 'Klassifizierung', $, (#736), #762);
#764 = IFCPROPERTYSINGLEVALUE('Bauabschnitt', $, IFCTEXT('1'), $);
#765 = IFCPROPERTYSINGLEVALUE('Bereich', $, IFCTEXT('Sueden'), $);
#766 = IFCPROPERTYSINGLEVALUE('StationierungBis', $, IFCTEXT('671+143,960'), $);
#767 = IFCPROPERTYSINGLEVALUE('StationierungVon', $, IFCTEXT('670+960,000'), $);
#768 = IFCPROPERTYSINGLEVALUE('Von_BauKM', $, IFCLENGTHMEASURE(670960.), $);
#769 = IFCPROPERTYSINGLEVALUE('Achse', $, IFCTEXT('1'), $);
#770 = IFCPROPERTYSINGLEVALUE('Ebene', $, IFCTEXT('1'), $);
#771 = IFCPROPERTYSINGLEVALUE('Bis_BauKM', $, IFCLENGTHMEASURE(671143.96), $);
#772 = IFCPROPERTYSET('22hYQtQCrBP9sS4tjj4ak_', #5, 'Lage', $, (#764, #765, #766, #767, #768, #769, #770, #771));
#773 = IFCRELDEFINESBYPROPERTIES('1nte8yFv55TQvHOkhP_817', #5, 'Lage', $, (#736), #772);
#774 = IFCDIRECTION((1., 0., 0.));
#775 = IFCDIRECTION((0., 0., 1.));
#776 = IFCCARTESIANPOINT((0., 0., 0.));
#777 = IFCAXIS2PLACEMENT3D(#776, #775, #774);
#778 = IFCLOCALPLACEMENT(#712, #777);
#779 = IFCBUILDINGSTOREY('0qJXG6HNfDleR0DMNtvqUj', #5, 'FB_ASchicht_12', $, $, #778, $, $, $, $);
#780 = IFCCARTESIANPOINTLIST3D(((16.5202594926814, 91.109999999404, 128.832781014635), (16.5607784780441, 91.109999999404, 128.751743043906), (8., 91.109999999404, 128.965762505857), (8., 91.109999999404, 129.045787501952), (16.5607784780441, 81.109999999404, 128.951743043906), (16.5202594926814, 81.109999999404, 129.032781014635), (8., 81.109999999404, 129.165762505857), (8., 81.109999999404, 129.245787501952), (1.98024074168643, 91.109999999404, 129.19628148341), (1.9407222251175, 91.109999999404, 129.117244450229), (1.98024074168643, 81.109999999404, 129.39628148341), (1.9407222251175, 81.109999999404, 129.31724445023), (16.5607784780441, 71.109999999404, 129.151743043906), (16.5202594926814, 71.109999999404, 129.232781014635), (8., 71.109999999404, 129.365762505857), (8., 71.109999999404, 129.445787501952), (1.98024074168643, 71.109999999404, 129.59628148341), (1.9407222251175, 71.109999999404, 129.51724445023), (16.5607784780441, 61.109999999404, 129.351743043906), (16.5202594926814, 61.109999999404, 129.432781014635), (8., 61.109999999404, 129.565762505858), (8., 61.109999999404, 129.645787501952), (1.98024074168643, 61.109999999404, 129.79628148341), (1.9407222251175, 61.109999999404, 129.71724445023), (16.5607784780441, 51.109999999404, 129.551743043906), (16.5202594926814, 51.109999999404, 129.632781014635), (8., 51.109999999404, 129.765762505858), (8., 51.109999999404, 129.845787501953), (1.98024074168643, 51.109999999404, 129.99628148341), (1.9407222251175, 51.109999999404, 129.91724445023), (16.5607784780441, 41.109999999404, 129.751743043906), (16.5202594926814, 41.109999999404, 129.832781014636), (8., 41.109999999404, 129.965762505858), (8., 41.109999999404, 130.045787501953), (1.98024074168643, 41.109999999404, 130.19628148341), (1.9407222251175, 41.109999999404, 130.11724445023), (16.5607784780441, 31.109999999404, 129.951743043907), (16.5202594926814, 31.109999999404, 130.032781014636), (8., 31.109999999404, 130.165762505858), (8., 31.109999999404, 130.245787501953), (1.98024074168643, 31.109999999404, 130.39628148341), (1.9407222251175, 31.109999999404, 130.31724445023), (16.5607784780441, 21.109999999404, 130.151743043907), (16.5202594926814, 21.109999999404, 130.232781014636), (8., 21.109999999404, 130.365762505858), (8., 21.109999999404, 130.445787501953), (1.98024074168643, 21.109999999404, 130.59628148341), (1.9407222251175, 21.109999999404, 130.51724445023), (16.5607784780441, 11.109999999404, 130.351743043907), (16.5202594926814, 11.109999999404, 130.432781014636), (8., 11.109999999404, 130.565762505858), (8., 11.109999999404, 130.645787501953), (1.98024074168643, 11.109999999404, 130.79628148341), (1.9407222251175, 11.109999999404, 130.71724445023), (16.5607784780441, 8.10999999940395, 130.411743043907), (16.5202594926814, 8.10999999940395, 130.492781014636), (8., 8.10999999940395, 130.625762505858), (8., 8.10999999940395, 130.705787501953), (1.98024074168643, 8.10999999940395, 130.85628148341), (1.9407222251175, 8.10999999940395, 130.77724445023), (16.5607784780441, 4.10999999940395, 130.491743043907), (16.5202594926814, 4.10999999940395, 130.572781014636), (8., 4.10999999940395, 130.705762505858), (8., 4.10999999940395, 130.785787501953), (1.98024074168643, 4.10999999940395, 130.93628148341), (1.9407222251175, 4.10999999940395, 130.85724445023), (16.5607784780441, 1.10999999940395, 130.551743043907), (16.5202594926814, 1.10999999940395, 130.632781014636), (8., 1.10999999940395, 130.765762505858), (8., 1.10999999940395, 130.845787501953), (16.5607784780441, 4.6999999973923E-1, 130.564543043907), (16.5202594926814, 4.6999999973923E-1, 130.645581014636), (16.5607784780441, 4.59999999962747E-1, 130.564743043907), (16.5202594926814, 4.59999999962747E-1, 130.645781014636), (8., 4.6999999973923E-1, 130.778562505858), (8., 4.6999999973923E-1, 130.858587501953), (8., 4.59999999962747E-1, 130.778762505858), (8., 4.59999999962747E-1, 130.858787501953), (16.5607784780441, 0., 130.573943043906), (16.5202594926814, 0., 130.654981014635), (1.98024074168643, 1.10999999940395, 130.99628148341), (1.9407222251175, 1.10999999940395, 130.91724445023), (8., 0., 130.787962505858), (8., 0., 130.867987501953), (16.5607784780441, -4.40000000409782E-1, 130.582743043908), (16.5202594926814, -4.40000000409782E-1, 130.663781014637), (16.5607784780441, -4.50000000186265E-1, 130.582943043908), (16.5202594926814, -4.50000000186265E-1, 130.663981014637), (1.98024074168643, 4.6999999973923E-1, 131.00908148341), (1.9407222251175, 4.6999999973923E-1, 130.93004445023), (1.98024074168643, 4.59999999962747E-1, 131.009281483411), (1.9407222251175, 4.59999999962747E-1, 130.93024445023), (8., -4.40000000409782E-1, 130.796762505859), (8., -4.40000000409782E-1, 130.876787501954), (8., -4.50000000186265E-1, 130.796962505859), (8., -4.50000000186265E-1, 130.876987501954), (1.98024074168643, 0., 131.01848148341), (1.9407222251175, 0., 130.93944445023), (1.98024074168643, -4.40000000409782E-1, 131.027281483411), (1.9407222251175, -4.40000000409782E-1, 130.948244450231), (1.98024074168643, -4.50000000186265E-1, 131.027481483411), (1.9407222251175, -4.50000000186265E-1, 130.948444450231), (16.5607784780441, -3.89000000059605, 130.651743043907), (16.5202594926814, -3.89000000059605, 130.732781014636), (8., -3.89000000059605, 130.865762505858), (8., -3.89000000059605, 130.945787501953), (1.98024074168643, -3.89000000059605, 131.09628148341), (1.9407222251175, -3.89000000059605, 131.01724445023), (16.5607784780441, -8.89000000059605, 130.751743043907), (16.5202594926814, -8.89000000059605, 130.832781014636), (8., -8.89000000059605, 130.965762505858), (8., -8.89000000059605, 131.045787501953), (1.98024074168643, -8.89000000059605, 131.19628148341), (1.9407222251175, -8.89000000059605, 131.11724445023), (16.5607784780441, -18.890000000596, 130.951743043907), (16.5202594926814, -18.890000000596, 131.032781014636), (8., -18.890000000596, 131.165762505858), (8., -18.890000000596, 131.245787501953), (1.98024074168643, -18.890000000596, 131.39628148341), (1.9407222251175, -18.890000000596, 131.31724445023), (16.5607784780441, -28.890000000596, 131.151743043907), (16.5202594926814, -28.890000000596, 131.232781014636), (8., -28.890000000596, 131.365762505858), (8., -28.890000000596, 131.445787501953), (1.98024074168643, -28.890000000596, 131.59628148341), (1.9407222251175, -28.890000000596, 131.51724445023), (16.5607784780441, -38.890000000596, 131.351743043907), (16.5202594926814, -38.890000000596, 131.432781014636), (8., -38.890000000596, 131.565762505858), (8., -38.890000000596, 131.645787501953), (1.98024074168643, -38.890000000596, 131.79628148341), (1.9407222251175, -38.890000000596, 131.71724445023), (16.5607784780441, -48.890000000596, 131.551743043907), (16.5202594926814, -48.890000000596, 131.632781014636), (8., -48.890000000596, 131.765762505858), (8., -48.890000000596, 131.845787501953), (1.98024074168643, -48.890000000596, 131.99628148341), (1.9407222251175, -48.890000000596, 131.91724445023), (16.5607784780441, -58.890000000596, 131.751743043907), (16.5202594926814, -58.890000000596, 131.832781014636), (8., -58.890000000596, 131.965762505858), (8., -58.890000000596, 132.045787501953), (1.98024074168643, -58.890000000596, 132.19628148341), (1.9407222251175, -58.890000000596, 132.11724445023), (16.5607784780441, -68.890000000596, 131.951743043907), (16.5202594926814, -68.890000000596, 132.032781014636), (8., -68.890000000596, 132.165762505858), (8., -68.890000000596, 132.245787501953), (1.98024074168643, -68.890000000596, 132.396281483411), (1.9407222251175, -68.890000000596, 132.31724445023), (16.5607784780441, -78.890000000596, 132.151743043907), (16.5202594926814, -78.890000000596, 132.232781014636), (8., -78.890000000596, 132.365762505858), (8., -78.890000000596, 132.445787501953), (1.98024074168643, -78.890000000596, 132.596281483411), (1.9407222251175, -78.890000000596, 132.51724445023), (16.5607784780441, -88.890000000596, 132.351743043907), (16.5202594926814, -88.890000000596, 132.432781014636), (8., -88.890000000596, 132.565762505858), (8., -88.890000000596, 132.645787501953), (1.98024074168643, -88.890000000596, 132.796281483411), (1.9407222251175, -88.890000000596, 132.71724445023), (16.5607784780441, -92.8500000005588, 132.430943043892), (16.5202594926814, -92.8500000005588, 132.511981014621), (8., -92.8500000005588, 132.644962505844), (8., -92.8500000005588, 132.724987501939), (1.98024074168643, -92.8500000005588, 132.875481483396), (1.9407222251175, -92.8500000005588, 132.796444450216)));
#781 = IFCTRIANGULATEDFACESET(#780, $, .T., ((1, 2, 3), (4, 1, 3), (4, 3, 9), (9, 3, 10), (2, 6, 5), (2, 1, 6), (5, 6, 14), (5, 14, 13), (14, 19, 13), (14, 20, 19), (19, 20, 26), (19, 26, 25), (25, 26, 32), (25, 32, 31), (32, 37, 31), (32, 38, 37), (37, 38, 44), (37, 44, 43), (43, 44, 50), (43, 50, 49), (49, 50, 56), (49, 56, 55), (56, 61, 55), (56, 62, 61), (61, 62, 68), (61, 68, 67), (67, 68, 72), (67, 72, 71), (72, 73, 71), (72, 74, 73), (73, 74, 80), (73, 80, 79), (80, 85, 79), (80, 86, 85), (85, 86, 88), (85, 88, 87), (88, 103, 87), (88, 104, 103), (103, 104, 110), (103, 110, 109), (109, 110, 116), (109, 116, 115), (116, 121, 115), (116, 122, 121), (121, 122, 128), (121, 128, 127), (127, 128, 134), (127, 134, 133), (133, 134, 140), (133, 140, 139), (140, 145, 139), (140, 146, 145), (145, 146, 152), (145, 152, 151), (151, 152, 158), (151, 158, 157), (157, 158, 164), (157, 164, 163), (1, 8, 6), (1, 4, 8), (6, 8, 16), (4, 11, 8), (6, 16, 14), (8, 17, 16), (4, 9, 11), (8, 11, 17), (16, 20, 14), (17, 22, 16), (16, 22, 20), (17, 23, 22), (20, 22, 28), (22, 23, 29), (20, 28, 26), (22, 29, 28), (26, 28, 34), (28, 29, 35), (26, 34, 32), (28, 35, 34), (34, 38, 32), (35, 40, 34), (34, 40, 38), (35, 41, 40), (38, 40, 46), (40, 41, 47), (38, 46, 44), (40, 47, 46), (44, 46, 52), (46, 47, 53), (44, 52, 50), (46, 53, 52), (50, 52, 58), (52, 53, 59), (50, 58, 56), (52, 59, 58), (58, 62, 56), (59, 64, 58), (58, 64, 62), (59, 65, 64), (62, 64, 70), (64, 65, 81), (62, 70, 68), (64, 81, 70), (68, 70, 76), (70, 81, 89), (68, 76, 72), (70, 89, 76), (76, 74, 72), (89, 78, 76), (76, 78, 74), (89, 91, 78), (74, 78, 84), (78, 91, 97), (74, 84, 80), (78, 97, 84), (84, 86, 80), (97, 94, 84), (84, 94, 86), (97, 99, 94), (86, 94, 96), (94, 99, 101), (86, 96, 88), (94, 101, 96), (96, 104, 88), (101, 106, 96), (96, 106, 104), (101, 107, 106), (104, 106, 112), (106, 107, 113), (104, 112, 110), (106, 113, 112), (110, 112, 118), (112, 113, 119), (110, 118, 116), (112, 119, 118), (118, 122, 116), (119, 124, 118), (118, 124, 122), (119, 125, 124), (122, 124, 130), (124, 125, 131), (122, 130, 128), (124, 131, 130), (128, 130, 136), (130, 131, 137), (128, 136, 134), (130, 137, 136), (134, 136, 142), (136, 137, 143), (134, 142, 140), (136, 143, 142), (142, 146, 140), (143, 148, 142), (142, 148, 146), (143, 149, 148), (146, 148, 154), (148, 149, 155), (146, 154, 152), (148, 155, 154), (152, 154, 160), (154, 155, 161), (152, 160, 158), (154, 161, 160), (158, 160, 166), (160, 161, 167), (158, 166, 164), (160, 167, 166), (9, 12, 11), (9, 10, 12), (11, 12, 18), (11, 18, 17), (17, 18, 24), (17, 24, 23), (23, 24, 30), (23, 30, 29), (29, 30, 36), (29, 36, 35), (35, 36, 42), (35, 42, 41), (41, 42, 48), (41, 48, 47), (47, 48, 54), (47, 54, 53), (53, 54, 60), (53, 60, 59), (59, 60, 66), (59, 66, 65), (65, 66, 82), (65, 82, 81), (81, 82, 90), (81, 90, 89), (89, 90, 92), (89, 92, 91), (91, 92, 98), (91, 98, 97), (97, 98, 100), (97, 100, 99), (99, 100, 102), (99, 102, 101), (101, 102, 108), (101, 108, 107), (107, 108, 114), (107, 114, 113), (113, 114, 120), (113, 120, 119), (119, 120, 126), (119, 126, 125), (125, 126, 132), (125, 132, 131), (131, 132, 138), (131, 138, 137), (137, 138, 144), (137, 144, 143), (143, 144, 150), (143, 150, 149), (149, 150, 156), (149, 156, 155), (155, 156, 162), (155, 162, 161), (161, 162, 168), (161, 168, 167), (10, 7, 12), (10, 3, 7), (12, 7, 15), (2, 7, 3), (12, 15, 18), (7, 13, 15), (2, 5, 7), (18, 15, 21), (7, 5, 13), (15, 13, 19), (18, 21, 24), (15, 19, 21), (24, 21, 27), (19, 27, 21), (24, 27, 30), (19, 25, 27), (30, 27, 33), (27, 25, 31), (30, 33, 36), (27, 31, 33), (36, 33, 39), (33, 31, 37), (36, 39, 42), (33, 37, 39), (42, 39, 45), (37, 45, 39), (42, 45, 48), (37, 43, 45), (48, 45, 51), (45, 43, 49), (48, 51, 54), (45, 49, 51), (54, 51, 57), (51, 49, 55), (54, 57, 60), (51, 55, 57), (60, 57, 63), (57, 55, 61), (60, 63, 66), (57, 61, 63), (66, 63, 69), (63, 61, 67), (66, 69, 82), (63, 67, 69), (82, 69, 75), (67, 75, 69), (82, 75, 90), (67, 71, 75), (90, 75, 77), (75, 71, 73), (90, 77, 92), (75, 73, 77), (92, 77, 83), (73, 83, 77), (92, 83, 98), (73, 79, 83), (98, 83, 93), (83, 79, 85), (98, 93, 100), (83, 85, 93), (100, 93, 95), (85, 95, 93), (100, 95, 102), (85, 87, 95), (102, 95, 105), (95, 87, 103), (102, 105, 108), (95, 103, 105), (108, 105, 111), (105, 103, 109), (108, 111, 114), (105, 109, 111), (114, 111, 117), (109, 117, 111), (114, 117, 120), (109, 115, 117), (120, 117, 123), (117, 115, 121), (120, 123, 126), (117, 121, 123), (126, 123, 129), (123, 121, 127), (126, 129, 132), (123, 127, 129), (132, 129, 135), (127, 135, 129), (132, 135, 138), (127, 133, 135), (138, 135, 141), (135, 133, 139), (138, 141, 144), (135, 139, 141), (144, 141, 147), (141, 139, 145), (144, 147, 150), (141, 145, 147), (150, 147, 153), (145, 153, 147), (150, 153, 156), (145, 151, 153), (156, 153, 159), (153, 151, 157), (156, 159, 162), (153, 157, 159), (162, 159, 165), (159, 157, 163), (162, 165, 168), (159, 163, 165), (163, 164, 165), (164, 166, 165), (165, 166, 167), (165, 167, 168)), $);
#782 = IFCCOLOURRGB($, 6.27451002597809E-1, 6.27451002597809E-1, 6.27451002597809E-1);
#783 = IFCSURFACESTYLERENDERING(#782, 0., $, $, $, $, $, $, .FLAT.);
#784 = IFCSURFACESTYLE('m:a0a0a0ff', .BOTH., (#783));
#785 = IFCPRESENTATIONSTYLEASSIGNMENT((#784));
#786 = IFCSTYLEDITEM(#781, (#785), $);
#787 = IFCSHAPEREPRESENTATION(#24, 'Body', 'Tessellation', (#781));
#788 = IFCPRODUCTDEFINITIONSHAPE($, $, (#787));
#789 = IFCDIRECTION((1., 0., 0.));
#790 = IFCDIRECTION((0., 0., 1.));
#791 = IFCCARTESIANPOINT((0., 0., 0.));
#792 = IFCAXIS2PLACEMENT3D(#791, #790, #789);
#793 = IFCLOCALPLACEMENT(#778, #792);
#794 = IFCBUILDINGELEMENTPROXY('1bIaPEZvTBtxDPIr6pDDjW', #5, '670960,000-671143,960', '670960,000-671143,960', $, #793, #788, $, $);
#795 = IFCRELCONTAINEDINSPATIALSTRUCTURE('0fD$aaaXX8IAsWSnGwlRtz', #5, $, $, (#794), #779);
#796 = IFCPROPERTYSINGLEVALUE('BauphaseEnde', $, IFCTEXT('2'), $);
#797 = IFCPROPERTYSINGLEVALUE('Bauphase', $, IFCTEXT('1'), $);
#798 = IFCPROPERTYSINGLEVALUE('BauphaseStart', $, IFCTEXT('1'), $);
#799 = IFCPROPERTYSET('3buyJjW1zBFOkJ7Y5s9X8N', #5, 'Bauphase', $, (#796, #797, #798));
#800 = IFCRELDEFINESBYPROPERTIES('3hD_sDgZLCUPa2Bagfa8VS', #5, 'Bauphase', $, (#794), #799);
#801 = IFCPROPERTYSINGLEVALUE('Material', $, IFCTEXT('Asphaltbinderschicht'), $);
#802 = IFCPROPERTYSET('2ag2gm4V96qQaMuLxxvI6V', #5, 'Baustoff', $, (#801));
#803 = IFCRELDEFINESBYPROPERTIES('3wQ1uT6r56AOiNyN9gaHZs', #5, 'Baustoff', $, (#794), #802);
#804 = IFCPROPERTYSINGLEVALUE('Planer', $, IFCTEXT('Schuessler-Plan'), $);
#805 = IFCPROPERTYSINGLEVALUE('Quelle/Herkunft_Daten', $, IFCTEXT('card_1'), $);
#806 = IFCPROPERTYSINGLEVALUE('Bemerkungen', $, IFCTEXT('RStO12/24, Tafel 1, Zeile 5, Spalte 1'), $);
#807 = IFCPROPERTYSINGLEVALUE('LOG', $, IFCINTEGER(200), $);
#808 = IFCPROPERTYSINGLEVALUE('Verkehrsflaeche', $, IFCREAL(1.), $);
#809 = IFCPROPERTYSINGLEVALUE('KBK_Nr', $, IFCTEXT('5.113.2.020'), $);
#810 = IFCPROPERTYSINGLEVALUE('Planungsnormen', $, IFCTEXT('ZTV Asphalt-StB 07/13'), $);
#811 = IFCPROPERTYSINGLEVALUE('Bauteil', $, IFCTEXT('Aufbauschicht'), $);
#812 = IFCPROPERTYSINGLEVALUE('Dicke', $, IFCLENGTHMEASURE(8.E-2), $);
#813 = IFCPROPERTYSINGLEVALUE('LOI', $, IFCINTEGER(200), $);
#814 = IFCPROPERTYSET('0hjUo4meT6QA5lbZEbJ99z', #5, 'Bauteilinformation', $, (#804, #805, #806, #807, #808, #809, #810, #811, #812, #813));
#815 = IFCRELDEFINESBYPROPERTIES('1NA_7uhjfEYhwQrWZCLw$6', #5, 'Bauteilinformation', $, (#794), #814);
#816 = IFCPROPERTYSINGLEVALUE('Objekttyp', $, IFCTEXT('Binderschicht'), $);
#817 = IFCPROPERTYSINGLEVALUE('Objektklasse', $, IFCTEXT('Aufbauschicht'), $);
#818 = IFCPROPERTYSINGLEVALUE('Objektgruppe', $, IFCTEXT('Fahrbahnschicht'), $);
#819 = IFCPROPERTYSET('0j1imxdlj9BuvC5urSGpuh', #5, 'Klassifizierung', $, (#816, #817, #818));
#820 = IFCRELDEFINESBYPROPERTIES('30k4wqJQD2UAv5_dswZpgE', #5, 'Klassifizierung', $, (#794), #819);
#821 = IFCPROPERTYSINGLEVALUE('Bauabschnitt', $, IFCTEXT('1'), $);
#822 = IFCPROPERTYSINGLEVALUE('Bereich', $, IFCTEXT('Sueden'), $);
#823 = IFCPROPERTYSINGLEVALUE('StationierungBis', $, IFCTEXT('671+143,960'), $);
#824 = IFCPROPERTYSINGLEVALUE('StationierungVon', $, IFCTEXT('670+960,000'), $);
#825 = IFCPROPERTYSINGLEVALUE('Von_BauKM', $, IFCLENGTHMEASURE(670960.), $);
#826 = IFCPROPERTYSINGLEVALUE('Achse', $, IFCTEXT('1'), $);
#827 = IFCPROPERTYSINGLEVALUE('Ebene', $, IFCTEXT('1'), $);
#828 = IFCPROPERTYSINGLEVALUE('Bis_BauKM', $, IFCLENGTHMEASURE(671143.96), $);
#829 = IFCPROPERTYSET('0acl0F4V9DAQz5NDP2AQU7', #5, 'Lage', $, (#821, #822, #823, #824, #825, #826, #827, #828));
#830 = IFCRELDEFINESBYPROPERTIES('0saV9vYUD72vCbUYEorUzQ', #5, 'Lage', $, (#794), #829);
#831 = IFCDIRECTION((1., 0., 0.));
#832 = IFCDIRECTION((0., 0., 1.));
#833 = IFCCARTESIANPOINT((0., 0., 0.));
#834 = IFCAXIS2PLACEMENT3D(#833, #832, #831);
#835 = IFCLOCALPLACEMENT(#712, #834);
#836 = IFCBUILDINGSTOREY('1ln7ctF3f6z9JpMKHmNrhA', #5, 'Bankett_innen_R', $, $, #835, $, $, $, $);
#837 = IFCCARTESIANPOINTLIST3D(((1.5, 91.109999999404, 129.1758), (1.5, 91.109999999404, 128.9258), (1.6518055627821, 91.109999999404, 128.944411125574), (1.63614162022714, 91.109999999404, 128.933968497215), (1.76360311347526, 91.109999999404, 128.941616186807), (1.125, 91.109999999404, 129.13205), (1.85567010310479, 91.109999999404, 128.947140206185), (1.9407222251175, 91.109999999404, 129.117244450229), (1.125, 91.109999999404, 128.88205), (1.98024074168643, 91.109999999404, 129.19628148341), (1.98453608248383, 91.109999999404, 129.204872164948), (7.5E-1, 91.109999999404, 129.1008), (7.5E-1, 91.109999999404, 128.8508), (3.75E-1, 91.109999999404, 129.08205), (3.75E-1, 91.109999999404, 128.83205), (0., 91.109999999404, 129.0758), (0., 91.109999999404, 128.8258), (1.5, 81.109999999404, 129.1258), (1.63614162022714, 81.109999999404, 129.133968497215), (1.6518055627821, 81.109999999404, 129.144411125574), (1.5, 81.109999999404, 129.3758), (1.76360311347526, 81.109999999404, 129.141616186807), (1.85567010310479, 81.109999999404, 129.147140206185), (1.125, 81.109999999404, 129.08205), (1.125, 81.109999999404, 129.33205), (1.9407222251175, 81.109999999404, 129.31724445023), (1.98024074168643, 81.109999999404, 129.39628148341), (1.98453608248383, 81.109999999404, 129.404872164948), (7.5E-1, 81.109999999404, 129.0508), (7.5E-1, 81.109999999404, 129.3008), (3.75E-1, 81.109999999404, 129.28205), (3.75E-1, 81.109999999404, 129.03205), (0., 81.109999999404, 129.2758), (0., 81.109999999404, 129.0258), (1.5, 71.109999999404, 129.3258), (1.63614162022714, 71.109999999404, 129.333968497215), (1.6518055627821, 71.109999999404, 129.344411125574), (1.76360311347526, 71.109999999404, 129.341616186807), (1.125, 71.109999999404, 129.28205), (1.85567010310479, 71.109999999404, 129.347140206185), (1.5, 71.109999999404, 129.5758), (1.125, 71.109999999404, 129.53205), (1.9407222251175, 71.109999999404, 129.51724445023), (1.98024074168643, 71.109999999404, 129.59628148341), (1.98453608248383, 71.109999999404, 129.604872164948), (7.5E-1, 71.109999999404, 129.2508), (7.5E-1, 71.109999999404, 129.5008), (3.75E-1, 71.109999999404, 129.23205), (3.75E-1, 71.109999999404, 129.48205), (0., 71.109999999404, 129.2258), (0., 71.109999999404, 129.4758), (1.5, 61.109999999404, 129.5258), (1.63614162022714, 61.109999999404, 129.533968497215), (1.6518055627821, 61.109999999404, 129.544411125574), (1.76360311347526, 61.109999999404, 129.541616186807), (1.125, 61.109999999404, 129.48205), (1.85567010310479, 61.109999999404, 129.547140206186), (1.5, 61.109999999404, 129.7758), (1.125, 61.109999999404, 129.73205), (1.9407222251175, 61.109999999404, 129.71724445023), (1.98024074168643, 61.109999999404, 129.79628148341), (1.98453608248383, 61.109999999404, 129.804872164948), (7.5E-1, 61.109999999404, 129.4508), (7.5E-1, 61.109999999404, 129.7008), (3.75E-1, 61.109999999404, 129.43205), (3.75E-1, 61.109999999404, 129.68205), (0., 61.109999999404, 129.4258), (0., 61.109999999404, 129.6758), (1.5, 51.109999999404, 129.7258), (1.63614162022714, 51.109999999404, 129.733968497215), (1.6518055627821, 51.109999999404, 129.744411125574), (1.76360311347526, 51.109999999404, 129.741616186807), (1.125, 51.109999999404, 129.68205), (1.85567010310479, 51.109999999404, 129.747140206186), (1.5, 51.109999999404, 129.9758), (1.125, 51.109999999404, 129.93205), (1.9407222251175, 51.109999999404, 129.91724445023), (7.5E-1, 51.109999999404, 129.6508), (1.98024074168643, 51.109999999404, 129.99628148341), (1.98453608248383, 51.109999999404, 130.004872164948), (7.5E-1, 51.109999999404, 129.9008), (3.75E-1, 51.109999999404, 129.63205), (3.75E-1, 51.109999999404, 129.88205), (0., 51.109999999404, 129.6258), (0., 51.109999999404, 129.8758), (1.5, 41.109999999404, 129.9258), (1.63614162022714, 41.109999999404, 129.933968497215), (1.6518055627821, 41.109999999404, 129.944411125574), (1.125, 41.109999999404, 129.88205), (1.76360311347526, 41.109999999404, 129.941616186807), (1.85567010310479, 41.109999999404, 129.947140206186), (1.5, 41.109999999404, 130.1758), (7.5E-1, 41.109999999404, 129.8508), (1.125, 41.109999999404, 130.13205), (1.9407222251175, 41.109999999404, 130.11724445023), (1.98024074168643, 41.109999999404, 130.19628148341), (1.98453608248383, 41.109999999404, 130.204872164948), (7.5E-1, 41.109999999404, 130.1008), (3.75E-1, 41.109999999404, 129.83205), (3.75E-1, 41.109999999404, 130.08205), (0., 41.109999999404, 129.8258), (0., 41.109999999404, 130.0758), (1.5, 31.109999999404, 130.1258), (1.63614162022714, 31.109999999404, 130.133968497215), (1.6518055627821, 31.109999999404, 130.144411125574), (1.125, 31.109999999404, 130.08205), (1.76360311347526, 31.109999999404, 130.141616186808), (1.85567010310479, 31.109999999404, 130.147140206186), (7.5E-1, 31.109999999404, 130.0508), (1.5, 31.109999999404, 130.3758), (1.125, 31.109999999404, 130.33205), (1.9407222251175, 31.109999999404, 130.31724445023), (1.98024074168643, 31.109999999404, 130.39628148341), (1.98453608248383, 31.109999999404, 130.404872164949), (7.5E-1, 31.109999999404, 130.3008), (3.75E-1, 31.109999999404, 130.03205), (3.75E-1, 31.109999999404, 130.28205), (0., 31.109999999404, 130.0258), (0., 31.109999999404, 130.2758), (1.5, 21.109999999404, 130.3258), (1.63614162022714, 21.109999999404, 130.333968497215), (1.125, 21.109999999404, 130.28205), (1.6518055627821, 21.109999999404, 130.344411125574), (1.76360311347526, 21.109999999404, 130.341616186808), (1.85567010310479, 21.109999999404, 130.347140206186), (7.5E-1, 21.109999999404, 130.2508), (1.5, 21.109999999404, 130.5758), (1.125, 21.109999999404, 130.53205), (1.9407222251175, 21.109999999404, 130.51724445023), (1.98024074168643, 21.109999999404, 130.59628148341), (1.98453608248383, 21.109999999404, 130.604872164949), (7.5E-1, 21.109999999404, 130.5008), (3.75E-1, 21.109999999404, 130.23205), (3.75E-1, 21.109999999404, 130.48205), (0., 21.109999999404, 130.2258), (0., 21.109999999404, 130.4758), (1.5, 11.109999999404, 130.5258), (1.125, 11.109999999404, 130.48205), (1.63614162022714, 11.109999999404, 130.533968497215), (1.6518055627821, 11.109999999404, 130.544411125574), (1.76360311347526, 11.109999999404, 130.541616186808), (1.85567010310479, 11.109999999404, 130.547140206186), (7.5E-1, 11.109999999404, 130.4508), (1.5, 11.109999999404, 130.7758), (1.125, 11.109999999404, 130.73205), (1.9407222251175, 11.109999999404, 130.71724445023), (3.75E-1, 11.109999999404, 130.43205), (1.98024074168643, 11.109999999404, 130.79628148341), (7.5E-1, 11.109999999404, 130.7008), (1.98453608248383, 11.109999999404, 130.804872164949), (3.75E-1, 11.109999999404, 130.68205), (0., 11.109999999404, 130.4258), (0., 11.109999999404, 130.6758), (1.5, 8.10999999940395, 130.5858), (1.125, 8.10999999940395, 130.54205), (1.63614162022714, 8.10999999940395, 130.593968497215), (1.6518055627821, 8.10999999940395, 130.604411125574), (1.76360311347526, 8.10999999940395, 130.601616186808), (1.85567010310479, 8.10999999940395, 130.607140206186), (7.5E-1, 8.10999999940395, 130.5108), (1.125, 8.10999999940395, 130.79205), (1.5, 8.10999999940395, 130.8358), (1.9407222251175, 8.10999999940395, 130.77724445023), (3.75E-1, 8.10999999940395, 130.49205), (1.98024074168643, 8.10999999940395, 130.85628148341), (7.5E-1, 8.10999999940395, 130.7608), (1.98453608248383, 8.10999999940395, 130.864872164949), (3.75E-1, 8.10999999940395, 130.74205), (0., 8.10999999940395, 130.4858), (0., 8.10999999940395, 130.7358), (1.5, 4.10999999940395, 130.6658), (1.125, 4.10999999940395, 130.62205), (1.63614162022714, 4.10999999940395, 130.673968497215), (1.6518055627821, 4.10999999940395, 130.684411125574), (1.76360311347526, 4.10999999940395, 130.681616186808), (1.85567010310479, 4.10999999940395, 130.687140206186), (7.5E-1, 4.10999999940395, 130.5908), (1.125, 4.10999999940395, 130.87205), (1.9407222251175, 4.10999999940395, 130.85724445023), (1.5, 4.10999999940395, 130.9158), (3.75E-1, 4.10999999940395, 130.57205), (1.98024074168643, 4.10999999940395, 130.93628148341), (7.5E-1, 4.10999999940395, 130.8408), (1.98453608248383, 4.10999999940395, 130.944872164949), (3.75E-1, 4.10999999940395, 130.82205), (0., 4.10999999940395, 130.5658), (0., 4.10999999940395, 130.8158), (1.5, 1.10999999940395, 130.7258), (1.125, 1.10999999940395, 130.68205), (1.63614162022714, 1.10999999940395, 130.733968497215), (1.6518055627821, 1.10999999940395, 130.744411125574), (1.76360311347526, 1.10999999940395, 130.741616186808), (1.85567010310479, 1.10999999940395, 130.747140206186), (7.5E-1, 1.10999999940395, 130.6508), (1.125, 1.10999999940395, 130.93205), (1.9407222251175, 1.10999999940395, 130.91724445023), (1.5, 1.10999999940395, 130.9758), (3.75E-1, 1.10999999940395, 130.63205), (7.5E-1, 1.10999999940395, 130.9008), (1.98024074168643, 1.10999999940395, 130.99628148341), (1.98453608248383, 1.10999999940395, 131.004872164949), (3.75E-1, 1.10999999940395, 130.88205), (0., 1.10999999940395, 130.6258), (0., 1.10999999940395, 130.8758), (1.5, 4.6999999973923E-1, 130.738600000001), (1.125, 4.6999999973923E-1, 130.694850000001), (1.63614162022714, 4.6999999973923E-1, 130.746768497215), (1.6518055627821, 4.6999999973923E-1, 130.757211125575), (1.76360311347526, 4.6999999973923E-1, 130.754416186808), (1.85567010310479, 4.6999999973923E-1, 130.759940206186), (7.5E-1, 4.6999999973923E-1, 130.663600000001), (1.125, 4.6999999973923E-1, 130.944850000001), (1.9407222251175, 4.6999999973923E-1, 130.93004445023), (1.5, 4.6999999973923E-1, 130.988600000001), (3.75E-1, 4.6999999973923E-1, 130.644850000001), (7.5E-1, 4.6999999973923E-1, 130.913600000001), (1.98024074168643, 4.6999999973923E-1, 131.00908148341), (1.98453608248383, 4.6999999973923E-1, 131.017672164949), (3.75E-1, 4.6999999973923E-1, 130.894850000001), (1.5, 4.59999999962747E-1, 130.738800000001), (1.125, 4.59999999962747E-1, 130.695050000001), (1.63614162022714, 4.59999999962747E-1, 130.746968497216), (1.6518055627821, 4.59999999962747E-1, 130.757411125575), (1.76360311347526, 4.59999999962747E-1, 130.754616186808), (0., 4.6999999973923E-1, 130.638600000001), (1.85567010310479, 4.59999999962747E-1, 130.760140206186), (7.5E-1, 4.59999999962747E-1, 130.663800000001), (1.125, 4.59999999962747E-1, 130.945050000001), (1.9407222251175, 4.59999999962747E-1, 130.93024445023), (1.5, 4.59999999962747E-1, 130.988800000001), (0., 4.6999999973923E-1, 130.888600000001), (3.75E-1, 4.59999999962747E-1, 130.645050000001), (7.5E-1, 4.59999999962747E-1, 130.913800000001), (1.98024074168643, 4.59999999962747E-1, 131.009281483411), (1.98453608248383, 4.59999999962747E-1, 131.017872164949), (3.75E-1, 4.59999999962747E-1, 130.895050000001), (0., 4.59999999962747E-1, 130.638800000001), (0., 4.59999999962747E-1, 130.888800000001), (1.5, 0., 130.748), (1.125, 0., 130.70425), (1.63614162022714, 0., 130.756168497215), (1.6518055627821, 0., 130.766611125574), (1.76360311347526, 0., 130.763816186807), (1.85567010310479, 0., 130.769340206186), (7.5E-1, 0., 130.673), (1.125, 0., 130.95425), (1.9407222251175, 0., 130.93944445023), (1.5, 0., 130.998), (3.75E-1, 0., 130.65425), (7.5E-1, 0., 130.923), (1.98024074168643, 0., 131.01848148341), (1.98453608248383, 0., 131.027072164948), (3.75E-1, 0., 130.90425), (0., 0., 130.648), (0., 0., 130.898), (1.5, -4.40000000409782E-1, 130.756800000001), (1.125, -4.40000000409782E-1, 130.713050000001), (1.63614162022714, -4.40000000409782E-1, 130.764968497216), (1.6518055627821, -4.40000000409782E-1, 130.775411125575), (1.76360311347526, -4.40000000409782E-1, 130.772616186809), (1.85567010310479, -4.40000000409782E-1, 130.778140206187), (7.5E-1, -4.40000000409782E-1, 130.681800000001), (1.125, -4.40000000409782E-1, 130.963050000001), (1.9407222251175, -4.40000000409782E-1, 130.948244450231), (1.5, -4.40000000409782E-1, 131.006800000001), (3.75E-1, -4.40000000409782E-1, 130.663050000001), (7.5E-1, -4.40000000409782E-1, 130.931800000001), (1.98024074168643, -4.40000000409782E-1, 131.027281483411), (1.98453608248383, -4.40000000409782E-1, 131.03587216495), (3.75E-1, -4.40000000409782E-1, 130.913050000001), (1.5, -4.50000000186265E-1, 130.757000000001), (1.125, -4.50000000186265E-1, 130.713250000001), (1.63614162022714, -4.50000000186265E-1, 130.765168497216), (1.6518055627821, -4.50000000186265E-1, 130.775611125576), (0., -4.40000000409782E-1, 130.656800000001), (1.76360311347526, -4.50000000186265E-1, 130.772816186809), (1.85567010310479, -4.50000000186265E-1, 130.778340206187), (7.5E-1, -4.50000000186265E-1, 130.682000000001), (1.125, -4.50000000186265E-1, 130.963250000001), (1.9407222251175, -4.50000000186265E-1, 130.948444450231), (1.5, -4.50000000186265E-1, 131.007000000001), (0., -4.40000000409782E-1, 130.906800000001), (3.75E-1, -4.50000000186265E-1, 130.663250000001), (7.5E-1, -4.50000000186265E-1, 130.932000000001), (1.98024074168643, -4.50000000186265E-1, 131.027481483411), (1.98453608248383, -4.50000000186265E-1, 131.03607216495), (3.75E-1, -4.50000000186265E-1, 130.913250000001), (0., -4.50000000186265E-1, 130.657000000001), (0., -4.50000000186265E-1, 130.907000000001), (1.125, -3.89000000059605, 130.78205), (1.5, -3.89000000059605, 130.8258), (1.63614162022714, -3.89000000059605, 130.833968497215), (1.6518055627821, -3.89000000059605, 130.844411125574), (1.76360311347526, -3.89000000059605, 130.841616186808), (1.85567010310479, -3.89000000059605, 130.847140206186), (7.5E-1, -3.89000000059605, 130.7508), (1.9407222251175, -3.89000000059605, 131.01724445023), (1.125, -3.89000000059605, 131.03205), (1.5, -3.89000000059605, 131.0758), (3.75E-1, -3.89000000059605, 130.73205), (7.5E-1, -3.89000000059605, 131.0008), (1.98024074168643, -3.89000000059605, 131.09628148341), (1.98453608248383, -3.89000000059605, 131.104872164949), (3.75E-1, -3.89000000059605, 130.98205), (0., -3.89000000059605, 130.7258), (0., -3.89000000059605, 130.9758), (1.125, -8.89000000059605, 130.88205), (1.5, -8.89000000059605, 130.9258), (1.63614162022714, -8.89000000059605, 130.933968497215), (1.6518055627821, -8.89000000059605, 130.944411125575), (1.76360311347526, -8.89000000059605, 130.941616186808), (1.85567010310479, -8.89000000059605, 130.947140206186), (7.5E-1, -8.89000000059605, 130.8508), (1.9407222251175, -8.89000000059605, 131.11724445023), (1.125, -8.89000000059605, 131.13205), (1.5, -8.89000000059605, 131.1758), (3.75E-1, -8.89000000059605, 130.83205), (7.5E-1, -8.89000000059605, 131.1008), (1.98024074168643, -8.89000000059605, 131.19628148341), (1.98453608248383, -8.89000000059605, 131.204872164949), (3.75E-1, -8.89000000059605, 131.08205), (0., -8.89000000059605, 130.8258), (0., -8.89000000059605, 131.0758), (1.125, -18.890000000596, 131.08205), (1.5, -18.890000000596, 131.1258), (1.63614162022714, -18.890000000596, 131.133968497215), (1.6518055627821, -18.890000000596, 131.144411125575), (1.76360311347526, -18.890000000596, 131.141616186808), (1.85567010310479, -18.890000000596, 131.147140206186), (7.5E-1, -18.890000000596, 131.0508), (3.75E-1, -18.890000000596, 131.03205), (1.9407222251175, -18.890000000596, 131.31724445023), (1.125, -18.890000000596, 131.33205), (1.5, -18.890000000596, 131.3758), (7.5E-1, -18.890000000596, 131.3008), (1.98024074168643, -18.890000000596, 131.39628148341), (1.98453608248383, -18.890000000596, 131.404872164949), (0., -18.890000000596, 131.0258), (3.75E-1, -18.890000000596, 131.28205), (0., -18.890000000596, 131.2758), (1.125, -28.890000000596, 131.28205), (1.5, -28.890000000596, 131.3258), (1.63614162022714, -28.890000000596, 131.333968497215), (1.6518055627821, -28.890000000596, 131.344411125575), (1.76360311347526, -28.890000000596, 131.341616186808), (1.85567010310479, -28.890000000596, 131.347140206186), (7.5E-1, -28.890000000596, 131.2508), (3.75E-1, -28.890000000596, 131.23205), (1.9407222251175, -28.890000000596, 131.51724445023), (1.125, -28.890000000596, 131.53205), (1.5, -28.890000000596, 131.5758), (7.5E-1, -28.890000000596, 131.5008), (1.98024074168643, -28.890000000596, 131.59628148341), (1.98453608248383, -28.890000000596, 131.604872164949), (0., -28.890000000596, 131.2258), (3.75E-1, -28.890000000596, 131.48205), (0., -28.890000000596, 131.4758), (1.125, -38.890000000596, 131.48205), (1.5, -38.890000000596, 131.5258), (1.63614162022714, -38.890000000596, 131.533968497215), (1.6518055627821, -38.890000000596, 131.544411125575), (1.76360311347526, -38.890000000596, 131.541616186808), (7.5E-1, -38.890000000596, 131.4508), (1.85567010310479, -38.890000000596, 131.547140206186), (3.75E-1, -38.890000000596, 131.43205), (1.9407222251175, -38.890000000596, 131.71724445023), (1.125, -38.890000000596, 131.73205), (1.5, -38.890000000596, 131.7758), (7.5E-1, -38.890000000596, 131.7008), (1.98024074168643, -38.890000000596, 131.79628148341), (1.98453608248383, -38.890000000596, 131.804872164949), (0., -38.890000000596, 131.4258), (3.75E-1, -38.890000000596, 131.68205), (0., -38.890000000596, 131.6758), (1.125, -48.890000000596, 131.68205), (1.5, -48.890000000596, 131.7258), (1.63614162022714, -48.890000000596, 131.733968497215), (1.6518055627821, -48.890000000596, 131.744411125575), (1.76360311347526, -48.890000000596, 131.741616186808), (7.5E-1, -48.890000000596, 131.6508), (1.85567010310479, -48.890000000596, 131.747140206186), (3.75E-1, -48.890000000596, 131.63205), (1.9407222251175, -48.890000000596, 131.91724445023), (1.125, -48.890000000596, 131.93205), (1.5, -48.890000000596, 131.9758), (7.5E-1, -48.890000000596, 131.9008), (1.98024074168643, -48.890000000596, 131.99628148341), (1.98453608248383, -48.890000000596, 132.004872164949), (0., -48.890000000596, 131.6258), (3.75E-1, -48.890000000596, 131.88205), (0., -48.890000000596, 131.8758), (1.125, -58.890000000596, 131.882050000001), (1.5, -58.890000000596, 131.925800000001), (1.63614162022714, -58.890000000596, 131.933968497215), (1.6518055627821, -58.890000000596, 131.944411125575), (7.5E-1, -58.890000000596, 131.850800000001), (1.76360311347526, -58.890000000596, 131.941616186808), (1.85567010310479, -58.890000000596, 131.947140206186), (3.75E-1, -58.890000000596, 131.832050000001), (1.9407222251175, -58.890000000596, 132.11724445023), (1.125, -58.890000000596, 132.132050000001), (1.5, -58.890000000596, 132.175800000001), (7.5E-1, -58.890000000596, 132.100800000001), (0., -58.890000000596, 131.825800000001), (1.98024074168643, -58.890000000596, 132.196281483411), (1.98453608248383, -58.890000000596, 132.204872164949), (3.75E-1, -58.890000000596, 132.082050000001), (0., -58.890000000596, 132.075800000001), (1.125, -68.890000000596, 132.082050000001), (1.5, -68.890000000596, 132.125800000001), (1.63614162022714, -68.890000000596, 132.133968497215), (7.5E-1, -68.890000000596, 132.050800000001), (1.6518055627821, -68.890000000596, 132.144411125575), (1.76360311347526, -68.890000000596, 132.141616186808), (1.85567010310479, -68.890000000596, 132.147140206186), (3.75E-1, -68.890000000596, 132.032050000001), (1.9407222251175, -68.890000000596, 132.31724445023), (1.125, -68.890000000596, 132.332050000001), (1.5, -68.890000000596, 132.375800000001), (7.5E-1, -68.890000000596, 132.300800000001), (0., -68.890000000596, 132.025800000001), (1.98024074168643, -68.890000000596, 132.396281483411), (1.98453608248383, -68.890000000596, 132.404872164949), (3.75E-1, -68.890000000596, 132.282050000001), (0., -68.890000000596, 132.275800000001), (1.125, -78.890000000596, 132.282050000001), (1.5, -78.890000000596, 132.325800000001), (1.63614162022714, -78.890000000596, 132.333968497216), (7.5E-1, -78.890000000596, 132.250800000001), (1.6518055627821, -78.890000000596, 132.344411125575), (1.76360311347526, -78.890000000596, 132.341616186808), (1.85567010310479, -78.890000000596, 132.347140206186), (3.75E-1, -78.890000000596, 132.232050000001), (1.9407222251175, -78.890000000596, 132.51724445023), (1.125, -78.890000000596, 132.532050000001), (0., -78.890000000596, 132.225800000001), (1.5, -78.890000000596, 132.575800000001), (7.5E-1, -78.890000000596, 132.500800000001), (1.98024074168643, -78.890000000596, 132.596281483411), (1.98453608248383, -78.890000000596, 132.604872164949), (3.75E-1, -78.890000000596, 132.482050000001), (0., -78.890000000596, 132.475800000001), (1.125, -88.890000000596, 132.482050000001), (1.5, -88.890000000596, 132.525800000001), (7.5E-1, -88.890000000596, 132.450800000001), (1.63614162022714, -88.890000000596, 132.533968497216), (1.6518055627821, -88.890000000596, 132.544411125575), (1.76360311347526, -88.890000000596, 132.541616186808), (1.85567010310479, -88.890000000596, 132.547140206186), (3.75E-1, -88.890000000596, 132.432050000001), (1.9407222251175, -88.890000000596, 132.71724445023), (1.125, -88.890000000596, 132.732050000001), (0., -88.890000000596, 132.425800000001), (1.5, -88.890000000596, 132.775800000001), (7.5E-1, -88.890000000596, 132.700800000001), (1.98024074168643, -88.890000000596, 132.796281483411), (1.98453608248383, -88.890000000596, 132.804872164949), (3.75E-1, -88.890000000596, 132.682050000001), (0., -88.890000000596, 132.675800000001), (1.125, -92.8500000005588, 132.561249999986), (1.5, -92.8500000005588, 132.604999999986), (7.5E-1, -92.8500000005588, 132.529999999986), (1.63614162022714, -92.8500000005588, 132.613168497201), (1.6518055627821, -92.8500000005588, 132.62361112556), (1.76360311347526, -92.8500000005588, 132.620816186793), (1.85567010310479, -92.8500000005588, 132.626340206172), (3.75E-1, -92.8500000005588, 132.511249999986), (1.9407222251175, -92.8500000005588, 132.796444450216), (0., -92.8500000005588, 132.504999999986), (1.125, -92.8500000005588, 132.811249999986), (1.5, -92.8500000005588, 132.854999999986), (7.5E-1, -92.8500000005588, 132.779999999986), (1.98024074168643, -92.8500000005588, 132.875481483396), (1.98453608248383, -92.8500000005588, 132.884072164934), (3.75E-1, -92.8500000005588, 132.761249999986), (0., -92.8500000005588, 132.754999999986)));
#838 = IFCTRIANGULATEDFACESET(#837, $, .T., ((1, 11, 10), (1, 10, 8), (1, 8, 5), (1, 5, 3), (5, 8, 7), (1, 3, 4), (1, 4, 2), (1, 2, 6), (6, 2, 9), (6, 9, 12), (12, 9, 13), (12, 13, 14), (14, 13, 15), (14, 15, 16), (16, 15, 17), (11, 21, 28), (11, 1, 21), (28, 21, 41), (1, 25, 21), (28, 41, 45), (21, 42, 41), (1, 6, 25), (21, 25, 42), (41, 62, 45), (42, 58, 41), (6, 30, 25), (25, 47, 42), (41, 58, 62), (42, 59, 58), (6, 12, 30), (25, 30, 47), (47, 59, 42), (62, 58, 75), (58, 59, 76), (12, 31, 30), (30, 49, 47), (47, 64, 59), (62, 75, 80), (58, 76, 75), (59, 81, 76), (12, 14, 31), (30, 31, 49), (49, 64, 47), (59, 64, 81), (80, 75, 92), (76, 92, 75), (81, 94, 76), (14, 33, 31), (31, 51, 49), (49, 66, 64), (64, 83, 81), (80, 92, 97), (76, 94, 92), (81, 98, 94), (14, 16, 33), (31, 33, 51), (51, 66, 49), (64, 66, 83), (83, 98, 81), (97, 92, 110), (92, 94, 111), (94, 98, 115), (51, 68, 66), (66, 85, 83), (83, 100, 98), (97, 110, 114), (92, 111, 110), (94, 115, 111), (98, 117, 115), (66, 68, 85), (85, 100, 83), (98, 100, 117), (114, 110, 127), (110, 111, 128), (111, 115, 132), (115, 117, 134), (85, 102, 100), (100, 119, 117), (114, 127, 131), (110, 128, 127), (111, 132, 128), (115, 134, 132), (117, 136, 134), (100, 102, 119), (117, 119, 136), (131, 127, 144), (127, 128, 145), (128, 132, 149), (132, 134, 151), (134, 136, 153), (131, 144, 150), (127, 145, 144), (128, 149, 145), (132, 151, 149), (134, 153, 151), (150, 144, 162), (144, 145, 161), (145, 149, 166), (149, 151, 168), (151, 153, 170), (150, 162, 167), (144, 161, 162), (145, 166, 161), (149, 168, 166), (151, 170, 168), (162, 184, 167), (161, 180, 162), (166, 178, 161), (168, 183, 166), (170, 185, 168), (162, 180, 184), (161, 178, 180), (166, 183, 178), (168, 185, 183), (170, 187, 185), (184, 180, 197), (180, 178, 195), (178, 183, 199), (183, 185, 202), (185, 187, 204), (184, 197, 201), (180, 195, 197), (178, 199, 195), (183, 202, 199), (185, 204, 202), (197, 218, 201), (195, 214, 197), (199, 212, 195), (202, 216, 199), (204, 219, 202), (197, 214, 218), (195, 212, 214), (199, 216, 212), (202, 219, 216), (204, 231, 219), (218, 214, 230), (214, 212, 228), (212, 216, 233), (216, 219, 236), (219, 231, 238), (218, 230, 235), (214, 228, 230), (212, 233, 228), (216, 236, 233), (219, 238, 236), (235, 230, 248), (230, 228, 246), (228, 233, 250), (233, 236, 253), (236, 238, 255), (235, 248, 252), (230, 246, 248), (228, 250, 246), (233, 253, 250), (236, 255, 253), (252, 248, 265), (248, 246, 263), (246, 250, 267), (250, 253, 270), (253, 255, 282), (252, 265, 269), (248, 263, 265), (246, 267, 263), (250, 270, 267), (253, 282, 270), (265, 286, 269), (263, 281, 265), (267, 279, 263), (270, 284, 267), (282, 287, 270), (265, 281, 286), (263, 279, 281), (267, 284, 279), (270, 287, 284), (282, 289, 287), (286, 281, 299), (281, 279, 298), (279, 284, 301), (284, 287, 304), (287, 289, 306), (286, 299, 303), (281, 298, 299), (279, 301, 298), (284, 304, 301), (287, 306, 304), (303, 299, 316), (299, 298, 315), (298, 301, 318), (301, 304, 321), (304, 306, 323), (303, 316, 320), (299, 315, 316), (298, 318, 315), (301, 321, 318), (304, 323, 321), (320, 316, 334), (315, 334, 316), (318, 333, 315), (321, 335, 318), (323, 339, 321), (320, 334, 337), (315, 333, 334), (318, 335, 333), (321, 339, 335), (323, 340, 339), (337, 334, 351), (334, 333, 350), (333, 335, 352), (335, 339, 356), (339, 340, 357), (337, 351, 354), (334, 350, 351), (333, 352, 350), (335, 356, 352), (339, 357, 356), (354, 351, 368), (351, 350, 367), (350, 352, 369), (352, 356, 373), (356, 357, 374), (354, 368, 371), (351, 367, 368), (350, 369, 367), (352, 373, 369), (356, 374, 373), (371, 368, 385), (368, 367, 384), (367, 369, 386), (369, 373, 390), (373, 374, 391), (371, 385, 388), (368, 384, 385), (367, 386, 384), (369, 390, 386), (373, 391, 390), (385, 406, 388), (384, 402, 385), (386, 401, 384), (390, 403, 386), (391, 407, 390), (385, 402, 406), (384, 401, 402), (386, 403, 401), (390, 407, 403), (391, 408, 407), (406, 402, 419), (402, 401, 418), (401, 403, 420), (403, 407, 424), (407, 408, 425), (406, 419, 423), (402, 418, 419), (401, 420, 418), (403, 424, 420), (407, 425, 424), (423, 419, 437), (418, 437, 419), (420, 435, 418), (424, 438, 420), (425, 441, 424), (423, 437, 440), (418, 435, 437), (420, 438, 435), (424, 441, 438), (425, 442, 441), (440, 437, 454), (437, 435, 452), (435, 438, 455), (438, 441, 458), (441, 442, 459), (440, 454, 457), (437, 452, 454), (435, 455, 452), (438, 458, 455), (441, 459, 458), (457, 454, 471), (454, 452, 470), (452, 455, 472), (455, 458, 475), (458, 459, 476), (457, 471, 474), (454, 470, 471), (452, 472, 470), (455, 475, 472), (458, 476, 475), (16, 34, 33), (16, 17, 34), (33, 34, 50), (33, 50, 51), (50, 68, 51), (50, 67, 68), (68, 67, 84), (68, 84, 85), (85, 84, 101), (85, 101, 102), (102, 101, 118), (102, 118, 119), (119, 118, 135), (119, 135, 136), (136, 135, 152), (136, 152, 153), (153, 152, 169), (153, 169, 170), (169, 187, 170), (169, 186, 187), (187, 186, 203), (187, 203, 204), (203, 231, 204), (203, 225, 231), (231, 225, 237), (231, 237, 238), (238, 237, 254), (238, 254, 255), (255, 254, 275), (255, 275, 282), (275, 289, 282), (275, 288, 289), (289, 288, 305), (289, 305, 306), (306, 305, 322), (306, 322, 323), (323, 322, 338), (323, 338, 340), (340, 338, 355), (340, 355, 357), (357, 355, 372), (357, 372, 374), (374, 372, 389), (374, 389, 391), (389, 408, 391), (389, 404, 408), (408, 404, 421), (408, 421, 425), (425, 421, 436), (425, 436, 442), (442, 436, 453), (442, 453, 459), (459, 453, 469), (459, 469, 476), (17, 32, 34), (17, 15, 32), (32, 50, 34), (15, 29, 32), (32, 48, 50), (15, 13, 29), (29, 48, 32), (50, 48, 65), (13, 24, 29), (29, 46, 48), (50, 65, 67), (48, 63, 65), (13, 9, 24), (24, 46, 29), (48, 46, 63), (67, 65, 82), (65, 63, 78), (9, 18, 24), (24, 39, 46), (46, 56, 63), (67, 82, 84), (65, 78, 82), (63, 73, 78), (9, 2, 18), (18, 39, 24), (46, 39, 56), (63, 56, 73), (84, 82, 99), (82, 78, 93), (78, 73, 89), (2, 19, 18), (18, 35, 39), (39, 52, 56), (56, 69, 73), (84, 99, 101), (82, 93, 99), (78, 89, 93), (73, 86, 89), (2, 4, 19), (19, 35, 18), (39, 35, 52), (56, 52, 69), (73, 69, 86), (101, 99, 116), (99, 93, 109), (93, 89, 106), (89, 86, 103), (19, 36, 35), (35, 53, 52), (52, 70, 69), (69, 87, 86), (101, 116, 118), (99, 109, 116), (93, 106, 109), (89, 103, 106), (87, 103, 86), (35, 36, 53), (52, 53, 70), (69, 70, 87), (118, 116, 133), (116, 109, 126), (109, 106, 122), (106, 103, 120), (87, 104, 103), (118, 133, 135), (116, 126, 133), (109, 122, 126), (106, 120, 122), (103, 121, 120), (103, 104, 121), (133, 152, 135), (126, 147, 133), (122, 143, 126), (120, 138, 122), (121, 137, 120), (133, 147, 152), (126, 143, 147), (122, 138, 143), (120, 137, 138), (121, 139, 137), (147, 169, 152), (143, 164, 147), (138, 160, 143), (137, 155, 138), (137, 139, 156), (147, 164, 169), (143, 160, 164), (138, 155, 160), (137, 154, 155), (137, 156, 154), (169, 164, 181), (164, 160, 177), (160, 155, 172), (155, 154, 171), (156, 171, 154), (169, 181, 186), (164, 177, 181), (160, 172, 177), (155, 171, 172), (156, 173, 171), (181, 203, 186), (177, 198, 181), (172, 194, 177), (171, 189, 172), (173, 188, 171), (181, 198, 203), (177, 194, 198), (172, 189, 194), (171, 188, 189), (173, 190, 188), (203, 198, 215), (198, 194, 211), (194, 189, 206), (189, 188, 205), (188, 190, 207), (203, 215, 225), (198, 211, 215), (194, 206, 211), (189, 205, 206), (188, 207, 205), (215, 237, 225), (211, 232, 215), (206, 227, 211), (205, 221, 206), (207, 220, 205), (215, 232, 237), (211, 227, 232), (206, 221, 227), (205, 220, 221), (207, 222, 220), (232, 254, 237), (227, 249, 232), (221, 245, 227), (220, 240, 221), (222, 239, 220), (232, 249, 254), (227, 245, 249), (221, 240, 245), (220, 239, 240), (222, 241, 239), (254, 249, 266), (249, 245, 262), (245, 240, 257), (240, 239, 256), (239, 241, 258), (254, 266, 275), (249, 262, 266), (245, 257, 262), (240, 256, 257), (239, 258, 256), (275, 266, 283), (266, 262, 278), (262, 257, 272), (257, 256, 271), (256, 258, 273), (275, 283, 288), (266, 278, 283), (262, 272, 278), (257, 271, 272), (256, 273, 271), (283, 305, 288), (278, 300, 283), (272, 296, 278), (271, 290, 272), (273, 291, 271), (283, 300, 305), (278, 296, 300), (272, 290, 296), (271, 291, 290), (273, 292, 291), (300, 322, 305), (296, 317, 300), (290, 313, 296), (291, 307, 290), (292, 308, 291), (300, 317, 322), (296, 313, 317), (290, 307, 313), (291, 308, 307), (292, 309, 308), (322, 317, 331), (317, 313, 330), (313, 307, 324), (307, 308, 325), (308, 309, 326), (322, 331, 338), (317, 330, 331), (313, 324, 330), (307, 325, 324), (308, 326, 325), (338, 331, 348), (331, 330, 347), (330, 324, 341), (324, 325, 342), (325, 326, 343), (338, 348, 355), (331, 347, 348), (330, 341, 347), (324, 342, 341), (325, 343, 342), (355, 348, 365), (348, 347, 363), (347, 341, 358), (341, 342, 359), (342, 343, 360), (355, 365, 372), (348, 363, 365), (347, 358, 363), (341, 359, 358), (342, 360, 359), (365, 389, 372), (363, 382, 365), (358, 380, 363), (359, 375, 358), (360, 376, 359), (365, 382, 389), (363, 380, 382), (358, 375, 380), (359, 376, 375), (360, 377, 376), (389, 382, 399), (382, 380, 396), (380, 375, 392), (375, 376, 393), (376, 377, 394), (389, 399, 404), (382, 396, 399), (380, 392, 396), (375, 393, 392), (376, 394, 393), (404, 399, 416), (399, 396, 412), (396, 392, 409), (392, 393, 410), (393, 394, 411), (404, 416, 421), (399, 412, 416), (396, 409, 412), (392, 410, 409), (393, 411, 410), (421, 416, 433), (416, 412, 429), (412, 409, 426), (409, 410, 427), (410, 411, 428), (421, 433, 436), (416, 429, 433), (412, 426, 429), (409, 427, 426), (410, 428, 427), (436, 433, 450), (433, 429, 445), (429, 426, 443), (426, 427, 444), (427, 428, 446), (436, 450, 453), (433, 445, 450), (429, 443, 445), (426, 444, 443), (427, 446, 444), (453, 450, 467), (450, 445, 462), (445, 443, 460), (443, 444, 461), (444, 446, 463), (453, 467, 469), (450, 462, 467), (445, 460, 462), (443, 461, 460), (444, 463, 461), (4, 20, 19), (4, 3, 20), (20, 36, 19), (20, 37, 36), (36, 37, 54), (36, 54, 53), (53, 54, 71), (53, 71, 70), (70, 71, 88), (70, 88, 87), (88, 104, 87), (88, 105, 104), (104, 105, 123), (104, 123, 121), (123, 139, 121), (123, 140, 139), (140, 156, 139), (140, 157, 156), (156, 157, 174), (156, 174, 173), (174, 190, 173), (174, 191, 190), (190, 191, 208), (190, 208, 207), (208, 222, 207), (208, 223, 222), (223, 241, 222), (223, 242, 241), (241, 242, 259), (241, 259, 258), (258, 259, 274), (258, 274, 273), (274, 292, 273), (274, 293, 292), (293, 309, 292), (293, 310, 309), (309, 310, 327), (309, 327, 326), (326, 327, 344), (326, 344, 343), (343, 344, 361), (343, 361, 360), (361, 377, 360), (361, 378, 377), (377, 378, 395), (377, 395, 394), (394, 395, 413), (394, 413, 411), (411, 413, 430), (411, 430, 428), (428, 430, 447), (428, 447, 446), (446, 447, 464), (446, 464, 463), (3, 22, 20), (3, 5, 22), (22, 37, 20), (5, 23, 22), (22, 38, 37), (5, 7, 23), (23, 38, 22), (38, 54, 37), (23, 40, 38), (38, 55, 54), (38, 40, 57), (38, 57, 55), (54, 55, 72), (55, 57, 74), (54, 72, 71), (55, 74, 72), (71, 72, 90), (72, 74, 91), (71, 90, 88), (72, 91, 90), (88, 90, 107), (91, 107, 90), (88, 107, 105), (91, 108, 107), (105, 107, 124), (107, 108, 125), (105, 124, 123), (107, 125, 124), (124, 140, 123), (125, 141, 124), (124, 141, 140), (125, 142, 141), (140, 141, 158), (141, 142, 159), (140, 158, 157), (141, 159, 158), (158, 174, 157), (158, 159, 176), (158, 175, 174), (158, 176, 175), (174, 175, 192), (176, 192, 175), (174, 192, 191), (176, 193, 192), (191, 192, 209), (192, 193, 210), (191, 209, 208), (192, 210, 209), (209, 223, 208), (210, 224, 209), (209, 224, 223), (210, 226, 224), (224, 242, 223), (226, 243, 224), (224, 243, 242), (226, 244, 243), (242, 243, 260), (244, 260, 243), (242, 260, 259), (244, 261, 260), (259, 260, 276), (260, 261, 277), (259, 276, 274), (260, 277, 276), (274, 276, 294), (277, 294, 276), (274, 294, 293), (277, 295, 294), (294, 310, 293), (295, 311, 294), (294, 311, 310), (295, 312, 311), (310, 311, 328), (312, 328, 311), (310, 328, 327), (312, 329, 328), (327, 328, 345), (328, 329, 346), (327, 345, 344), (328, 346, 345), (344, 345, 362), (345, 346, 364), (344, 362, 361), (345, 364, 362), (362, 378, 361), (364, 379, 362), (362, 379, 378), (364, 381, 379), (379, 395, 378), (381, 397, 379), (379, 397, 395), (381, 398, 397), (395, 397, 414), (398, 414, 397), (395, 414, 413), (398, 415, 414), (413, 414, 431), (414, 415, 432), (413, 431, 430), (414, 432, 431), (430, 431, 448), (431, 432, 449), (430, 448, 447), (431, 449, 448), (447, 448, 465), (449, 465, 448), (447, 465, 464), (449, 466, 465), (7, 26, 23), (7, 8, 26), (26, 40, 23), (8, 27, 26), (26, 43, 40), (8, 10, 27), (27, 43, 26), (40, 43, 60), (10, 28, 27), (27, 44, 43), (40, 60, 57), (43, 61, 60), (10, 11, 28), (28, 44, 27), (43, 44, 61), (57, 60, 77), (60, 61, 79), (28, 45, 44), (44, 62, 61), (57, 77, 74), (60, 79, 77), (61, 80, 79), (44, 45, 62), (61, 62, 80), (74, 77, 95), (77, 79, 96), (79, 80, 97), (74, 95, 91), (77, 96, 95), (79, 97, 96), (95, 108, 91), (96, 112, 95), (96, 97, 114), (95, 112, 108), (96, 113, 112), (96, 114, 113), (108, 112, 129), (112, 113, 130), (113, 114, 131), (108, 129, 125), (112, 130, 129), (113, 131, 130), (129, 142, 125), (130, 146, 129), (131, 148, 130), (129, 146, 142), (130, 148, 146), (131, 150, 148), (146, 159, 142), (148, 163, 146), (150, 165, 148), (146, 163, 159), (148, 165, 163), (150, 167, 165), (159, 163, 179), (163, 165, 182), (165, 167, 184), (159, 179, 176), (163, 182, 179), (165, 184, 182), (179, 193, 176), (182, 196, 179), (184, 200, 182), (179, 196, 193), (182, 200, 196), (184, 201, 200), (193, 196, 213), (196, 200, 217), (200, 201, 218), (193, 213, 210), (196, 217, 213), (200, 218, 217), (213, 226, 210), (217, 229, 213), (218, 234, 217), (213, 229, 226), (217, 234, 229), (218, 235, 234), (229, 244, 226), (234, 247, 229), (235, 251, 234), (229, 247, 244), (234, 251, 247), (235, 252, 251), (247, 261, 244), (251, 264, 247), (251, 252, 269), (247, 264, 261), (251, 268, 264), (251, 269, 268), (261, 264, 280), (264, 268, 285), (268, 269, 286), (261, 280, 277), (264, 285, 280), (268, 286, 285), (280, 295, 277), (285, 297, 280), (286, 302, 285), (280, 297, 295), (285, 302, 297), (286, 303, 302), (297, 312, 295), (302, 314, 297), (303, 319, 302), (297, 314, 312), (302, 319, 314), (303, 320, 319), (312, 314, 332), (314, 319, 336), (319, 320, 337), (312, 332, 329), (314, 336, 332), (319, 337, 336), (332, 346, 329), (336, 349, 332), (336, 337, 354), (332, 349, 346), (336, 353, 349), (336, 354, 353), (346, 349, 366), (349, 353, 370), (353, 354, 371), (346, 366, 364), (349, 370, 366), (353, 371, 370), (364, 366, 383), (370, 383, 366), (371, 387, 370), (364, 383, 381), (370, 387, 383), (371, 388, 387), (381, 383, 400), (383, 387, 405), (387, 388, 406), (381, 400, 398), (383, 405, 400), (387, 406, 405), (400, 415, 398), (405, 417, 400), (405, 406, 423), (400, 417, 415), (405, 422, 417), (405, 423, 422), (415, 417, 434), (417, 422, 439), (422, 423, 440), (415, 434, 432), (417, 439, 434), (422, 440, 439), (432, 434, 451), (434, 439, 456), (439, 440, 457), (432, 451, 449), (434, 456, 451), (439, 457, 456), (451, 466, 449), (451, 456, 473), (456, 457, 474), (451, 468, 466), (451, 473, 468), (456, 474, 473), (474, 471, 473), (473, 471, 468), (468, 471, 465), (468, 465, 466), (465, 471, 464), (464, 471, 463), (463, 471, 461), (461, 471, 470), (461, 470, 460), (460, 470, 472), (460, 472, 462), (462, 472, 475), (462, 475, 467), (467, 475, 476), (467, 476, 469)), $);
#839 = IFCCOLOURRGB($, 6.90195977687836E-1, 1., 6.90195977687836E-1);
#840 = IFCSURFACESTYLERENDERING(#839, 0., $, $, $, $, $, $, .FLAT.);
#841 = IFCSURFACESTYLE('m:b0ffb0ff', .BOTH., (#840));
#842 = IFCPRESENTATIONSTYLEASSIGNMENT((#841));
#843 = IFCSTYLEDITEM(#838, (#842), $);
#844 = IFCSHAPEREPRESENTATION(#24, 'Body', 'Tessellation', (#838));
#845 = IFCPRODUCTDEFINITIONSHAPE($, $, (#844));
#846 = IFCDIRECTION((1., 0., 0.));
#847 = IFCDIRECTION((0., 0., 1.));
#848 = IFCCARTESIANPOINT((0., 0., 0.));
#849 = IFCAXIS2PLACEMENT3D(#848, #847, #846);
#850 = IFCLOCALPLACEMENT(#835, #849);
#851 = IFCBUILDINGELEMENTPROXY('0bRtf6jiz2G9tpiz4$_3dR', #5, '670960,000-671143,960', '670960,000-671143,960', $, #850, #845, $, $);
#852 = IFCRELCONTAINEDINSPATIALSTRUCTURE('3BAuNa1mz3pgYWPe1EJqnG', #5, $, $, (#851), #836);
#853 = IFCPROPERTYSINGLEVALUE('BauphaseEnde', $, IFCTEXT('2'), $);
#854 = IFCPROPERTYSINGLEVALUE('Bauphase', $, IFCTEXT('1'), $);
#855 = IFCPROPERTYSINGLEVALUE('BauphaseStart', $, IFCTEXT('1'), $);
#856 = IFCPROPERTYSET('0rLdfeWzL7vR6KO_SvfnqK', #5, 'Bauphase', $, (#853, #854, #855));
#857 = IFCRELDEFINESBYPROPERTIES('14JI1NHiDELgw$hnD0L4Sz', #5, 'Bauphase', $, (#851), #856);
#858 = IFCPROPERTYSINGLEVALUE('Material', $, IFCTEXT('Bankettschotter_0/32'), $);
#859 = IFCPROPERTYSET('1XbaKJOi901xFkwa5SY$sm', #5, 'Baustoff', $, (#858));
#860 = IFCRELDEFINESBYPROPERTIES('2yDs3aoffBfQ5CTsY$GNDZ', #5, 'Baustoff', $, (#851), #859);
#861 = IFCPROPERTYSINGLEVALUE('Planer', $, IFCTEXT('Schuessler-Plan'), $);
#862 = IFCPROPERTYSINGLEVALUE('Quelle/Herkunft_Daten', $, IFCTEXT('card_1'), $);
#863 = IFCPROPERTYSINGLEVALUE('Bemerkungen', $, IFCTEXT('NotDefined'), $);
#864 = IFCPROPERTYSINGLEVALUE('LOG', $, IFCINTEGER(200), $);
#865 = IFCPROPERTYSINGLEVALUE('KBK_Nr', $, IFCTEXT('5.112.9.020'), $);
#866 = IFCPROPERTYSINGLEVALUE('Planungsnormen', $, IFCTEXT('ZTV SoB 04/07'), $);
#867 = IFCPROPERTYSINGLEVALUE('Bauteil', $, IFCTEXT('Bankett'), $);
#868 = IFCPROPERTYSINGLEVALUE('Dicke', $, IFCLENGTHMEASURE(2.5E-1), $);
#869 = IFCPROPERTYSINGLEVALUE('LOI', $, IFCINTEGER(200), $);
#870 = IFCPROPERTYSET('0hAu9Re5TBCh7xQtvtsMGJ', #5, 'Bauteilinformation', $, (#861, #862, #863, #864, #865, #866, #867, #868, #869));
#871 = IFCRELDEFINESBYPROPERTIES('0UMFHI0zr2T9hxsNjXkvNO', #5, 'Bauteilinformation', $, (#851), #870);
#872 = IFCPROPERTYSINGLEVALUE('Objekttyp', $, IFCTEXT('Bankett'), $);
#873 = IFCPROPERTYSINGLEVALUE('Objektklasse', $, IFCTEXT('Bankett'), $);
#874 = IFCPROPERTYSINGLEVALUE('Objektgruppe', $, IFCTEXT('Fahrbahnschicht'), $);
#875 = IFCPROPERTYSET('0nZoafqsz8Uv4iwwvLi6ah', #5, 'Klassifizierung', $, (#872, #873, #874));
#876 = IFCRELDEFINESBYPROPERTIES('1vELv8EoHA0BIJcIlZ4rC6', #5, 'Klassifizierung', $, (#851), #875);
#877 = IFCPROPERTYSINGLEVALUE('Bauabschnitt', $, IFCTEXT('1'), $);
#878 = IFCPROPERTYSINGLEVALUE('Bereich', $, IFCTEXT('Sueden'), $);
#879 = IFCPROPERTYSINGLEVALUE('StationierungBis', $, IFCTEXT('671+143,960'), $);
#880 = IFCPROPERTYSINGLEVALUE('StationierungVon', $, IFCTEXT('670+960,000'), $);
#881 = IFCPROPERTYSINGLEVALUE('Von_BauKM', $, IFCLENGTHMEASURE(670960.), $);
#882 = IFCPROPERTYSINGLEVALUE('Achse', $, IFCTEXT('1'), $);
#883 = IFCPROPERTYSINGLEVALUE('Ebene', $, IFCTEXT('1'), $);
#884 = IFCPROPERTYSINGLEVALUE('Bis_BauKM', $, IFCLENGTHMEASURE(671143.96), $);
#885 = IFCPROPERTYSET('1SGT3U8yb0wviYpAFrvE7W', #5, 'Lage', $, (#877, #878, #879, #880, #881, #882, #883, #884));
#886 = IFCRELDEFINESBYPROPERTIES('24zFS$y6j48uoXmJqBI$pH', #5, 'Lage', $, (#851), #885);
#887 = IFCDIRECTION((1., 0., 0.));
#888 = IFCDIRECTION((0., 0., 1.));
#889 = IFCCARTESIANPOINT((0., 0., 0.));
#890 = IFCAXIS2PLACEMENT3D(#889, #888, #887);
#891 = IFCLOCALPLACEMENT(#712, #890);
#892 = IFCBUILDINGSTOREY('32EffHeKP3xA2FLTsTN$OY', #5, 'Bankett_innen_L', $, $, #891, $, $, $, $);
#893 = IFCCARTESIANPOINTLIST3D(((18., 91.109999999404, 128.6633), (18.0129755300586, 91.109999999404, 128.430600706754), (18., 91.109999999404, 128.4133), (18.1680863578222, 91.109999999404, 128.349167522188), (18.2620174890035, 91.109999999404, 128.313943347989), (16.8763507436379, 91.109999999404, 128.548137910766), (16.8519461951219, 91.109999999404, 128.564407609766), (16.7115130037419, 91.109999999404, 128.56791843955), (16.6489361702115, 91.109999999404, 128.575427659574), (16.5607784780441, 91.109999999404, 128.751743043906), (16.5202594926814, 91.109999999404, 128.832781014635), (16.5159574468271, 91.109999999404, 128.841385106383), (18.0129755300586, 81.109999999404, 128.630600706754), (18., 81.109999999404, 128.6133), (18., 81.109999999404, 128.8633), (18.1680863578222, 81.109999999404, 128.549167522188), (18.2620174890035, 81.109999999404, 128.513943347989), (16.8763507436379, 81.109999999404, 128.748137910766), (16.8519461951219, 81.109999999404, 128.764407609766), (16.7115130037419, 81.109999999404, 128.76791843955), (16.6489361702115, 81.109999999404, 128.775427659574), (16.5607784780441, 81.109999999404, 128.951743043906), (16.5202594926814, 81.109999999404, 129.032781014635), (16.5159574468271, 81.109999999404, 129.041385106383), (18., 71.109999999404, 128.8133), (18.0129755300586, 71.109999999404, 128.830600706754), (18.1680863578222, 71.109999999404, 128.749167522188), (18.2620174890035, 71.109999999404, 128.713943347989), (18., 71.109999999404, 129.0633), (16.8763507436379, 71.109999999404, 128.948137910766), (16.8519461951219, 71.109999999404, 128.964407609766), (16.7115130037419, 71.109999999404, 128.96791843955), (16.6489361702115, 71.109999999404, 128.975427659574), (16.5607784780441, 71.109999999404, 129.151743043906), (16.5202594926814, 71.109999999404, 129.232781014635), (16.5159574468271, 71.109999999404, 129.241385106383), (18.1680863578222, 61.109999999404, 128.949167522188), (18., 61.109999999404, 129.0133), (18.2620174890035, 61.109999999404, 128.913943347989), (18.0129755300586, 61.109999999404, 129.030600706754), (18., 61.109999999404, 129.2633), (16.8763507436379, 61.109999999404, 129.148137910766), (16.8519461951219, 61.109999999404, 129.164407609766), (16.7115130037419, 61.109999999404, 129.16791843955), (16.6489361702115, 61.109999999404, 129.175427659574), (16.5607784780441, 61.109999999404, 129.351743043906), (16.5202594926814, 61.109999999404, 129.432781014635), (16.5159574468271, 61.109999999404, 129.441385106383), (18.1680863578222, 51.109999999404, 129.149167522189), (18.2620174890035, 51.109999999404, 129.113943347989), (18., 51.109999999404, 129.2133), (18.0129755300586, 51.109999999404, 129.230600706754), (18., 51.109999999404, 129.4633), (16.8763507436379, 51.109999999404, 129.348137910766), (16.8519461951219, 51.109999999404, 129.364407609766), (16.7115130037419, 51.109999999404, 129.36791843955), (16.6489361702115, 51.109999999404, 129.375427659575), (16.5607784780441, 51.109999999404, 129.551743043906), (16.5202594926814, 51.109999999404, 129.632781014635), (16.5159574468271, 51.109999999404, 129.641385106383), (18.2620174890035, 41.109999999404, 129.313943347989), (18.1680863578222, 41.109999999404, 129.349167522189), (18., 41.109999999404, 129.4133), (18.0129755300586, 41.109999999404, 129.430600706754), (18., 41.109999999404, 129.6633), (16.8763507436379, 41.109999999404, 129.548137910766), (16.8519461951219, 41.109999999404, 129.564407609766), (16.7115130037419, 41.109999999404, 129.56791843955), (16.6489361702115, 41.109999999404, 129.575427659575), (16.5607784780441, 41.109999999404, 129.751743043906), (16.5202594926814, 41.109999999404, 129.832781014636), (16.5159574468271, 41.109999999404, 129.841385106383), (18.2620174890035, 31.109999999404, 129.513943347989), (18.1680863578222, 31.109999999404, 129.549167522189), (18., 31.109999999404, 129.6133), (18.0129755300586, 31.109999999404, 129.630600706754), (18., 31.109999999404, 129.8633), (16.8763507436379, 31.109999999404, 129.748137910766), (16.8519461951219, 31.109999999404, 129.764407609766), (16.7115130037419, 31.109999999404, 129.76791843955), (16.6489361702115, 31.109999999404, 129.775427659575), (16.5607784780441, 31.109999999404, 129.951743043907), (16.5202594926814, 31.109999999404, 130.032781014636), (16.5159574468271, 31.109999999404, 130.041385106383), (18.2620174890035, 21.109999999404, 129.713943347989), (18.1680863578222, 21.109999999404, 129.749167522189), (18., 21.109999999404, 129.8133), (18.0129755300586, 21.109999999404, 129.830600706754), (18., 21.109999999404, 130.0633), (16.8763507436379, 21.109999999404, 129.948137910766), (16.8519461951219, 21.109999999404, 129.964407609766), (16.7115130037419, 21.109999999404, 129.96791843955), (16.6489361702115, 21.109999999404, 129.975427659575), (16.5607784780441, 21.109999999404, 130.151743043907), (16.5202594926814, 21.109999999404, 130.232781014636), (16.5159574468271, 21.109999999404, 130.241385106383), (18.2620174890035, 11.109999999404, 129.913943347989), (18.1680863578222, 11.109999999404, 129.949167522189), (18., 11.109999999404, 130.0133), (18.0129755300586, 11.109999999404, 130.030600706754), (18., 11.109999999404, 130.2633), (16.8763507436379, 11.109999999404, 130.148137910766), (16.8519461951219, 11.109999999404, 130.164407609766), (16.7115130037419, 11.109999999404, 130.16791843955), (16.6489361702115, 11.109999999404, 130.175427659575), (16.5607784780441, 11.109999999404, 130.351743043907), (16.5202594926814, 11.109999999404, 130.432781014636), (16.5159574468271, 11.109999999404, 130.441385106383), (18.2620174890035, 8.10999999940395, 129.973943347989), (18.1680863578222, 8.10999999940395, 130.009167522189), (18., 8.10999999940395, 130.0733), (18.0129755300586, 8.10999999940395, 130.090600706754), (18., 8.10999999940395, 130.3233), (16.8763507436379, 8.10999999940395, 130.208137910766), (16.8519461951219, 8.10999999940395, 130.224407609766), (16.7115130037419, 8.10999999940395, 130.22791843955), (16.6489361702115, 8.10999999940395, 130.235427659575), (16.5607784780441, 8.10999999940395, 130.411743043907), (16.5202594926814, 8.10999999940395, 130.492781014636), (16.5159574468271, 8.10999999940395, 130.501385106383), (18.2620174890035, 4.10999999940395, 130.053943347989), (18.1680863578222, 4.10999999940395, 130.089167522189), (18., 4.10999999940395, 130.1533), (18.0129755300586, 4.10999999940395, 130.170600706754), (18., 4.10999999940395, 130.4033), (16.8763507436379, 4.10999999940395, 130.288137910766), (16.8519461951219, 4.10999999940395, 130.304407609766), (16.7115130037419, 4.10999999940395, 130.30791843955), (16.6489361702115, 4.10999999940395, 130.315427659575), (16.5607784780441, 4.10999999940395, 130.491743043907), (16.5202594926814, 4.10999999940395, 130.572781014636), (16.5159574468271, 4.10999999940395, 130.581385106383), (18.2620174890035, 1.10999999940395, 130.113943347989), (18.1680863578222, 1.10999999940395, 130.149167522189), (18., 1.10999999940395, 130.2133), (18.0129755300586, 1.10999999940395, 130.230600706754), (18., 1.10999999940395, 130.4633), (16.8763507436379, 1.10999999940395, 130.348137910766), (16.8519461951219, 1.10999999940395, 130.364407609766), (16.7115130037419, 1.10999999940395, 130.36791843955), (16.6489361702115, 1.10999999940395, 130.375427659575), (16.5607784780441, 1.10999999940395, 130.551743043907), (16.5202594926814, 1.10999999940395, 130.632781014636), (16.5159574468271, 1.10999999940395, 130.641385106383), (18.2620174890035, 4.6999999973923E-1, 130.12674334799), (18.1680863578222, 4.6999999973923E-1, 130.161967522189), (18., 4.6999999973923E-1, 130.226100000001), (18.0129755300586, 4.6999999973923E-1, 130.243400706755), (18., 4.6999999973923E-1, 130.476100000001), (18.2620174890035, 4.59999999962747E-1, 130.12694334799), (18.1680863578222, 4.59999999962747E-1, 130.162167522189), (16.8763507436379, 4.6999999973923E-1, 130.360937910767), (16.8519461951219, 4.6999999973923E-1, 130.377207609766), (18., 4.59999999962747E-1, 130.226300000001), (18.0129755300586, 4.59999999962747E-1, 130.243600706755), (16.7115130037419, 4.6999999973923E-1, 130.380718439551), (16.6489361702115, 4.6999999973923E-1, 130.388227659575), (18., 4.59999999962747E-1, 130.476300000001), (16.5607784780441, 4.6999999973923E-1, 130.564543043907), (16.8763507436379, 4.59999999962747E-1, 130.361137910767), (16.8519461951219, 4.59999999962747E-1, 130.377407609767), (16.5202594926814, 4.6999999973923E-1, 130.645581014636), (16.5159574468271, 4.6999999973923E-1, 130.654185106384), (16.7115130037419, 4.59999999962747E-1, 130.380918439551), (16.6489361702115, 4.59999999962747E-1, 130.388427659575), (16.5607784780441, 4.59999999962747E-1, 130.564743043907), (16.5202594926814, 4.59999999962747E-1, 130.645781014636), (16.5159574468271, 4.59999999962747E-1, 130.654385106384), (18.2620174890035, 0., 130.136143347989), (18.1680863578222, 0., 130.171367522188), (18., 0., 130.2355), (18.0129755300586, 0., 130.252800706754), (18., 0., 130.4855), (16.8763507436379, 0., 130.370337910766), (16.8519461951219, 0., 130.386607609766), (16.7115130037419, 0., 130.39011843955), (16.6489361702115, 0., 130.397627659574), (16.5607784780441, 0., 130.573943043906), (16.5202594926814, 0., 130.654981014635), (16.5159574468271, 0., 130.663585106383), (18.2620174890035, -4.40000000409782E-1, 130.14494334799), (18.1680863578222, -4.40000000409782E-1, 130.18016752219), (18., -4.40000000409782E-1, 130.244300000001), (18.0129755300586, -4.40000000409782E-1, 130.261600706755), (18., -4.40000000409782E-1, 130.494300000001), (18.2620174890035, -4.50000000186265E-1, 130.14514334799), (18.1680863578222, -4.50000000186265E-1, 130.18036752219), (16.8763507436379, -4.40000000409782E-1, 130.379137910767), (16.8519461951219, -4.40000000409782E-1, 130.395407609767), (18., -4.50000000186265E-1, 130.244500000001), (18.0129755300586, -4.50000000186265E-1, 130.261800706755), (16.7115130037419, -4.40000000409782E-1, 130.398918439551), (16.6489361702115, -4.40000000409782E-1, 130.406427659576), (18., -4.50000000186265E-1, 130.494500000001), (16.5607784780441, -4.40000000409782E-1, 130.582743043908), (16.8763507436379, -4.50000000186265E-1, 130.379337910767), (16.8519461951219, -4.50000000186265E-1, 130.395607609767), (16.5202594926814, -4.40000000409782E-1, 130.663781014637), (16.5159574468271, -4.40000000409782E-1, 130.672385106384), (16.7115130037419, -4.50000000186265E-1, 130.399118439552), (16.6489361702115, -4.50000000186265E-1, 130.406627659576), (16.5607784780441, -4.50000000186265E-1, 130.582943043908), (16.5202594926814, -4.50000000186265E-1, 130.663981014637), (16.5159574468271, -4.50000000186265E-1, 130.672585106384), (18.2620174890035, -3.89000000059605, 130.213943347989), (18.1680863578222, -3.89000000059605, 130.249167522189), (18., -3.89000000059605, 130.3133), (18.0129755300586, -3.89000000059605, 130.330600706754), (18., -3.89000000059605, 130.5633), (16.8763507436379, -3.89000000059605, 130.448137910766), (16.8519461951219, -3.89000000059605, 130.464407609766), (16.7115130037419, -3.89000000059605, 130.46791843955), (16.6489361702115, -3.89000000059605, 130.475427659575), (16.5607784780441, -3.89000000059605, 130.651743043907), (16.5202594926814, -3.89000000059605, 130.732781014636), (16.5159574468271, -3.89000000059605, 130.741385106383), (18.2620174890035, -8.89000000059605, 130.313943347989), (18.1680863578222, -8.89000000059605, 130.349167522189), (18., -8.89000000059605, 130.4133), (18.0129755300586, -8.89000000059605, 130.430600706754), (18., -8.89000000059605, 130.6633), (16.8763507436379, -8.89000000059605, 130.548137910766), (16.8519461951219, -8.89000000059605, 130.564407609766), (16.7115130037419, -8.89000000059605, 130.56791843955), (16.6489361702115, -8.89000000059605, 130.575427659575), (16.5607784780441, -8.89000000059605, 130.751743043907), (16.5202594926814, -8.89000000059605, 130.832781014636), (16.5159574468271, -8.89000000059605, 130.841385106383), (18.2620174890035, -18.890000000596, 130.513943347989), (18.1680863578222, -18.890000000596, 130.549167522189), (18., -18.890000000596, 130.6133), (18.0129755300586, -18.890000000596, 130.630600706754), (18., -18.890000000596, 130.8633), (16.8763507436379, -18.890000000596, 130.748137910766), (16.8519461951219, -18.890000000596, 130.764407609766), (16.7115130037419, -18.890000000596, 130.76791843955), (16.6489361702115, -18.890000000596, 130.775427659575), (16.5607784780441, -18.890000000596, 130.951743043907), (16.5202594926814, -18.890000000596, 131.032781014636), (16.5159574468271, -18.890000000596, 131.041385106383), (18.2620174890035, -28.890000000596, 130.713943347989), (18.1680863578222, -28.890000000596, 130.749167522189), (18., -28.890000000596, 130.8133), (18.0129755300586, -28.890000000596, 130.830600706754), (18., -28.890000000596, 131.0633), (16.8763507436379, -28.890000000596, 130.948137910766), (16.8519461951219, -28.890000000596, 130.964407609766), (16.7115130037419, -28.890000000596, 130.967918439551), (16.6489361702115, -28.890000000596, 130.975427659575), (16.5607784780441, -28.890000000596, 131.151743043907), (16.5202594926814, -28.890000000596, 131.232781014636), (16.5159574468271, -28.890000000596, 131.241385106383), (18.2620174890035, -38.890000000596, 130.913943347989), (18.1680863578222, -38.890000000596, 130.949167522189), (18., -38.890000000596, 131.0133), (18.0129755300586, -38.890000000596, 131.030600706755), (18., -38.890000000596, 131.2633), (16.8763507436379, -38.890000000596, 131.148137910766), (16.8519461951219, -38.890000000596, 131.164407609766), (16.7115130037419, -38.890000000596, 131.167918439551), (16.6489361702115, -38.890000000596, 131.175427659575), (16.5607784780441, -38.890000000596, 131.351743043907), (16.5202594926814, -38.890000000596, 131.432781014636), (16.5159574468271, -38.890000000596, 131.441385106383), (18.2620174890035, -48.890000000596, 131.113943347989), (18.1680863578222, -48.890000000596, 131.149167522189), (18., -48.890000000596, 131.213300000001), (18.0129755300586, -48.890000000596, 131.230600706755), (18., -48.890000000596, 131.463300000001), (16.8763507436379, -48.890000000596, 131.348137910766), (16.8519461951219, -48.890000000596, 131.364407609766), (16.7115130037419, -48.890000000596, 131.367918439551), (16.6489361702115, -48.890000000596, 131.375427659575), (16.5607784780441, -48.890000000596, 131.551743043907), (16.5202594926814, -48.890000000596, 131.632781014636), (16.5159574468271, -48.890000000596, 131.641385106383), (18.2620174890035, -58.890000000596, 131.31394334799), (18.1680863578222, -58.890000000596, 131.349167522189), (18., -58.890000000596, 131.413300000001), (18.0129755300586, -58.890000000596, 131.430600706755), (18., -58.890000000596, 131.663300000001), (16.8763507436379, -58.890000000596, 131.548137910767), (16.8519461951219, -58.890000000596, 131.564407609767), (16.7115130037419, -58.890000000596, 131.567918439551), (16.6489361702115, -58.890000000596, 131.575427659575), (16.5607784780441, -58.890000000596, 131.751743043907), (16.5202594926814, -58.890000000596, 131.832781014636), (16.5159574468271, -58.890000000596, 131.841385106384), (18.2620174890035, -68.890000000596, 131.51394334799), (18.1680863578222, -68.890000000596, 131.549167522189), (18., -68.890000000596, 131.613300000001), (18.0129755300586, -68.890000000596, 131.630600706755), (18., -68.890000000596, 131.863300000001), (16.8763507436379, -68.890000000596, 131.748137910767), (16.8519461951219, -68.890000000596, 131.764407609767), (16.7115130037419, -68.890000000596, 131.767918439551), (16.6489361702115, -68.890000000596, 131.775427659575), (16.5607784780441, -68.890000000596, 131.951743043907), (16.5202594926814, -68.890000000596, 132.032781014636), (16.5159574468271, -68.890000000596, 132.041385106384), (18.2620174890035, -78.890000000596, 131.71394334799), (18.1680863578222, -78.890000000596, 131.749167522189), (18., -78.890000000596, 131.813300000001), (18.0129755300586, -78.890000000596, 131.830600706755), (18., -78.890000000596, 132.063300000001), (16.8763507436379, -78.890000000596, 131.948137910767), (16.8519461951219, -78.890000000596, 131.964407609767), (16.7115130037419, -78.890000000596, 131.967918439551), (16.6489361702115, -78.890000000596, 131.975427659575), (16.5607784780441, -78.890000000596, 132.151743043907), (16.5202594926814, -78.890000000596, 132.232781014636), (16.5159574468271, -78.890000000596, 132.241385106384), (18.2620174890035, -88.890000000596, 131.91394334799), (18.1680863578222, -88.890000000596, 131.949167522189), (18., -88.890000000596, 132.013300000001), (18.0129755300586, -88.890000000596, 132.030600706755), (18., -88.890000000596, 132.263300000001), (16.8763507436379, -88.890000000596, 132.148137910767), (16.8519461951219, -88.890000000596, 132.164407609767), (16.7115130037419, -88.890000000596, 132.167918439551), (16.6489361702115, -88.890000000596, 132.175427659575), (16.5607784780441, -88.890000000596, 132.351743043907), (16.5202594926814, -88.890000000596, 132.432781014636), (16.5159574468271, -88.890000000596, 132.441385106384), (18.2620174890035, -92.8500000005588, 131.993143347975), (18.1680863578222, -92.8500000005588, 132.028367522175), (18., -92.8500000005588, 132.092499999986), (18.0129755300586, -92.8500000005588, 132.10980070674), (18., -92.8500000005588, 132.342499999986), (16.8763507436379, -92.8500000005588, 132.227337910752), (16.8519461951219, -92.8500000005588, 132.243607609752), (16.7115130037419, -92.8500000005588, 132.247118439536), (16.6489361702115, -92.8500000005588, 132.25462765956), (16.5607784780441, -92.8500000005588, 132.430943043892), (16.5202594926814, -92.8500000005588, 132.511981014621), (16.5159574468271, -92.8500000005588, 132.520585106369)));
#894 = IFCTRIANGULATEDFACESET(#893, $, .T., ((1, 5, 4), (1, 4, 2), (1, 2, 3), (1, 3, 6), (7, 1, 6), (12, 1, 7), (12, 7, 11), (11, 7, 10), (10, 7, 8), (10, 8, 9), (1, 24, 15), (1, 12, 24), (15, 24, 36), (15, 36, 29), (29, 36, 48), (29, 48, 41), (48, 53, 41), (48, 60, 53), (53, 60, 72), (53, 72, 65), (65, 72, 84), (65, 84, 77), (84, 89, 77), (84, 96, 89), (89, 96, 108), (89, 108, 101), (101, 108, 120), (101, 120, 113), (113, 120, 132), (113, 132, 125), (125, 132, 144), (125, 144, 137), (137, 144, 163), (137, 163, 149), (163, 158, 149), (163, 168, 158), (158, 168, 180), (158, 180, 173), (173, 180, 199), (173, 199, 185), (199, 194, 185), (199, 204, 194), (194, 204, 216), (194, 216, 209), (209, 216, 228), (209, 228, 221), (221, 228, 240), (221, 240, 233), (233, 240, 252), (233, 252, 245), (245, 252, 264), (245, 264, 257), (257, 264, 276), (257, 276, 269), (269, 276, 288), (269, 288, 281), (288, 293, 281), (288, 300, 293), (293, 300, 312), (293, 312, 305), (312, 317, 305), (312, 324, 317), (317, 324, 336), (317, 336, 329), (12, 23, 24), (12, 11, 23), (24, 23, 35), (11, 22, 23), (24, 35, 36), (23, 34, 35), (11, 10, 22), (23, 22, 34), (36, 35, 47), (35, 34, 46), (10, 21, 22), (22, 33, 34), (36, 47, 48), (35, 46, 47), (34, 45, 46), (10, 9, 21), (22, 21, 33), (34, 33, 45), (48, 47, 59), (47, 46, 58), (46, 45, 57), (48, 59, 60), (47, 58, 59), (46, 57, 58), (60, 59, 71), (59, 58, 70), (58, 57, 69), (60, 71, 72), (59, 70, 71), (58, 69, 70), (71, 84, 72), (70, 83, 71), (69, 82, 70), (71, 83, 84), (70, 82, 83), (69, 81, 82), (84, 83, 95), (83, 82, 94), (82, 81, 93), (84, 95, 96), (83, 94, 95), (82, 93, 94), (95, 108, 96), (94, 107, 95), (93, 106, 94), (95, 107, 108), (94, 106, 107), (93, 105, 106), (108, 107, 119), (107, 106, 118), (106, 105, 117), (108, 119, 120), (107, 118, 119), (106, 117, 118), (120, 119, 131), (119, 118, 130), (118, 117, 129), (120, 131, 132), (119, 130, 131), (118, 129, 130), (132, 131, 143), (131, 130, 142), (130, 129, 141), (132, 143, 144), (131, 142, 143), (130, 141, 142), (144, 143, 162), (143, 142, 159), (142, 141, 157), (144, 162, 163), (143, 159, 162), (142, 157, 159), (163, 162, 167), (162, 159, 166), (159, 157, 165), (163, 167, 168), (162, 166, 167), (159, 165, 166), (167, 180, 168), (166, 179, 167), (165, 178, 166), (167, 179, 180), (166, 178, 179), (165, 177, 178), (180, 179, 198), (179, 178, 195), (178, 177, 193), (180, 198, 199), (179, 195, 198), (178, 193, 195), (199, 198, 203), (198, 195, 202), (195, 193, 201), (199, 203, 204), (198, 202, 203), (195, 201, 202), (203, 216, 204), (202, 215, 203), (201, 214, 202), (203, 215, 216), (202, 214, 215), (201, 213, 214), (216, 215, 227), (215, 214, 226), (214, 213, 225), (216, 227, 228), (215, 226, 227), (214, 225, 226), (228, 227, 239), (227, 226, 238), (226, 225, 237), (228, 239, 240), (227, 238, 239), (226, 237, 238), (240, 239, 251), (239, 238, 250), (238, 237, 249), (240, 251, 252), (239, 250, 251), (238, 249, 250), (252, 251, 263), (251, 250, 262), (250, 249, 261), (252, 263, 264), (251, 262, 263), (250, 261, 262), (264, 263, 275), (263, 262, 274), (262, 261, 273), (264, 275, 276), (263, 274, 275), (262, 273, 274), (276, 275, 287), (275, 274, 286), (274, 273, 285), (276, 287, 288), (275, 286, 287), (274, 285, 286), (288, 287, 299), (287, 286, 298), (286, 285, 297), (288, 299, 300), (287, 298, 299), (286, 297, 298), (299, 312, 300), (298, 311, 299), (297, 310, 298), (299, 311, 312), (298, 310, 311), (297, 309, 310), (312, 311, 323), (311, 310, 322), (310, 309, 321), (312, 323, 324), (311, 322, 323), (310, 321, 322), (324, 323, 335), (323, 322, 334), (322, 321, 333), (324, 335, 336), (323, 334, 335), (322, 333, 334), (9, 20, 21), (9, 8, 20), (21, 20, 32), (8, 19, 20), (21, 32, 33), (20, 31, 32), (8, 7, 19), (20, 19, 31), (33, 32, 44), (32, 31, 43), (33, 44, 45), (32, 43, 44), (45, 44, 56), (44, 43, 55), (45, 56, 57), (44, 55, 56), (57, 56, 68), (56, 55, 67), (57, 68, 69), (56, 67, 68), (68, 81, 69), (67, 80, 68), (68, 80, 81), (67, 79, 80), (81, 80, 92), (80, 79, 91), (81, 92, 93), (80, 91, 92), (92, 105, 93), (91, 104, 92), (92, 104, 105), (91, 103, 104), (105, 104, 116), (104, 103, 115), (105, 116, 117), (104, 115, 116), (117, 116, 128), (116, 115, 127), (117, 128, 129), (116, 127, 128), (129, 128, 140), (128, 127, 139), (129, 140, 141), (128, 139, 140), (141, 140, 156), (140, 139, 153), (141, 156, 157), (140, 153, 156), (157, 156, 164), (156, 153, 161), (157, 164, 165), (156, 161, 164), (164, 177, 165), (161, 176, 164), (164, 176, 177), (161, 175, 176), (177, 176, 192), (176, 175, 189), (177, 192, 193), (176, 189, 192), (193, 192, 200), (192, 189, 197), (193, 200, 201), (192, 197, 200), (200, 213, 201), (197, 212, 200), (200, 212, 213), (197, 211, 212), (213, 212, 224), (212, 211, 223), (213, 224, 225), (212, 223, 224), (225, 224, 236), (224, 223, 235), (225, 236, 237), (224, 235, 236), (237, 236, 248), (236, 235, 247), (237, 248, 249), (236, 247, 248), (249, 248, 260), (248, 247, 259), (249, 260, 261), (248, 259, 260), (261, 260, 272), (260, 259, 271), (261, 272, 273), (260, 271, 272), (273, 272, 284), (272, 271, 283), (273, 284, 285), (272, 283, 284), (285, 284, 296), (284, 283, 295), (285, 296, 297), (284, 295, 296), (296, 309, 297), (295, 308, 296), (296, 308, 309), (295, 307, 308), (309, 308, 320), (308, 307, 319), (309, 320, 321), (308, 319, 320), (321, 320, 332), (320, 319, 331), (321, 332, 333), (320, 331, 332), (7, 18, 19), (7, 6, 18), (19, 18, 30), (19, 30, 31), (31, 30, 42), (31, 42, 43), (43, 42, 54), (43, 54, 55), (55, 54, 66), (55, 66, 67), (66, 79, 67), (66, 78, 79), (79, 78, 90), (79, 90, 91), (90, 103, 91), (90, 102, 103), (103, 102, 114), (103, 114, 115), (115, 114, 126), (115, 126, 127), (127, 126, 138), (127, 138, 139), (139, 138, 152), (139, 152, 153), (153, 152, 160), (153, 160, 161), (160, 175, 161), (160, 174, 175), (175, 174, 188), (175, 188, 189), (189, 188, 196), (189, 196, 197), (196, 211, 197), (196, 210, 211), (211, 210, 222), (211, 222, 223), (223, 222, 234), (223, 234, 235), (235, 234, 246), (235, 246, 247), (247, 246, 258), (247, 258, 259), (259, 258, 270), (259, 270, 271), (271, 270, 282), (271, 282, 283), (283, 282, 294), (283, 294, 295), (294, 307, 295), (294, 306, 307), (307, 306, 318), (307, 318, 319), (319, 318, 330), (319, 330, 331), (6, 14, 18), (6, 3, 14), (18, 14, 25), (18, 25, 30), (30, 25, 38), (30, 38, 42), (42, 38, 51), (42, 51, 54), (54, 51, 63), (54, 63, 66), (63, 78, 66), (63, 75, 78), (78, 75, 87), (78, 87, 90), (87, 102, 90), (87, 99, 102), (102, 99, 111), (102, 111, 114), (114, 111, 123), (114, 123, 126), (126, 123, 135), (126, 135, 138), (138, 135, 147), (138, 147, 152), (152, 147, 154), (152, 154, 160), (154, 174, 160), (154, 171, 174), (174, 171, 183), (174, 183, 188), (188, 183, 190), (188, 190, 196), (190, 210, 196), (190, 207, 210), (210, 207, 219), (210, 219, 222), (222, 219, 231), (222, 231, 234), (234, 231, 243), (234, 243, 246), (246, 243, 255), (246, 255, 258), (258, 255, 267), (258, 267, 270), (270, 267, 279), (270, 279, 282), (282, 279, 291), (282, 291, 294), (291, 306, 294), (291, 303, 306), (306, 303, 315), (306, 315, 318), (318, 315, 327), (318, 327, 330), (3, 13, 14), (3, 2, 13), (14, 13, 26), (14, 26, 25), (25, 26, 40), (25, 40, 38), (40, 51, 38), (40, 52, 51), (51, 52, 64), (51, 64, 63), (63, 64, 76), (63, 76, 75), (76, 87, 75), (76, 88, 87), (87, 88, 100), (87, 100, 99), (99, 100, 112), (99, 112, 111), (111, 112, 124), (111, 124, 123), (123, 124, 136), (123, 136, 135), (135, 136, 148), (135, 148, 147), (148, 154, 147), (148, 155, 154), (154, 155, 172), (154, 172, 171), (171, 172, 184), (171, 184, 183), (184, 190, 183), (184, 191, 190), (190, 191, 208), (190, 208, 207), (207, 208, 220), (207, 220, 219), (219, 220, 232), (219, 232, 231), (231, 232, 244), (231, 244, 243), (243, 244, 256), (243, 256, 255), (255, 256, 268), (255, 268, 267), (267, 268, 280), (267, 280, 279), (280, 291, 279), (280, 292, 291), (291, 292, 304), (291, 304, 303), (304, 315, 303), (304, 316, 315), (315, 316, 328), (315, 328, 327), (2, 16, 13), (2, 4, 16), (13, 16, 27), (4, 17, 16), (13, 27, 26), (17, 27, 16), (4, 5, 17), (26, 27, 37), (17, 28, 27), (26, 37, 40), (27, 39, 37), (27, 28, 39), (40, 37, 49), (37, 39, 50), (40, 49, 52), (37, 50, 49), (52, 49, 62), (49, 50, 61), (52, 62, 64), (49, 61, 62), (62, 76, 64), (61, 74, 62), (62, 74, 76), (61, 73, 74), (76, 74, 86), (74, 73, 85), (76, 86, 88), (74, 85, 86), (86, 100, 88), (85, 98, 86), (86, 98, 100), (85, 97, 98), (100, 98, 110), (97, 110, 98), (100, 110, 112), (97, 109, 110), (112, 110, 122), (110, 109, 121), (112, 122, 124), (110, 121, 122), (124, 122, 134), (121, 134, 122), (124, 134, 136), (121, 133, 134), (136, 134, 146), (134, 133, 145), (136, 146, 148), (134, 145, 146), (148, 146, 151), (146, 145, 150), (148, 151, 155), (146, 150, 151), (151, 172, 155), (150, 170, 151), (151, 170, 172), (150, 169, 170), (172, 170, 182), (170, 169, 181), (172, 182, 184), (170, 181, 182), (184, 182, 187), (182, 181, 186), (184, 187, 191), (182, 186, 187), (187, 208, 191), (186, 206, 187), (187, 206, 208), (186, 205, 206), (208, 206, 218), (206, 205, 217), (208, 218, 220), (206, 217, 218), (220, 218, 230), (217, 230, 218), (220, 230, 232), (217, 229, 230), (232, 230, 242), (230, 229, 241), (232, 242, 244), (230, 241, 242), (244, 242, 254), (242, 241, 253), (244, 254, 256), (242, 253, 254), (256, 254, 266), (253, 266, 254), (256, 266, 268), (253, 265, 266), (268, 266, 278), (266, 265, 277), (268, 278, 280), (266, 277, 278), (280, 278, 290), (278, 277, 289), (280, 290, 292), (278, 289, 290), (290, 304, 292), (289, 302, 290), (290, 302, 304), (289, 301, 302), (304, 302, 314), (302, 301, 313), (304, 314, 316), (302, 313, 314), (316, 314, 326), (314, 313, 325), (316, 326, 328), (314, 325, 326), (1, 17, 5), (1, 15, 17), (17, 15, 29), (17, 29, 28), (29, 39, 28), (29, 41, 39), (41, 50, 39), (41, 53, 50), (50, 53, 65), (50, 65, 61), (61, 65, 77), (61, 77, 73), (77, 85, 73), (77, 89, 85), (85, 89, 101), (85, 101, 97), (97, 101, 113), (97, 113, 109), (113, 121, 109), (113, 125, 121), (121, 125, 137), (121, 137, 133), (137, 145, 133), (137, 149, 145), (149, 150, 145), (149, 158, 150), (150, 158, 173), (150, 173, 169), (169, 173, 185), (169, 185, 181), (185, 186, 181), (185, 194, 186), (186, 194, 209), (186, 209, 205), (209, 217, 205), (209, 221, 217), (217, 221, 233), (217, 233, 229), (229, 233, 245), (229, 245, 241), (245, 253, 241), (245, 257, 253), (253, 257, 269), (253, 269, 265), (269, 277, 265), (269, 281, 277), (281, 289, 277), (281, 293, 289), (289, 293, 305), (289, 305, 301), (305, 313, 301), (305, 317, 313), (313, 317, 329), (313, 329, 325), (325, 329, 326), (326, 329, 328), (328, 329, 327), (327, 329, 330), (329, 331, 330), (329, 336, 331), (331, 336, 335), (331, 335, 334), (331, 334, 332), (332, 334, 333)), $);
#895 = IFCCOLOURRGB($, 6.90195977687836E-1, 1., 6.90195977687836E-1);
#896 = IFCSURFACESTYLERENDERING(#895, 0., $, $, $, $, $, $, .FLAT.);
#897 = IFCSURFACESTYLE('m:b0ffb0ff', .BOTH., (#896));
#898 = IFCPRESENTATIONSTYLEASSIGNMENT((#897));
#899 = IFCSTYLEDITEM(#894, (#898), $);
#900 = IFCSHAPEREPRESENTATION(#24, 'Body', 'Tessellation', (#894));
#901 = IFCPRODUCTDEFINITIONSHAPE($, $, (#900));
#902 = IFCDIRECTION((1., 0., 0.));
#903 = IFCDIRECTION((0., 0., 1.));
#904 = IFCCARTESIANPOINT((0., 0., 0.));
#905 = IFCAXIS2PLACEMENT3D(#904, #903, #902);
#906 = IFCLOCALPLACEMENT(#891, #905);
#907 = IFCBUILDINGELEMENTPROXY('2zCoGIuTb16uZZD0K62jMv', #5, '670960,000-671143,960', '670960,000-671143,960', $, #906, #901, $, $);
#908 = IFCRELCONTAINEDINSPATIALSTRUCTURE('1HoGgXdmbCagRaiWoR1tsw', #5, $, $, (#907), #892);
#909 = IFCPROPERTYSINGLEVALUE('BauphaseEnde', $, IFCTEXT('2'), $);
#910 = IFCPROPERTYSINGLEVALUE('Bauphase', $, IFCTEXT('1'), $);
#911 = IFCPROPERTYSINGLEVALUE('BauphaseStart', $, IFCTEXT('1'), $);
#912 = IFCPROPERTYSET('0_KuRmhxj0SOK_s7tXv4ur', #5, 'Bauphase', $, (#909, #910, #911));
#913 = IFCRELDEFINESBYPROPERTIES('07K$pfRfD0Uh4y9CiS7gvo', #5, 'Bauphase', $, (#907), #912);
#914 = IFCPROPERTYSINGLEVALUE('Material', $, IFCTEXT('Bankettschotter_0/32'), $);
#915 = IFCPROPERTYSET('090ogIJyr16PyE2QqRqFEU', #5, 'Baustoff', $, (#914));
#916 = IFCRELDEFINESBYPROPERTIES('0pSi8VWNTCCx0NT9qhJ8By', #5, 'Baustoff', $, (#907), #915);
#917 = IFCPROPERTYSINGLEVALUE('Planer', $, IFCTEXT('Schuessler-Plan'), $);
#918 = IFCPROPERTYSINGLEVALUE('Quelle/Herkunft_Daten', $, IFCTEXT('card_1'), $);
#919 = IFCPROPERTYSINGLEVALUE('Bemerkungen', $, IFCTEXT('NotDefined'), $);
#920 = IFCPROPERTYSINGLEVALUE('LOG', $, IFCINTEGER(200), $);
#921 = IFCPROPERTYSINGLEVALUE('KBK_Nr', $, IFCTEXT('5.112.9.020'), $);
#922 = IFCPROPERTYSINGLEVALUE('Planungsnormen', $, IFCTEXT('ZTV SoB 04/07'), $);
#923 = IFCPROPERTYSINGLEVALUE('Bauteil', $, IFCTEXT('Bankett'), $);
#924 = IFCPROPERTYSINGLEVALUE('Dicke', $, IFCLENGTHMEASURE(2.5E-1), $);
#925 = IFCPROPERTYSINGLEVALUE('LOI', $, IFCINTEGER(200), $);
#926 = IFCPROPERTYSET('17ihaVWyXCLBAsX1IHf7c_', #5, 'Bauteilinformation', $, (#917, #918, #919, #920, #921, #922, #923, #924, #925));
#927 = IFCRELDEFINESBYPROPERTIES('3lpI4wbd94HBxYbmHBy4MT', #5, 'Bauteilinformation', $, (#907), #926);
#928 = IFCPROPERTYSINGLEVALUE('Objekttyp', $, IFCTEXT('Bankett'), $);
#929 = IFCPROPERTYSINGLEVALUE('Objektklasse', $, IFCTEXT('Bankett'), $);
#930 = IFCPROPERTYSINGLEVALUE('Objektgruppe', $, IFCTEXT('Fahrbahnschicht'), $);
#931 = IFCPROPERTYSET('3fwTN7ucvA4hCPJmtvqYcB', #5, 'Klassifizierung', $, (#928, #929, #930));
#932 = IFCRELDEFINESBYPROPERTIES('0ZGl8twuLEQuu7Zf8nzT4s', #5, 'Klassifizierung', $, (#907), #931);
#933 = IFCPROPERTYSINGLEVALUE('Bauabschnitt', $, IFCTEXT('1'), $);
#934 = IFCPROPERTYSINGLEVALUE('Bereich', $, IFCTEXT('Sueden'), $);
#935 = IFCPROPERTYSINGLEVALUE('StationierungBis', $, IFCTEXT('671+143,960'), $);
#936 = IFCPROPERTYSINGLEVALUE('StationierungVon', $, IFCTEXT('670+960,000'), $);
#937 = IFCPROPERTYSINGLEVALUE('Von_BauKM', $, IFCLENGTHMEASURE(670960.), $);
#938 = IFCPROPERTYSINGLEVALUE('Achse', $, IFCTEXT('1'), $);
#939 = IFCPROPERTYSINGLEVALUE('Ebene', $, IFCTEXT('1'), $);
#940 = IFCPROPERTYSINGLEVALUE('Bis_BauKM', $, IFCLENGTHMEASURE(671143.96), $);
#941 = IFCPROPERTYSET('3OxcxQJaD3fxCNoRUNavxH', #5, 'Lage', $, (#933, #934, #935, #936, #937, #938, #939, #940));
#942 = IFCRELDEFINESBYPROPERTIES('1rAEmIGt1FcfSIDCjbZx9K', #5, 'Lage', $, (#907), #941);
#943 = IFCDIRECTION((1., 0., 0.));
#944 = IFCDIRECTION((0., 0., 1.));
#945 = IFCCARTESIANPOINT((0., 0., 0.));
#946 = IFCAXIS2PLACEMENT3D(#945, #944, #943);
#947 = IFCLOCALPLACEMENT(#706, #946);
#948 = IFCBUILDINGSTOREY('2_oJ1I83bA3xiUx$RNOP5Y', #5, 'Tragschicht', $, $, #947, $, $, $, $);
#949 = IFCDIRECTION((1., 0., 0.));
#950 = IFCDIRECTION((0., 0., 1.));
#951 = IFCCARTESIANPOINT((0., 0., 0.));
#952 = IFCAXIS2PLACEMENT3D(#951, #950, #949);
#953 = IFCLOCALPLACEMENT(#947, #952);
#954 = IFCBUILDINGSTOREY('0FhbxBWvHC1xb1JNJtoNrG', #5, 'FB_ASchicht_14', $, $, #953, $, $, $, $);
#955 = IFCRELAGGREGATES('07IsRG329AIAXwY8XbUN2G', #5, '', $, #948, (#954, #1013, #1068));
#956 = IFCCARTESIANPOINTLIST3D(((16.5607784780441, 91.109999999404, 128.751743043906), (16.6519461951102, 91.109999999404, 128.569407609766), (8., 91.109999999404, 128.785706264644), (8., 91.109999999404, 128.965762505857), (16.6519461951102, 81.109999999404, 128.769407609766), (16.5607784780441, 81.109999999404, 128.951743043906), (8., 81.109999999404, 128.985706264644), (8., 81.109999999404, 129.165762505857), (1.9407222251175, 91.109999999404, 129.117244450229), (1.85180556279374, 91.109999999404, 128.939411125574), (1.9407222251175, 81.109999999404, 129.31724445023), (1.85180556279374, 81.109999999404, 129.139411125574), (16.6519461951102, 71.109999999404, 128.969407609766), (16.5607784780441, 71.109999999404, 129.151743043906), (8., 71.109999999404, 129.185706264644), (8., 71.109999999404, 129.365762505857), (1.9407222251175, 71.109999999404, 129.51724445023), (1.85180556279374, 71.109999999404, 129.339411125574), (16.6519461951102, 61.109999999404, 129.169407609766), (16.5607784780441, 61.109999999404, 129.351743043906), (8., 61.109999999404, 129.385706264644), (8., 61.109999999404, 129.565762505858), (1.9407222251175, 61.109999999404, 129.71724445023), (1.85180556279374, 61.109999999404, 129.539411125574), (16.6519461951102, 51.109999999404, 129.369407609766), (16.5607784780441, 51.109999999404, 129.551743043906), (8., 51.109999999404, 129.585706264644), (8., 51.109999999404, 129.765762505858), (1.9407222251175, 51.109999999404, 129.91724445023), (1.85180556279374, 51.109999999404, 129.739411125574), (16.6519461951102, 41.109999999404, 129.569407609766), (16.5607784780441, 41.109999999404, 129.751743043906), (8., 41.109999999404, 129.785706264644), (8., 41.109999999404, 129.965762505858), (1.9407222251175, 41.109999999404, 130.11724445023), (1.85180556279374, 41.109999999404, 129.939411125574), (16.6519461951102, 31.109999999404, 129.769407609766), (16.5607784780441, 31.109999999404, 129.951743043907), (8., 31.109999999404, 129.985706264644), (8., 31.109999999404, 130.165762505858), (1.9407222251175, 31.109999999404, 130.31724445023), (1.85180556279374, 31.109999999404, 130.139411125574), (16.6519461951102, 21.109999999404, 129.969407609766), (16.5607784780441, 21.109999999404, 130.151743043907), (8., 21.109999999404, 130.185706264644), (8., 21.109999999404, 130.365762505858), (1.9407222251175, 21.109999999404, 130.51724445023), (1.85180556279374, 21.109999999404, 130.339411125574), (16.6519461951102, 11.109999999404, 130.169407609766), (16.5607784780441, 11.109999999404, 130.351743043907), (8., 11.109999999404, 130.385706264644), (8., 11.109999999404, 130.565762505858), (1.9407222251175, 11.109999999404, 130.71724445023), (1.85180556279374, 11.109999999404, 130.539411125574), (16.6519461951102, 8.10999999940395, 130.229407609766), (16.5607784780441, 8.10999999940395, 130.411743043907), (8., 8.10999999940395, 130.445706264644), (8., 8.10999999940395, 130.625762505858), (1.9407222251175, 8.10999999940395, 130.77724445023), (1.85180556279374, 8.10999999940395, 130.599411125574), (16.6519461951102, 4.10999999940395, 130.309407609766), (16.5607784780441, 4.10999999940395, 130.491743043907), (8., 4.10999999940395, 130.525706264644), (8., 4.10999999940395, 130.705762505858), (1.9407222251175, 4.10999999940395, 130.85724445023), (1.85180556279374, 4.10999999940395, 130.679411125574), (16.6519461951102, 1.10999999940395, 130.369407609766), (16.5607784780441, 1.10999999940395, 130.551743043907), (8., 1.10999999940395, 130.585706264644), (8., 1.10999999940395, 130.765762505858), (16.6519461951102, 4.6999999973923E-1, 130.382207609766), (16.5607784780441, 4.6999999973923E-1, 130.564543043907), (16.6519461951102, 4.59999999962747E-1, 130.382407609767), (16.5607784780441, 4.59999999962747E-1, 130.564743043907), (8., 4.6999999973923E-1, 130.598506264644), (8., 4.6999999973923E-1, 130.778562505858), (8., 4.59999999962747E-1, 130.598706264645), (8., 4.59999999962747E-1, 130.778762505858), (16.6519461951102, 0., 130.391607609766), (16.5607784780441, 0., 130.573943043906), (1.9407222251175, 1.10999999940395, 130.91724445023), (1.85180556279374, 1.10999999940395, 130.739411125574), (8., 0., 130.607906264644), (8., 0., 130.787962505858), (16.6519461951102, -4.40000000409782E-1, 130.400407609767), (16.5607784780441, -4.40000000409782E-1, 130.582743043908), (16.6519461951102, -4.50000000186265E-1, 130.400607609767), (16.5607784780441, -4.50000000186265E-1, 130.582943043908), (1.9407222251175, 4.6999999973923E-1, 130.93004445023), (1.9407222251175, 4.59999999962747E-1, 130.93024445023), (1.85180556279374, 4.6999999973923E-1, 130.752211125575), (1.85180556279374, 4.59999999962747E-1, 130.752411125575), (8., -4.40000000409782E-1, 130.616706264645), (8., -4.40000000409782E-1, 130.796762505859), (8., -4.50000000186265E-1, 130.616906264645), (8., -4.50000000186265E-1, 130.796962505859), (1.9407222251175, 0., 130.93944445023), (1.85180556279374, 0., 130.761611125574), (1.9407222251175, -4.40000000409782E-1, 130.948244450231), (1.9407222251175, -4.50000000186265E-1, 130.948444450231), (1.85180556279374, -4.40000000409782E-1, 130.770411125575), (1.85180556279374, -4.50000000186265E-1, 130.770611125576), (16.6519461951102, -3.89000000059605, 130.469407609766), (16.5607784780441, -3.89000000059605, 130.651743043907), (8., -3.89000000059605, 130.685706264644), (8., -3.89000000059605, 130.865762505858), (1.9407222251175, -3.89000000059605, 131.01724445023), (1.85180556279374, -3.89000000059605, 130.839411125574), (16.6519461951102, -8.89000000059605, 130.569407609766), (16.5607784780441, -8.89000000059605, 130.751743043907), (8., -8.89000000059605, 130.785706264644), (8., -8.89000000059605, 130.965762505858), (1.9407222251175, -8.89000000059605, 131.11724445023), (1.85180556279374, -8.89000000059605, 130.939411125575), (16.6519461951102, -18.890000000596, 130.769407609766), (16.5607784780441, -18.890000000596, 130.951743043907), (8., -18.890000000596, 130.985706264644), (8., -18.890000000596, 131.165762505858), (1.9407222251175, -18.890000000596, 131.31724445023), (1.85180556279374, -18.890000000596, 131.139411125575), (16.6519461951102, -28.890000000596, 130.969407609766), (16.5607784780441, -28.890000000596, 131.151743043907), (8., -28.890000000596, 131.185706264644), (8., -28.890000000596, 131.365762505858), (1.9407222251175, -28.890000000596, 131.51724445023), (1.85180556279374, -28.890000000596, 131.339411125575), (16.6519461951102, -38.890000000596, 131.169407609766), (16.5607784780441, -38.890000000596, 131.351743043907), (8., -38.890000000596, 131.385706264644), (8., -38.890000000596, 131.565762505858), (1.9407222251175, -38.890000000596, 131.71724445023), (1.85180556279374, -38.890000000596, 131.539411125575), (16.6519461951102, -48.890000000596, 131.369407609766), (16.5607784780441, -48.890000000596, 131.551743043907), (8., -48.890000000596, 131.585706264644), (8., -48.890000000596, 131.765762505858), (1.9407222251175, -48.890000000596, 131.91724445023), (1.85180556279374, -48.890000000596, 131.739411125575), (16.6519461951102, -58.890000000596, 131.569407609767), (16.5607784780441, -58.890000000596, 131.751743043907), (8., -58.890000000596, 131.785706264644), (8., -58.890000000596, 131.965762505858), (1.9407222251175, -58.890000000596, 132.11724445023), (1.85180556279374, -58.890000000596, 131.939411125575), (16.6519461951102, -68.890000000596, 131.769407609767), (16.5607784780441, -68.890000000596, 131.951743043907), (8., -68.890000000596, 131.985706264644), (8., -68.890000000596, 132.165762505858), (1.9407222251175, -68.890000000596, 132.31724445023), (1.85180556279374, -68.890000000596, 132.139411125575), (16.6519461951102, -78.890000000596, 131.969407609767), (16.5607784780441, -78.890000000596, 132.151743043907), (8., -78.890000000596, 132.185706264645), (8., -78.890000000596, 132.365762505858), (1.9407222251175, -78.890000000596, 132.51724445023), (1.85180556279374, -78.890000000596, 132.339411125575), (16.6519461951102, -88.890000000596, 132.169407609767), (16.5607784780441, -88.890000000596, 132.351743043907), (8., -88.890000000596, 132.385706264645), (8., -88.890000000596, 132.565762505858), (1.9407222251175, -88.890000000596, 132.71724445023), (1.85180556279374, -88.890000000596, 132.539411125575), (16.6519461951102, -92.8500000005588, 132.248607609752), (16.5607784780441, -92.8500000005588, 132.430943043892), (8., -92.8500000005588, 132.46490626463), (8., -92.8500000005588, 132.644962505844), (1.9407222251175, -92.8500000005588, 132.796444450216), (1.85180556279374, -92.8500000005588, 132.61861112556)));
#957 = IFCTRIANGULATEDFACESET(#956, $, .T., ((1, 2, 3), (4, 1, 3), (4, 3, 9), (9, 3, 10), (2, 6, 5), (2, 1, 6), (5, 6, 14), (5, 14, 13), (14, 19, 13), (14, 20, 19), (19, 20, 26), (19, 26, 25), (25, 26, 32), (25, 32, 31), (31, 32, 38), (31, 38, 37), (37, 38, 44), (37, 44, 43), (43, 44, 50), (43, 50, 49), (49, 50, 56), (49, 56, 55), (56, 61, 55), (56, 62, 61), (61, 62, 68), (61, 68, 67), (68, 71, 67), (68, 72, 71), (71, 72, 74), (71, 74, 73), (73, 74, 80), (73, 80, 79), (79, 80, 86), (79, 86, 85), (86, 87, 85), (86, 88, 87), (87, 88, 104), (87, 104, 103), (103, 104, 110), (103, 110, 109), (110, 115, 109), (110, 116, 115), (115, 116, 122), (115, 122, 121), (121, 122, 128), (121, 128, 127), (127, 128, 134), (127, 134, 133), (134, 139, 133), (134, 140, 139), (139, 140, 146), (139, 146, 145), (145, 146, 152), (145, 152, 151), (151, 152, 158), (151, 158, 157), (157, 158, 164), (157, 164, 163), (1, 8, 6), (1, 4, 8), (6, 8, 16), (4, 11, 8), (6, 16, 14), (8, 17, 16), (4, 9, 11), (8, 11, 17), (16, 20, 14), (17, 22, 16), (16, 22, 20), (17, 23, 22), (20, 22, 28), (22, 23, 29), (20, 28, 26), (22, 29, 28), (26, 28, 34), (28, 29, 35), (26, 34, 32), (28, 35, 34), (32, 34, 40), (34, 35, 41), (32, 40, 38), (34, 41, 40), (38, 40, 46), (40, 41, 47), (38, 46, 44), (40, 47, 46), (44, 46, 52), (46, 47, 53), (44, 52, 50), (46, 53, 52), (50, 52, 58), (52, 53, 59), (50, 58, 56), (52, 59, 58), (58, 62, 56), (59, 64, 58), (58, 64, 62), (59, 65, 64), (62, 64, 70), (64, 65, 81), (62, 70, 68), (64, 81, 70), (70, 72, 68), (81, 76, 70), (70, 76, 72), (81, 89, 76), (72, 76, 78), (76, 89, 90), (72, 78, 74), (76, 90, 78), (78, 80, 74), (90, 84, 78), (78, 84, 80), (90, 97, 84), (80, 84, 94), (84, 97, 99), (80, 94, 86), (84, 99, 94), (86, 94, 96), (94, 99, 100), (86, 96, 88), (94, 100, 96), (88, 96, 106), (96, 100, 107), (88, 106, 104), (96, 107, 106), (104, 106, 112), (106, 107, 113), (104, 112, 110), (106, 113, 112), (112, 116, 110), (113, 118, 112), (112, 118, 116), (113, 119, 118), (116, 118, 124), (118, 119, 125), (116, 124, 122), (118, 125, 124), (122, 124, 130), (124, 125, 131), (122, 130, 128), (124, 131, 130), (128, 130, 136), (130, 131, 137), (128, 136, 134), (130, 137, 136), (136, 140, 134), (137, 142, 136), (136, 142, 140), (137, 143, 142), (140, 142, 148), (142, 143, 149), (140, 148, 146), (142, 149, 148), (146, 148, 154), (148, 149, 155), (146, 154, 152), (148, 155, 154), (152, 154, 160), (154, 155, 161), (152, 160, 158), (154, 161, 160), (158, 160, 166), (160, 161, 167), (158, 166, 164), (160, 167, 166), (9, 12, 11), (9, 10, 12), (11, 12, 18), (11, 18, 17), (17, 18, 24), (17, 24, 23), (23, 24, 30), (23, 30, 29), (29, 30, 36), (29, 36, 35), (35, 36, 42), (35, 42, 41), (41, 42, 48), (41, 48, 47), (47, 48, 54), (47, 54, 53), (54, 59, 53), (54, 60, 59), (59, 60, 66), (59, 66, 65), (66, 81, 65), (66, 82, 81), (81, 82, 91), (81, 91, 89), (89, 91, 92), (89, 92, 90), (92, 97, 90), (92, 98, 97), (97, 98, 101), (97, 101, 99), (99, 101, 102), (99, 102, 100), (102, 107, 100), (102, 108, 107), (107, 108, 114), (107, 114, 113), (114, 119, 113), (114, 120, 119), (119, 120, 126), (119, 126, 125), (125, 126, 132), (125, 132, 131), (131, 132, 138), (131, 138, 137), (137, 138, 144), (137, 144, 143), (143, 144, 150), (143, 150, 149), (149, 150, 156), (149, 156, 155), (155, 156, 162), (155, 162, 161), (161, 162, 168), (161, 168, 167), (10, 7, 12), (10, 3, 7), (12, 7, 15), (3, 5, 7), (12, 15, 18), (7, 13, 15), (3, 2, 5), (7, 5, 13), (18, 15, 21), (15, 13, 19), (18, 21, 24), (15, 19, 21), (24, 21, 27), (21, 19, 25), (24, 27, 30), (21, 25, 27), (30, 27, 33), (27, 25, 31), (30, 33, 36), (27, 31, 33), (36, 33, 39), (33, 31, 37), (36, 39, 42), (33, 37, 39), (42, 39, 45), (39, 37, 43), (42, 45, 48), (39, 43, 45), (48, 45, 51), (45, 43, 49), (48, 51, 54), (45, 49, 51), (51, 60, 54), (49, 57, 51), (51, 57, 60), (49, 55, 57), (60, 57, 63), (57, 55, 61), (60, 63, 66), (57, 61, 63), (63, 82, 66), (61, 69, 63), (63, 69, 82), (61, 67, 69), (82, 69, 75), (69, 67, 71), (82, 75, 91), (69, 71, 75), (91, 75, 77), (75, 71, 73), (91, 77, 92), (75, 73, 77), (92, 77, 83), (77, 73, 79), (92, 83, 98), (77, 79, 83), (98, 83, 93), (83, 79, 85), (98, 93, 101), (83, 85, 93), (101, 93, 95), (85, 95, 93), (101, 95, 102), (85, 87, 95), (95, 108, 102), (87, 105, 95), (95, 105, 108), (87, 103, 105), (108, 105, 111), (105, 103, 109), (108, 111, 114), (105, 109, 111), (114, 111, 117), (111, 109, 115), (114, 117, 120), (111, 115, 117), (117, 126, 120), (115, 123, 117), (117, 123, 126), (115, 121, 123), (126, 123, 129), (123, 121, 127), (126, 129, 132), (123, 127, 129), (132, 129, 135), (129, 127, 133), (132, 135, 138), (129, 133, 135), (138, 135, 141), (135, 133, 139), (138, 141, 144), (135, 139, 141), (144, 141, 147), (141, 139, 145), (144, 147, 150), (141, 145, 147), (150, 147, 153), (147, 145, 151), (150, 153, 156), (147, 151, 153), (156, 153, 159), (153, 151, 157), (156, 159, 162), (153, 157, 159), (162, 159, 165), (159, 157, 163), (162, 165, 168), (159, 163, 165), (163, 164, 165), (164, 166, 165), (165, 166, 167), (165, 167, 168)), $);
#958 = IFCCOLOURRGB($, 4.70587998628616E-1, 4.70587998628616E-1, 4.70587998628616E-1);
#959 = IFCSURFACESTYLERENDERING(#958, 0., $, $, $, $, $, $, .FLAT.);
#960 = IFCSURFACESTYLE('m:787878ff', .BOTH., (#959));
#961 = IFCPRESENTATIONSTYLEASSIGNMENT((#960));
#962 = IFCSTYLEDITEM(#957, (#961), $);
#963 = IFCSHAPEREPRESENTATION(#24, 'Body', 'Tessellation', (#957));
#964 = IFCPRODUCTDEFINITIONSHAPE($, $, (#963));
#965 = IFCDIRECTION((1., 0., 0.));
#966 = IFCDIRECTION((0., 0., 1.));
#967 = IFCCARTESIANPOINT((0., 0., 0.));
#968 = IFCAXIS2PLACEMENT3D(#967, #966, #965);
#969 = IFCLOCALPLACEMENT(#953, #968);
#970 = IFCBUILDINGELEMENTPROXY('3wn2Nprm91FAnvQTvac4_w', #5, '670960,000-671143,960', '670960,000-671143,960', $, #969, #964, $, $);
#971 = IFCRELCONTAINEDINSPATIALSTRUCTURE('3vUGOOcK14$wAR9owTapFI', #5, $, $, (#970), #954);
#972 = IFCPROPERTYSINGLEVALUE('BauphaseEnde', $, IFCTEXT('2'), $);
#973 = IFCPROPERTYSINGLEVALUE('Bauphase', $, IFCTEXT('1'), $);
#974 = IFCPROPERTYSINGLEVALUE('BauphaseStart', $, IFCTEXT('1'), $);
#975 = IFCPROPERTYSET('3tKjcny0z7ROsadqD_Nun$', #5, 'Bauphase', $, (#972, #973, #974));
#976 = IFCRELDEFINESBYPROPERTIES('2PAC8pxkb0AP3nNygZkTsf', #5, 'Bauphase', $, (#970), #975);
#977 = IFCPROPERTYSINGLEVALUE('Material', $, IFCTEXT('Asphalttragschicht'), $);
#978 = IFCPROPERTYSET('30CCv8FMP7XAHGCIx7ZOdv', #5, 'Baustoff', $, (#977));
#979 = IFCRELDEFINESBYPROPERTIES('0aQnD1x9D12BQ7SPx8BnaI', #5, 'Baustoff', $, (#970), #978);
#980 = IFCPROPERTYSINGLEVALUE('Planer', $, IFCTEXT('Schuessler-Plan'), $);
#981 = IFCPROPERTYSINGLEVALUE('Belastungsklasse', $, IFCTEXT('100'), $);
#982 = IFCPROPERTYSINGLEVALUE('Quelle/Herkunft_Daten', $, IFCTEXT('card_1'), $);
#983 = IFCPROPERTYSINGLEVALUE('Bemerkungen', $, IFCTEXT('RStO12/24, Tafel 1, Zeile 5, Spalte 1'), $);
#984 = IFCPROPERTYSINGLEVALUE('LOG', $, IFCINTEGER(200), $);
#985 = IFCPROPERTYSINGLEVALUE('Verkehrsflaeche', $, IFCREAL(1.), $);
#986 = IFCPROPERTYSINGLEVALUE('KBK_Nr', $, IFCTEXT('5.113.1.040'), $);
#987 = IFCPROPERTYSINGLEVALUE('Planungsnormen', $, IFCTEXT('ZTV Asphalt-StB 07/13'), $);
#988 = IFCPROPERTYSINGLEVALUE('Bauteil', $, IFCTEXT('Aufbauschicht'), $);
#989 = IFCPROPERTYSINGLEVALUE('Dicke', $, IFCLENGTHMEASURE(1.8E-1), $);
#990 = IFCPROPERTYSINGLEVALUE('LOI', $, IFCINTEGER(200), $);
#991 = IFCPROPERTYSET('1mXJ4wUAD05O74Sd2SHF8w', #5, 'Bauteilinformation', $, (#980, #981, #982, #983, #984, #985, #986, #987, #988, #989, #990));
#992 = IFCRELDEFINESBYPROPERTIES('3yL7_1$evC1eLQSdm6wcui', #5, 'Bauteilinformation', $, (#970), #991);
#993 = IFCPROPERTYSINGLEVALUE('Objekttyp', $, IFCTEXT('Tragschicht'), $);
#994 = IFCPROPERTYSINGLEVALUE('Objektklasse', $, IFCTEXT('Aufbauschicht'), $);
#995 = IFCPROPERTYSINGLEVALUE('Objektgruppe', $, IFCTEXT('Fahrbahnschicht'), $);
#996 = IFCPROPERTYSET('2runQkfm5CQw$o$dyAI2d6', #5, 'Klassifizierung', $, (#993, #994, #995));
#997 = IFCRELDEFINESBYPROPERTIES('3C_mxbvkH3NusF87BMK5fS', #5, 'Klassifizierung', $, (#970), #996);
#998 = IFCPROPERTYSINGLEVALUE('Bauabschnitt', $, IFCTEXT('1'), $);
#999 = IFCPROPERTYSINGLEVALUE('Bereich', $, IFCTEXT('Sueden'), $);
#1000 = IFCPROPERTYSINGLEVALUE('StationierungBis', $, IFCTEXT('671+143,960'), $);
#1001 = IFCPROPERTYSINGLEVALUE('StationierungVon', $, IFCTEXT('670+960,000'), $);
#1002 = IFCPROPERTYSINGLEVALUE('Von_BauKM', $, IFCLENGTHMEASURE(670960.), $);
#1003 = IFCPROPERTYSINGLEVALUE('Achse', $, IFCTEXT('1'), $);
#1004 = IFCPROPERTYSINGLEVALUE('Ebene', $, IFCTEXT('1'), $);
#1005 = IFCPROPERTYSINGLEVALUE('Bis_BauKM', $, IFCLENGTHMEASURE(671143.96), $);
#1006 = IFCPROPERTYSET('0CtTolwfvDWxOjUy7fTKbL', #5, 'Lage', $, (#998, #999, #1000, #1001, #1002, #1003, #1004, #1005));
#1007 = IFCRELDEFINESBYPROPERTIES('0BGvLih6D87QvrfVwvxgCa', #5, 'Lage', $, (#970), #1006);
#1008 = IFCDIRECTION((1., 0., 0.));
#1009 = IFCDIRECTION((0., 0., 1.));
#1010 = IFCCARTESIANPOINT((0., 0., 0.));
#1011 = IFCAXIS2PLACEMENT3D(#1010, #1009, #1008);
#1012 = IFCLOCALPLACEMENT(#947, #1011);
#1013 = IFCBUILDINGSTOREY('1RGR_NYuLE_eAq$kCRBtfn', #5, 'FB_ASchicht_23', $, $, #1012, $, $, $, $);
#1014 = IFCCARTESIANPOINTLIST3D(((19.2795885920059, 91.109999999404, 128.183707433198), (19.3406451108749, 91.109999999404, 128.197445149953), (19.1500000000233, 91.109999999404, 128.00680003905), (19., 91.109999999404, 128.162738288798), (19., 91.109999999404, 128.01055003905), (18.7204114079941, 91.109999999404, 128.183707433198), (18.5509373535751, 91.109999999404, 128.221839095448), (17.3196247437154, 91.109999999404, 128.252621910694), (17.0857854694477, 91.109999999404, 128.40851476023), (16.5, 91.109999999404, 128.07305003905), (19.1500000000233, 81.109999999404, 128.20680003905), (19.2795885920059, 81.109999999404, 128.383707433198), (19.3406451108749, 81.109999999404, 128.397445149953), (19., 81.109999999404, 128.21055003905), (19., 81.109999999404, 128.362738288799), (18.7204114079941, 81.109999999404, 128.383707433198), (18.5509373535751, 81.109999999404, 128.421839095449), (17.3196247437154, 81.109999999404, 128.452621910694), (17.0857854694477, 81.109999999404, 128.60851476023), (16.5, 81.109999999404, 128.27305003905), (8., 91.109999999404, 128.635659396966), (8., 81.109999999404, 128.835659396966), (3., 91.109999999404, 128.41055003905), (2., 91.109999999404, 128.37055003905), (1.43487033242127, 91.109999999404, 128.799787638655), (1.03324876283295, 91.109999999404, 128.331879989564), (1.03324876283295, 91.109999999404, 128.532039925615), (5.E-1, 91.109999999404, 128.31055003905), (5.E-1, 91.109999999404, 128.510709975101), (3.49999999976717E-1, 91.109999999404, 128.30455003905), (3.49999999976717E-1, 91.109999999404, 128.504709975101), (3., 81.109999999404, 128.61055003905), (5.00000023748726E-4, 91.109999999404, 128.29057003905), (0., 91.109999999404, 128.490709975101), (2., 81.109999999404, 128.57055003905), (19.1500000000233, 71.109999999404, 128.40680003905), (19., 71.109999999404, 128.41055003905), (19.2795885920059, 71.109999999404, 128.583707433198), (19.3406451108749, 71.109999999404, 128.597445149953), (19., 71.109999999404, 128.562738288799), (18.7204114079941, 71.109999999404, 128.583707433198), (18.5509373535751, 71.109999999404, 128.621839095449), (17.3196247437154, 71.109999999404, 128.652621910695), (17.0857854694477, 71.109999999404, 128.80851476023), (16.5, 71.109999999404, 128.47305003905), (1.43487033242127, 81.109999999404, 128.999787638655), (1.03324876283295, 81.109999999404, 128.531879989564), (1.03324876283295, 81.109999999404, 128.732039925615), (5.E-1, 81.109999999404, 128.51055003905), (5.E-1, 81.109999999404, 128.710709975101), (3.49999999976717E-1, 81.109999999404, 128.50455003905), (3.49999999976717E-1, 81.109999999404, 128.704709975101), (5.00000023748726E-4, 81.109999999404, 128.49057003905), (0., 81.109999999404, 128.690709975101), (8., 71.109999999404, 129.035659396966), (3., 71.109999999404, 128.81055003905), (2., 71.109999999404, 128.77055003905), (1.43487033242127, 71.109999999404, 129.199787638655), (1.03324876283295, 71.109999999404, 128.731879989564), (1.03324876283295, 71.109999999404, 128.932039925615), (5.E-1, 71.109999999404, 128.71055003905), (5.E-1, 71.109999999404, 128.910709975101), (3.49999999976717E-1, 71.109999999404, 128.70455003905), (3.49999999976717E-1, 71.109999999404, 128.904709975101), (5.00000023748726E-4, 71.109999999404, 128.69057003905), (0., 71.109999999404, 128.890709975101), (19.1500000000233, 61.109999999404, 128.60680003905), (19., 61.109999999404, 128.61055003905), (19.2795885920059, 61.109999999404, 128.783707433198), (19.3406451108749, 61.109999999404, 128.797445149953), (19., 61.109999999404, 128.762738288799), (18.7204114079941, 61.109999999404, 128.783707433198), (18.5509373535751, 61.109999999404, 128.821839095449), (17.3196247437154, 61.109999999404, 128.852621910695), (17.0857854694477, 61.109999999404, 129.00851476023), (16.5, 61.109999999404, 128.67305003905), (8., 61.109999999404, 129.235659396966), (3., 61.109999999404, 129.01055003905), (2., 61.109999999404, 128.97055003905), (1.43487033242127, 61.109999999404, 129.399787638656), (1.03324876283295, 61.109999999404, 128.931879989564), (1.03324876283295, 61.109999999404, 129.132039925615), (5.E-1, 61.109999999404, 128.91055003905), (5.E-1, 61.109999999404, 129.110709975101), (3.49999999976717E-1, 61.109999999404, 128.90455003905), (3.49999999976717E-1, 61.109999999404, 129.104709975101), (5.00000023748726E-4, 61.109999999404, 128.89057003905), (0., 61.109999999404, 129.090709975101), (19.1500000000233, 51.109999999404, 128.80680003905), (19., 51.109999999404, 128.81055003905), (19.2795885920059, 51.109999999404, 128.983707433198), (19.3406451108749, 51.109999999404, 128.997445149953), (19., 51.109999999404, 128.962738288799), (18.7204114079941, 51.109999999404, 128.983707433198), (18.5509373535751, 51.109999999404, 129.021839095449), (17.3196247437154, 51.109999999404, 129.052621910695), (17.0857854694477, 51.109999999404, 129.20851476023), (16.5, 51.109999999404, 128.87305003905), (8., 51.109999999404, 129.435659396966), (3., 51.109999999404, 129.21055003905), (2., 51.109999999404, 129.17055003905), (1.43487033242127, 51.109999999404, 129.599787638656), (1.03324876283295, 51.109999999404, 129.131879989564), (1.03324876283295, 51.109999999404, 129.332039925615), (5.E-1, 51.109999999404, 129.11055003905), (5.E-1, 51.109999999404, 129.310709975101), (3.49999999976717E-1, 51.109999999404, 129.10455003905), (3.49999999976717E-1, 51.109999999404, 129.304709975101), (5.00000023748726E-4, 51.109999999404, 129.09057003905), (0., 51.109999999404, 129.290709975101), (19.1500000000233, 41.109999999404, 129.00680003905), (19., 41.109999999404, 129.01055003905), (19.2795885920059, 41.109999999404, 129.183707433198), (19.3406451108749, 41.109999999404, 129.197445149953), (19., 41.109999999404, 129.162738288799), (18.7204114079941, 41.109999999404, 129.183707433198), (18.5509373535751, 41.109999999404, 129.221839095449), (17.3196247437154, 41.109999999404, 129.252621910695), (17.0857854694477, 41.109999999404, 129.40851476023), (16.5, 41.109999999404, 129.07305003905), (8., 41.109999999404, 129.635659396966), (3., 41.109999999404, 129.41055003905), (2., 41.109999999404, 129.37055003905), (1.43487033242127, 41.109999999404, 129.799787638656), (1.03324876283295, 41.109999999404, 129.331879989564), (1.03324876283295, 41.109999999404, 129.532039925615), (5.E-1, 41.109999999404, 129.31055003905), (5.E-1, 41.109999999404, 129.510709975101), (3.49999999976717E-1, 41.109999999404, 129.30455003905), (3.49999999976717E-1, 41.109999999404, 129.504709975101), (5.00000023748726E-4, 41.109999999404, 129.29057003905), (0., 41.109999999404, 129.490709975101), (19.1500000000233, 31.109999999404, 129.20680003905), (19., 31.109999999404, 129.21055003905), (19.2795885920059, 31.109999999404, 129.383707433198), (19., 31.109999999404, 129.362738288799), (19.3406451108749, 31.109999999404, 129.397445149953), (18.7204114079941, 31.109999999404, 129.383707433198), (18.5509373535751, 31.109999999404, 129.421839095449), (17.3196247437154, 31.109999999404, 129.452621910695), (17.0857854694477, 31.109999999404, 129.60851476023), (16.5, 31.109999999404, 129.27305003905), (8., 31.109999999404, 129.835659396966), (3., 31.109999999404, 129.61055003905), (2., 31.109999999404, 129.57055003905), (1.43487033242127, 31.109999999404, 129.999787638656), (1.03324876283295, 31.109999999404, 129.531879989564), (1.03324876283295, 31.109999999404, 129.732039925615), (5.E-1, 31.109999999404, 129.51055003905), (5.E-1, 31.109999999404, 129.710709975102), (3.49999999976717E-1, 31.109999999404, 129.50455003905), (3.49999999976717E-1, 31.109999999404, 129.704709975102), (5.00000023748726E-4, 31.109999999404, 129.49057003905), (0., 31.109999999404, 129.690709975102), (19.1500000000233, 21.109999999404, 129.40680003905), (19., 21.109999999404, 129.41055003905), (19.2795885920059, 21.109999999404, 129.583707433198), (19., 21.109999999404, 129.562738288799), (19.3406451108749, 21.109999999404, 129.597445149953), (18.7204114079941, 21.109999999404, 129.583707433198), (18.5509373535751, 21.109999999404, 129.621839095449), (17.3196247437154, 21.109999999404, 129.652621910695), (17.0857854694477, 21.109999999404, 129.80851476023), (16.5, 21.109999999404, 129.47305003905), (8., 21.109999999404, 130.035659396966), (3., 21.109999999404, 129.81055003905), (2., 21.109999999404, 129.77055003905), (1.43487033242127, 21.109999999404, 130.199787638656), (1.03324876283295, 21.109999999404, 129.731879989564), (1.03324876283295, 21.109999999404, 129.932039925616), (5.E-1, 21.109999999404, 129.71055003905), (5.E-1, 21.109999999404, 129.910709975102), (3.49999999976717E-1, 21.109999999404, 129.70455003905), (3.49999999976717E-1, 21.109999999404, 129.904709975102), (5.00000023748726E-4, 21.109999999404, 129.69057003905), (0., 21.109999999404, 129.890709975102), (19.1500000000233, 11.109999999404, 129.60680003905), (19., 11.109999999404, 129.61055003905), (19.2795885920059, 11.109999999404, 129.783707433198), (19., 11.109999999404, 129.762738288799), (19.3406451108749, 11.109999999404, 129.797445149953), (18.7204114079941, 11.109999999404, 129.783707433198), (18.5509373535751, 11.109999999404, 129.821839095449), (17.3196247437154, 11.109999999404, 129.852621910695), (17.0857854694477, 11.109999999404, 130.00851476023), (16.5, 11.109999999404, 129.67305003905), (8., 11.109999999404, 130.235659396966), (3., 11.109999999404, 130.01055003905), (2., 11.109999999404, 129.97055003905), (1.43487033242127, 11.109999999404, 130.399787638656), (1.03324876283295, 11.109999999404, 129.931879989564), (1.03324876283295, 11.109999999404, 130.132039925616), (5.E-1, 11.109999999404, 129.91055003905), (5.E-1, 11.109999999404, 130.110709975102), (3.49999999976717E-1, 11.109999999404, 129.90455003905), (3.49999999976717E-1, 11.109999999404, 130.104709975102), (5.00000023748726E-4, 11.109999999404, 129.89057003905), (0., 11.109999999404, 130.090709975102), (19.1500000000233, 8.10999999940395, 129.666800039051), (19., 8.10999999940395, 129.670550039051), (19.2795885920059, 8.10999999940395, 129.843707433198), (19., 8.10999999940395, 129.822738288799), (19.3406451108749, 8.10999999940395, 129.857445149953), (18.7204114079941, 8.10999999940395, 129.843707433198), (18.5509373535751, 8.10999999940395, 129.881839095449), (17.3196247437154, 8.10999999940395, 129.912621910695), (17.0857854694477, 8.10999999940395, 130.068514760231), (16.5, 8.10999999940395, 129.733050039051), (8., 8.10999999940395, 130.295659396966), (3., 8.10999999940395, 130.070550039051), (2., 8.10999999940395, 130.030550039051), (1.43487033242127, 8.10999999940395, 130.459787638656), (1.03324876283295, 8.10999999940395, 129.991879989564), (1.03324876283295, 8.10999999940395, 130.192039925616), (5.E-1, 8.10999999940395, 129.970550039051), (5.E-1, 8.10999999940395, 130.170709975102), (3.49999999976717E-1, 8.10999999940395, 129.964550039051), (3.49999999976717E-1, 8.10999999940395, 130.164709975102), (5.00000023748726E-4, 8.10999999940395, 129.950570039051), (0., 8.10999999940395, 130.150709975102), (19.1500000000233, 4.10999999940395, 129.746800039051), (19., 4.10999999940395, 129.750550039051), (19.2795885920059, 4.10999999940395, 129.923707433198), (19., 4.10999999940395, 129.902738288799), (19.3406451108749, 4.10999999940395, 129.937445149953), (18.7204114079941, 4.10999999940395, 129.923707433198), (18.5509373535751, 4.10999999940395, 129.961839095449), (17.3196247437154, 4.10999999940395, 129.992621910695), (17.0857854694477, 4.10999999940395, 130.148514760231), (16.5, 4.10999999940395, 129.813050039051), (8., 4.10999999940395, 130.375659396966), (3., 4.10999999940395, 130.150550039051), (2., 4.10999999940395, 130.110550039051), (1.43487033242127, 4.10999999940395, 130.539787638656), (1.03324876283295, 4.10999999940395, 130.071879989564), (1.03324876283295, 4.10999999940395, 130.272039925616), (5.E-1, 4.10999999940395, 130.050550039051), (5.E-1, 4.10999999940395, 130.250709975102), (3.49999999976717E-1, 4.10999999940395, 130.044550039051), (3.49999999976717E-1, 4.10999999940395, 130.244709975102), (5.00000023748726E-4, 4.10999999940395, 130.030570039051), (0., 4.10999999940395, 130.230709975102), (19.1500000000233, 1.10999999940395, 129.806800039051), (19., 1.10999999940395, 129.810550039051), (19.2795885920059, 1.10999999940395, 129.983707433198), (19., 1.10999999940395, 129.962738288799), (19.3406451108749, 1.10999999940395, 129.997445149953), (18.7204114079941, 1.10999999940395, 129.983707433198), (18.5509373535751, 1.10999999940395, 130.021839095449), (17.3196247437154, 1.10999999940395, 130.052621910695), (17.0857854694477, 1.10999999940395, 130.208514760231), (16.5, 1.10999999940395, 129.873050039051), (19.1500000000233, 4.6999999973923E-1, 129.819600039051), (19., 4.6999999973923E-1, 129.823350039051), (19.2795885920059, 4.6999999973923E-1, 129.996507433199), (19., 4.6999999973923E-1, 129.975538288799), (19.3406451108749, 4.6999999973923E-1, 130.010245149954), (18.7204114079941, 4.6999999973923E-1, 129.996507433199), (18.5509373535751, 4.6999999973923E-1, 130.034639095449), (19.1500000000233, 4.59999999962747E-1, 129.819800039051), (19., 4.59999999962747E-1, 129.823550039051), (19.2795885920059, 4.59999999962747E-1, 129.996707433199), (19., 4.59999999962747E-1, 129.975738288799), (19.3406451108749, 4.59999999962747E-1, 130.010445149954), (18.7204114079941, 4.59999999962747E-1, 129.996707433199), (18.5509373535751, 4.59999999962747E-1, 130.034839095449), (17.3196247437154, 4.6999999973923E-1, 130.065421910695), (17.0857854694477, 4.6999999973923E-1, 130.221314760231), (17.3196247437154, 4.59999999962747E-1, 130.065621910695), (16.5, 4.6999999973923E-1, 129.885850039051), (17.0857854694477, 4.59999999962747E-1, 130.221514760231), (16.5, 4.59999999962747E-1, 129.886050039051), (8., 1.10999999940395, 130.435659396966), (19.1500000000233, 0., 129.82900003905), (19., 0., 129.83275003905), (19.2795885920059, 0., 130.005907433198), (19., 0., 129.984938288799), (19.3406451108749, 0., 130.019645149953), (18.7204114079941, 0., 130.005907433198), (18.5509373535751, 0., 130.044039095449), (17.3196247437154, 0., 130.074821910695), (17.0857854694477, 0., 130.23071476023), (16.5, 0., 129.89525003905), (8., 4.6999999973923E-1, 130.448459396966), (8., 4.59999999962747E-1, 130.448659396967), (3., 1.10999999940395, 130.210550039051), (19.1500000000233, -4.40000000409782E-1, 129.837800039051), (19., -4.40000000409782E-1, 129.841550039051), (19.2795885920059, -4.40000000409782E-1, 130.014707433199), (19., -4.40000000409782E-1, 129.9937382888), (19.3406451108749, -4.40000000409782E-1, 130.028445149954), (18.7204114079941, -4.40000000409782E-1, 130.014707433199), (18.5509373535751, -4.40000000409782E-1, 130.05283909545), (19.1500000000233, -4.50000000186265E-1, 129.838000039052), (19., -4.50000000186265E-1, 129.841750039052), (19.2795885920059, -4.50000000186265E-1, 130.014907433199), (19., -4.50000000186265E-1, 129.9939382888), (19.3406451108749, -4.50000000186265E-1, 130.028645149955), (18.7204114079941, -4.50000000186265E-1, 130.014907433199), (18.5509373535751, -4.50000000186265E-1, 130.05303909545), (17.3196247437154, -4.40000000409782E-1, 130.083621910696), (17.0857854694477, -4.40000000409782E-1, 130.239514760231), (17.3196247437154, -4.50000000186265E-1, 130.083821910696), (16.5, -4.40000000409782E-1, 129.904050039051), (17.0857854694477, -4.50000000186265E-1, 130.239714760232), (16.5, -4.50000000186265E-1, 129.904250039052), (2., 1.10999999940395, 130.170550039051), (1.43487033242127, 1.10999999940395, 130.599787638656), (8., 0., 130.457859396966), (1.03324876283295, 1.10999999940395, 130.131879989565), (1.03324876283295, 1.10999999940395, 130.332039925616), (5.E-1, 1.10999999940395, 130.110550039051), (5.E-1, 1.10999999940395, 130.310709975102), (3.49999999976717E-1, 1.10999999940395, 130.104550039051), (3.49999999976717E-1, 1.10999999940395, 130.304709975102), (5.00000023748726E-4, 1.10999999940395, 130.090570039051), (0., 1.10999999940395, 130.290709975102), (3., 4.6999999973923E-1, 130.223350039051), (3., 4.59999999962747E-1, 130.223550039051), (8., -4.40000000409782E-1, 130.466659396967), (8., -4.50000000186265E-1, 130.466859396967), (2., 4.6999999973923E-1, 130.183350039051), (2., 4.59999999962747E-1, 130.183550039051), (1.43487033242127, 4.6999999973923E-1, 130.612587638656), (1.43487033242127, 4.59999999962747E-1, 130.612787638656), (1.03324876283295, 4.6999999973923E-1, 130.144679989565), (1.03324876283295, 4.6999999973923E-1, 130.344839925616), (1.03324876283295, 4.59999999962747E-1, 130.144879989565), (1.03324876283295, 4.59999999962747E-1, 130.345039925616), (3., 0., 130.23275003905), (5.E-1, 4.6999999973923E-1, 130.123350039051), (5.E-1, 4.6999999973923E-1, 130.323509975102), (5.E-1, 4.59999999962747E-1, 130.123550039051), (5.E-1, 4.59999999962747E-1, 130.323709975102), (3.49999999976717E-1, 4.6999999973923E-1, 130.117350039051), (3.49999999976717E-1, 4.6999999973923E-1, 130.317509975102), (3.49999999976717E-1, 4.59999999962747E-1, 130.117550039051), (3.49999999976717E-1, 4.59999999962747E-1, 130.317709975102), (5.00000023748726E-4, 4.6999999973923E-1, 130.103370039051), (0., 4.6999999973923E-1, 130.303509975102), (5.00000023748726E-4, 4.59999999962747E-1, 130.103570039051), (0., 4.59999999962747E-1, 130.303709975102), (2., 0., 130.19275003905), (1.43487033242127, 0., 130.621987638656), (1.03324876283295, 0., 130.154079989564), (1.03324876283295, 0., 130.354239925615), (3., -4.40000000409782E-1, 130.241550039051), (3., -4.50000000186265E-1, 130.241750039052), (5.E-1, 0., 130.13275003905), (5.E-1, 0., 130.332909975101), (3.49999999976717E-1, 0., 130.12675003905), (3.49999999976717E-1, 0., 130.326909975101), (5.00000023748726E-4, 0., 130.11277003905), (0., 0., 130.312909975101), (2., -4.40000000409782E-1, 130.201550039051), (2., -4.50000000186265E-1, 130.201750039052), (1.43487033242127, -4.40000000409782E-1, 130.630787638657), (1.43487033242127, -4.50000000186265E-1, 130.630987638657), (1.03324876283295, -4.40000000409782E-1, 130.162879989565), (1.03324876283295, -4.40000000409782E-1, 130.363039925617), (1.03324876283295, -4.50000000186265E-1, 130.163079989566), (1.03324876283295, -4.50000000186265E-1, 130.363239925617), (5.E-1, -4.40000000409782E-1, 130.141550039051), (5.E-1, -4.40000000409782E-1, 130.341709975103), (5.E-1, -4.50000000186265E-1, 130.141750039052), (5.E-1, -4.50000000186265E-1, 130.341909975103), (3.49999999976717E-1, -4.40000000409782E-1, 130.135550039051), (3.49999999976717E-1, -4.40000000409782E-1, 130.335709975103), (3.49999999976717E-1, -4.50000000186265E-1, 130.135750039052), (3.49999999976717E-1, -4.50000000186265E-1, 130.335909975103), (5.00000023748726E-4, -4.40000000409782E-1, 130.121570039051), (0., -4.40000000409782E-1, 130.321709975103), (5.00000023748726E-4, -4.50000000186265E-1, 130.121770039052), (0., -4.50000000186265E-1, 130.321909975103), (19.1500000000233, -3.89000000059605, 129.906800039051), (19., -3.89000000059605, 129.910550039051), (19., -3.89000000059605, 130.062738288799), (19.2795885920059, -3.89000000059605, 130.083707433198), (19.3406451108749, -3.89000000059605, 130.097445149953), (18.7204114079941, -3.89000000059605, 130.083707433198), (18.5509373535751, -3.89000000059605, 130.121839095449), (17.3196247437154, -3.89000000059605, 130.152621910695), (17.0857854694477, -3.89000000059605, 130.308514760231), (16.5, -3.89000000059605, 129.973050039051), (8., -3.89000000059605, 130.535659396966), (3., -3.89000000059605, 130.310550039051), (2., -3.89000000059605, 130.270550039051), (1.43487033242127, -3.89000000059605, 130.699787638656), (1.03324876283295, -3.89000000059605, 130.231879989565), (1.03324876283295, -3.89000000059605, 130.432039925616), (5.E-1, -3.89000000059605, 130.210550039051), (5.E-1, -3.89000000059605, 130.410709975102), (3.49999999976717E-1, -3.89000000059605, 130.204550039051), (3.49999999976717E-1, -3.89000000059605, 130.404709975102), (5.00000023748726E-4, -3.89000000059605, 130.190570039051), (0., -3.89000000059605, 130.390709975102), (19.1500000000233, -8.89000000059605, 130.006800039051), (19., -8.89000000059605, 130.010550039051), (19., -8.89000000059605, 130.162738288799), (19.2795885920059, -8.89000000059605, 130.183707433198), (19.3406451108749, -8.89000000059605, 130.197445149953), (18.7204114079941, -8.89000000059605, 130.183707433198), (18.5509373535751, -8.89000000059605, 130.221839095449), (17.3196247437154, -8.89000000059605, 130.252621910695), (17.0857854694477, -8.89000000059605, 130.408514760231), (16.5, -8.89000000059605, 130.073050039051), (8., -8.89000000059605, 130.635659396966), (3., -8.89000000059605, 130.410550039051), (2., -8.89000000059605, 130.370550039051), (1.43487033242127, -8.89000000059605, 130.799787638656), (1.03324876283295, -8.89000000059605, 130.331879989565), (1.03324876283295, -8.89000000059605, 130.532039925616), (5.E-1, -8.89000000059605, 130.310550039051), (5.E-1, -8.89000000059605, 130.510709975102), (3.49999999976717E-1, -8.89000000059605, 130.304550039051), (3.49999999976717E-1, -8.89000000059605, 130.504709975102), (5.00000023748726E-4, -8.89000000059605, 130.290570039051), (0., -8.89000000059605, 130.490709975102), (19.1500000000233, -18.890000000596, 130.206800039051), (19., -18.890000000596, 130.210550039051), (19., -18.890000000596, 130.362738288799), (19.2795885920059, -18.890000000596, 130.383707433198), (19.3406451108749, -18.890000000596, 130.397445149954), (18.7204114079941, -18.890000000596, 130.383707433198), (18.5509373535751, -18.890000000596, 130.421839095449), (17.3196247437154, -18.890000000596, 130.452621910695), (17.0857854694477, -18.890000000596, 130.608514760231), (16.5, -18.890000000596, 130.273050039051), (8., -18.890000000596, 130.835659396966), (3., -18.890000000596, 130.610550039051), (2., -18.890000000596, 130.570550039051), (1.43487033242127, -18.890000000596, 130.999787638656), (1.03324876283295, -18.890000000596, 130.531879989565), (1.03324876283295, -18.890000000596, 130.732039925616), (5.E-1, -18.890000000596, 130.510550039051), (5.E-1, -18.890000000596, 130.710709975102), (3.49999999976717E-1, -18.890000000596, 130.504550039051), (3.49999999976717E-1, -18.890000000596, 130.704709975102), (5.00000023748726E-4, -18.890000000596, 130.490570039051), (0., -18.890000000596, 130.690709975102), (19.1500000000233, -28.890000000596, 130.406800039051), (19., -28.890000000596, 130.410550039051), (19., -28.890000000596, 130.562738288799), (19.2795885920059, -28.890000000596, 130.583707433198), (19.3406451108749, -28.890000000596, 130.597445149954), (18.7204114079941, -28.890000000596, 130.583707433198), (18.5509373535751, -28.890000000596, 130.621839095449), (17.3196247437154, -28.890000000596, 130.652621910695), (17.0857854694477, -28.890000000596, 130.808514760231), (16.5, -28.890000000596, 130.473050039051), (8., -28.890000000596, 131.035659396966), (3., -28.890000000596, 130.810550039051), (2., -28.890000000596, 130.770550039051), (1.43487033242127, -28.890000000596, 131.199787638656), (1.03324876283295, -28.890000000596, 130.731879989565), (1.03324876283295, -28.890000000596, 130.932039925616), (5.E-1, -28.890000000596, 130.710550039051), (5.E-1, -28.890000000596, 130.910709975102), (3.49999999976717E-1, -28.890000000596, 130.704550039051), (3.49999999976717E-1, -28.890000000596, 130.904709975102), (5.00000023748726E-4, -28.890000000596, 130.690570039051), (0., -28.890000000596, 130.890709975102), (19.1500000000233, -38.890000000596, 130.606800039051), (19., -38.890000000596, 130.610550039051), (19., -38.890000000596, 130.762738288799), (19.2795885920059, -38.890000000596, 130.783707433199), (19.3406451108749, -38.890000000596, 130.797445149954), (18.7204114079941, -38.890000000596, 130.783707433199), (18.5509373535751, -38.890000000596, 130.821839095449), (17.3196247437154, -38.890000000596, 130.852621910695), (17.0857854694477, -38.890000000596, 131.008514760231), (16.5, -38.890000000596, 130.673050039051), (8., -38.890000000596, 131.235659396966), (3., -38.890000000596, 131.010550039051), (2., -38.890000000596, 130.970550039051), (1.43487033242127, -38.890000000596, 131.399787638656), (1.03324876283295, -38.890000000596, 130.931879989565), (1.03324876283295, -38.890000000596, 131.132039925616), (5.E-1, -38.890000000596, 130.910550039051), (5.E-1, -38.890000000596, 131.110709975102), (3.49999999976717E-1, -38.890000000596, 130.904550039051), (3.49999999976717E-1, -38.890000000596, 131.104709975102), (5.00000023748726E-4, -38.890000000596, 130.890570039051), (0., -38.890000000596, 131.090709975102), (19.1500000000233, -48.890000000596, 130.806800039051), (19., -48.890000000596, 130.810550039051), (19., -48.890000000596, 130.962738288799), (19.2795885920059, -48.890000000596, 130.983707433199), (19.3406451108749, -48.890000000596, 130.997445149954), (18.7204114079941, -48.890000000596, 130.983707433199), (18.5509373535751, -48.890000000596, 131.021839095449), (17.3196247437154, -48.890000000596, 131.052621910695), (17.0857854694477, -48.890000000596, 131.208514760231), (16.5, -48.890000000596, 130.873050039051), (8., -48.890000000596, 131.435659396966), (3., -48.890000000596, 131.210550039051), (2., -48.890000000596, 131.170550039051), (1.43487033242127, -48.890000000596, 131.599787638656), (1.03324876283295, -48.890000000596, 131.131879989565), (1.03324876283295, -48.890000000596, 131.332039925616), (5.E-1, -48.890000000596, 131.110550039051), (5.E-1, -48.890000000596, 131.310709975102), (3.49999999976717E-1, -48.890000000596, 131.104550039051), (3.49999999976717E-1, -48.890000000596, 131.304709975102), (5.00000023748726E-4, -48.890000000596, 131.090570039051), (0., -48.890000000596, 131.290709975102), (19.1500000000233, -58.890000000596, 131.006800039051), (19., -58.890000000596, 131.010550039051), (19., -58.890000000596, 131.162738288799), (19.2795885920059, -58.890000000596, 131.183707433199), (19.3406451108749, -58.890000000596, 131.197445149954), (18.7204114079941, -58.890000000596, 131.183707433199), (18.5509373535751, -58.890000000596, 131.221839095449), (17.3196247437154, -58.890000000596, 131.252621910695), (17.0857854694477, -58.890000000596, 131.408514760231), (16.5, -58.890000000596, 131.073050039051), (8., -58.890000000596, 131.635659396966), (3., -58.890000000596, 131.410550039051), (2., -58.890000000596, 131.370550039051), (1.43487033242127, -58.890000000596, 131.799787638656), (1.03324876283295, -58.890000000596, 131.331879989565), (1.03324876283295, -58.890000000596, 131.532039925616), (5.E-1, -58.890000000596, 131.310550039051), (5.E-1, -58.890000000596, 131.510709975102), (3.49999999976717E-1, -58.890000000596, 131.304550039051), (3.49999999976717E-1, -58.890000000596, 131.504709975102), (5.00000023748726E-4, -58.890000000596, 131.290570039051), (0., -58.890000000596, 131.490709975102), (19.1500000000233, -68.890000000596, 131.206800039051), (19., -68.890000000596, 131.210550039051), (19., -68.890000000596, 131.362738288799), (19.2795885920059, -68.890000000596, 131.383707433199), (19.3406451108749, -68.890000000596, 131.397445149954), (18.7204114079941, -68.890000000596, 131.383707433199), (18.5509373535751, -68.890000000596, 131.421839095449), (17.3196247437154, -68.890000000596, 131.452621910695), (17.0857854694477, -68.890000000596, 131.608514760231), (16.5, -68.890000000596, 131.273050039051), (8., -68.890000000596, 131.835659396966), (3., -68.890000000596, 131.610550039051), (2., -68.890000000596, 131.570550039051), (1.43487033242127, -68.890000000596, 131.999787638656), (1.03324876283295, -68.890000000596, 131.531879989565), (1.03324876283295, -68.890000000596, 131.732039925616), (5.E-1, -68.890000000596, 131.510550039051), (5.E-1, -68.890000000596, 131.710709975102), (3.49999999976717E-1, -68.890000000596, 131.504550039051), (3.49999999976717E-1, -68.890000000596, 131.704709975102), (5.00000023748726E-4, -68.890000000596, 131.490570039051), (0., -68.890000000596, 131.690709975102), (19.1500000000233, -78.890000000596, 131.406800039051), (19., -78.890000000596, 131.410550039051), (19., -78.890000000596, 131.562738288799), (19.2795885920059, -78.890000000596, 131.583707433199), (19.3406451108749, -78.890000000596, 131.597445149954), (18.7204114079941, -78.890000000596, 131.583707433199), (18.5509373535751, -78.890000000596, 131.621839095449), (17.3196247437154, -78.890000000596, 131.652621910695), (17.0857854694477, -78.890000000596, 131.808514760231), (16.5, -78.890000000596, 131.473050039051), (8., -78.890000000596, 132.035659396966), (3., -78.890000000596, 131.810550039051), (2., -78.890000000596, 131.770550039051), (1.43487033242127, -78.890000000596, 132.199787638656), (1.03324876283295, -78.890000000596, 131.731879989565), (1.03324876283295, -78.890000000596, 131.932039925616), (5.E-1, -78.890000000596, 131.710550039051), (5.E-1, -78.890000000596, 131.910709975102), (3.49999999976717E-1, -78.890000000596, 131.704550039051), (3.49999999976717E-1, -78.890000000596, 131.904709975102), (5.00000023748726E-4, -78.890000000596, 131.690570039051), (0., -78.890000000596, 131.890709975102), (19.1500000000233, -88.890000000596, 131.606800039051), (19., -88.890000000596, 131.610550039051), (19., -88.890000000596, 131.762738288799), (19.2795885920059, -88.890000000596, 131.783707433199), (19.3406451108749, -88.890000000596, 131.797445149954), (18.7204114079941, -88.890000000596, 131.783707433199), (18.5509373535751, -88.890000000596, 131.821839095449), (17.3196247437154, -88.890000000596, 131.852621910695), (17.0857854694477, -88.890000000596, 132.008514760231), (16.5, -88.890000000596, 131.673050039051), (8., -88.890000000596, 132.235659396967), (3., -88.890000000596, 132.010550039051), (2., -88.890000000596, 131.970550039051), (1.43487033242127, -88.890000000596, 132.399787638656), (1.03324876283295, -88.890000000596, 131.931879989565), (1.03324876283295, -88.890000000596, 132.132039925616), (5.E-1, -88.890000000596, 131.910550039051), (5.E-1, -88.890000000596, 132.110709975102), (3.49999999976717E-1, -88.890000000596, 131.904550039051), (3.49999999976717E-1, -88.890000000596, 132.104709975102), (5.00000023748726E-4, -88.890000000596, 131.890570039051), (0., -88.890000000596, 132.090709975102), (19.1500000000233, -92.8500000005588, 131.686000039036), (19., -92.8500000005588, 131.689750039036), (19., -92.8500000005588, 131.841938288785), (19.2795885920059, -92.8500000005588, 131.862907433184), (19.3406451108749, -92.8500000005588, 131.876645149939), (18.7204114079941, -92.8500000005588, 131.862907433184), (18.5509373535751, -92.8500000005588, 131.901039095435), (17.3196247437154, -92.8500000005588, 131.931821910681), (17.0857854694477, -92.8500000005588, 132.087714760216), (16.5, -92.8500000005588, 131.752250039036), (8., -92.8500000005588, 132.314859396952), (3., -92.8500000005588, 132.089750039036), (2., -92.8500000005588, 132.049750039036), (1.43487033242127, -92.8500000005588, 132.478987638642), (1.03324876283295, -92.8500000005588, 132.01107998955), (1.03324876283295, -92.8500000005588, 132.211239925601), (5.E-1, -92.8500000005588, 131.989750039036), (5.E-1, -92.8500000005588, 132.189909975087), (3.49999999976717E-1, -92.8500000005588, 131.983750039036), (3.49999999976717E-1, -92.8500000005588, 132.183909975087), (5.00000023748726E-4, -92.8500000005588, 131.969770039036), (0., -92.8500000005588, 132.169909975087)));
#1015 = IFCTRIANGULATEDFACESET(#1014, $, .T., ((1, 2, 3), (4, 1, 3), (4, 3, 5), (4, 5, 6), (6, 5, 7), (7, 5, 8), (8, 5, 10), (9, 8, 10), (21, 9, 10), (21, 10, 23), (25, 21, 23), (25, 23, 24), (25, 24, 26), (27, 25, 26), (27, 26, 29), (29, 26, 28), (29, 28, 31), (31, 28, 30), (31, 30, 34), (34, 30, 33), (2, 12, 13), (2, 1, 12), (13, 12, 38), (1, 15, 12), (13, 38, 39), (12, 40, 38), (1, 4, 15), (12, 15, 40), (38, 70, 39), (40, 69, 38), (4, 16, 15), (15, 41, 40), (38, 69, 70), (40, 71, 69), (4, 6, 16), (15, 16, 41), (40, 41, 72), (70, 69, 91), (40, 72, 71), (69, 71, 93), (6, 17, 16), (16, 42, 41), (41, 73, 72), (70, 91, 92), (69, 93, 91), (71, 72, 94), (71, 94, 93), (6, 7, 17), (16, 17, 42), (41, 42, 73), (72, 73, 95), (92, 91, 113), (91, 93, 115), (72, 95, 94), (93, 94, 116), (7, 18, 17), (17, 43, 42), (42, 74, 73), (73, 96, 95), (92, 113, 114), (91, 115, 113), (93, 116, 115), (94, 95, 117), (94, 117, 116), (7, 8, 18), (17, 18, 43), (42, 43, 74), (73, 74, 96), (95, 96, 118), (114, 113, 135), (113, 115, 136), (115, 116, 138), (95, 118, 117), (116, 117, 139), (114, 135, 137), (113, 136, 135), (115, 138, 136), (116, 139, 138), (117, 118, 140), (117, 140, 139), (137, 135, 157), (135, 136, 158), (136, 138, 160), (138, 139, 161), (139, 140, 162), (137, 157, 159), (135, 158, 157), (136, 160, 158), (138, 161, 160), (139, 162, 161), (159, 157, 179), (157, 158, 180), (158, 160, 182), (160, 161, 183), (161, 162, 184), (159, 179, 181), (157, 180, 179), (158, 182, 180), (160, 183, 182), (161, 184, 183), (181, 179, 201), (179, 180, 202), (182, 202, 180), (183, 204, 182), (184, 205, 183), (181, 201, 203), (179, 202, 201), (182, 204, 202), (183, 205, 204), (184, 206, 205), (201, 225, 203), (202, 223, 201), (202, 204, 226), (204, 205, 227), (205, 206, 228), (201, 223, 225), (202, 224, 223), (202, 226, 224), (204, 227, 226), (205, 228, 227), (225, 223, 245), (223, 224, 246), (226, 246, 224), (227, 248, 226), (228, 249, 227), (225, 245, 247), (223, 246, 245), (226, 248, 246), (227, 249, 248), (228, 250, 249), (245, 257, 247), (246, 255, 245), (246, 248, 258), (248, 249, 259), (249, 250, 267), (245, 255, 257), (246, 256, 255), (246, 258, 256), (248, 259, 258), (249, 267, 259), (257, 255, 262), (255, 256, 263), (256, 258, 265), (258, 259, 266), (259, 267, 269), (257, 262, 264), (255, 263, 262), (256, 265, 263), (258, 266, 265), (259, 269, 266), (264, 262, 276), (262, 263, 277), (265, 277, 263), (266, 279, 265), (269, 280, 266), (264, 276, 278), (262, 277, 276), (265, 279, 277), (266, 280, 279), (269, 281, 280), (278, 276, 289), (276, 277, 290), (277, 279, 292), (279, 280, 293), (280, 281, 301), (278, 289, 291), (276, 290, 289), (277, 292, 290), (279, 293, 292), (280, 301, 293), (289, 298, 291), (290, 296, 289), (290, 292, 299), (292, 293, 300), (293, 301, 303), (289, 296, 298), (290, 297, 296), (290, 299, 297), (292, 300, 299), (293, 303, 300), (298, 296, 378), (296, 297, 377), (299, 377, 297), (300, 380, 299), (303, 381, 300), (298, 378, 379), (296, 377, 378), (299, 380, 377), (300, 381, 380), (303, 382, 381), (379, 378, 400), (378, 377, 399), (377, 380, 402), (380, 381, 403), (381, 382, 404), (379, 400, 401), (378, 399, 400), (377, 402, 399), (380, 403, 402), (381, 404, 403), (401, 400, 422), (400, 399, 421), (399, 402, 424), (402, 403, 425), (403, 404, 426), (401, 422, 423), (400, 421, 422), (399, 424, 421), (402, 425, 424), (403, 426, 425), (423, 422, 444), (422, 421, 443), (421, 424, 446), (424, 425, 447), (425, 426, 448), (423, 444, 445), (422, 443, 444), (421, 446, 443), (424, 447, 446), (425, 448, 447), (445, 444, 466), (444, 443, 465), (443, 446, 468), (446, 447, 469), (447, 448, 470), (445, 466, 467), (444, 465, 466), (443, 468, 465), (446, 469, 468), (447, 470, 469), (467, 466, 488), (466, 465, 487), (465, 468, 490), (468, 469, 491), (469, 470, 492), (467, 488, 489), (466, 487, 488), (465, 490, 487), (468, 491, 490), (469, 492, 491), (488, 511, 489), (487, 510, 488), (487, 490, 512), (490, 491, 513), (491, 492, 514), (488, 510, 511), (487, 509, 510), (487, 512, 509), (490, 513, 512), (491, 514, 513), (511, 510, 532), (510, 509, 531), (509, 512, 534), (512, 513, 535), (513, 514, 536), (511, 532, 533), (510, 531, 532), (509, 534, 531), (512, 535, 534), (513, 536, 535), (533, 532, 554), (532, 531, 553), (531, 534, 556), (534, 535, 557), (535, 536, 558), (533, 554, 555), (532, 553, 554), (531, 556, 553), (534, 557, 556), (535, 558, 557), (555, 554, 576), (554, 553, 575), (553, 556, 578), (556, 557, 579), (557, 558, 580), (555, 576, 577), (554, 575, 576), (553, 578, 575), (556, 579, 578), (557, 580, 579), (577, 576, 598), (576, 575, 597), (575, 578, 600), (578, 579, 601), (579, 580, 602), (577, 598, 599), (576, 597, 598), (575, 600, 597), (578, 601, 600), (579, 602, 601), (8, 19, 18), (8, 9, 19), (18, 19, 44), (18, 44, 43), (43, 44, 75), (43, 75, 74), (74, 75, 97), (74, 97, 96), (96, 97, 119), (96, 119, 118), (118, 119, 141), (118, 141, 140), (140, 141, 163), (140, 163, 162), (162, 163, 185), (162, 185, 184), (185, 206, 184), (185, 207, 206), (206, 207, 229), (206, 229, 228), (229, 250, 228), (229, 251, 250), (250, 251, 268), (250, 268, 267), (267, 268, 271), (267, 271, 269), (271, 281, 269), (271, 282, 281), (281, 282, 302), (281, 302, 301), (301, 302, 305), (301, 305, 303), (305, 382, 303), (305, 383, 382), (382, 383, 405), (382, 405, 404), (404, 405, 427), (404, 427, 426), (426, 427, 449), (426, 449, 448), (448, 449, 471), (448, 471, 470), (470, 471, 493), (470, 493, 492), (492, 493, 515), (492, 515, 514), (514, 515, 537), (514, 537, 536), (536, 537, 559), (536, 559, 558), (558, 559, 581), (558, 581, 580), (580, 581, 603), (580, 603, 602), (9, 22, 19), (9, 21, 22), (19, 22, 55), (21, 46, 22), (19, 55, 44), (22, 58, 55), (21, 25, 46), (22, 46, 58), (44, 55, 77), (55, 58, 80), (44, 77, 75), (55, 80, 77), (75, 77, 99), (77, 80, 102), (75, 99, 97), (77, 102, 99), (97, 99, 121), (99, 102, 124), (97, 121, 119), (99, 124, 121), (119, 121, 143), (121, 124, 146), (119, 143, 141), (121, 146, 143), (141, 143, 165), (143, 146, 168), (141, 165, 163), (143, 168, 165), (163, 165, 187), (165, 168, 190), (163, 187, 185), (165, 190, 187), (187, 207, 185), (190, 209, 187), (187, 209, 207), (190, 212, 209), (207, 209, 231), (209, 212, 234), (207, 231, 229), (209, 234, 231), (231, 251, 229), (234, 273, 231), (231, 273, 251), (234, 308, 273), (251, 273, 284), (273, 308, 324), (251, 284, 268), (273, 324, 284), (268, 284, 285), (284, 324, 325), (268, 285, 271), (284, 325, 285), (285, 282, 271), (325, 309, 285), (285, 309, 282), (325, 344, 309), (282, 309, 320), (309, 344, 357), (282, 320, 302), (309, 357, 320), (302, 320, 321), (320, 357, 358), (302, 321, 305), (320, 358, 321), (321, 383, 305), (358, 385, 321), (321, 385, 383), (358, 388, 385), (383, 385, 407), (385, 388, 410), (383, 407, 405), (385, 410, 407), (405, 407, 429), (407, 410, 432), (405, 429, 427), (407, 432, 429), (427, 429, 451), (429, 432, 454), (427, 451, 449), (429, 454, 451), (449, 451, 473), (451, 454, 476), (449, 473, 471), (451, 476, 473), (471, 473, 495), (473, 476, 498), (471, 495, 493), (473, 498, 495), (493, 495, 517), (495, 498, 520), (493, 517, 515), (495, 520, 517), (515, 517, 539), (517, 520, 542), (515, 539, 537), (517, 542, 539), (537, 539, 561), (539, 542, 564), (537, 561, 559), (539, 564, 561), (559, 561, 583), (561, 564, 586), (559, 583, 581), (561, 586, 583), (581, 583, 605), (583, 586, 608), (581, 605, 603), (583, 608, 605), (25, 27, 46), (27, 48, 46), (46, 48, 58), (48, 60, 58), (58, 60, 80), (60, 82, 80), (80, 82, 102), (82, 104, 102), (102, 104, 124), (104, 126, 124), (124, 126, 146), (126, 148, 146), (146, 148, 168), (148, 170, 168), (168, 170, 190), (170, 192, 190), (190, 192, 212), (192, 214, 212), (212, 214, 234), (214, 236, 234), (234, 236, 308), (236, 311, 308), (308, 311, 324), (311, 327, 324), (324, 327, 325), (327, 329, 325), (325, 329, 344), (329, 346, 344), (344, 346, 357), (346, 360, 357), (357, 360, 358), (360, 362, 358), (358, 362, 388), (362, 390, 388), (388, 390, 410), (390, 412, 410), (410, 412, 432), (412, 434, 432), (432, 434, 454), (434, 456, 454), (454, 456, 476), (456, 478, 476), (476, 478, 498), (478, 500, 498), (498, 500, 520), (500, 522, 520), (520, 522, 542), (522, 544, 542), (542, 544, 564), (544, 566, 564), (564, 566, 586), (566, 588, 586), (586, 588, 608), (588, 610, 608), (27, 50, 48), (27, 29, 50), (48, 50, 62), (29, 52, 50), (48, 62, 60), (50, 64, 62), (29, 31, 52), (50, 52, 64), (62, 82, 60), (64, 84, 62), (31, 54, 52), (52, 66, 64), (62, 84, 82), (64, 86, 84), (31, 34, 54), (52, 54, 66), (66, 86, 64), (82, 84, 106), (84, 86, 108), (66, 88, 86), (82, 106, 104), (84, 108, 106), (86, 110, 108), (86, 88, 110), (106, 126, 104), (108, 128, 106), (110, 130, 108), (106, 128, 126), (108, 130, 128), (110, 132, 130), (126, 128, 150), (128, 130, 152), (130, 132, 154), (126, 150, 148), (128, 152, 150), (130, 154, 152), (148, 150, 172), (150, 152, 174), (152, 154, 176), (148, 172, 170), (150, 174, 172), (152, 176, 174), (172, 192, 170), (174, 194, 172), (176, 196, 174), (172, 194, 192), (174, 196, 194), (176, 198, 196), (192, 194, 216), (194, 196, 218), (196, 198, 220), (192, 216, 214), (194, 218, 216), (196, 220, 218), (216, 236, 214), (218, 238, 216), (220, 240, 218), (216, 238, 236), (218, 240, 238), (220, 242, 240), (236, 238, 313), (238, 240, 315), (240, 242, 317), (236, 313, 311), (238, 315, 313), (240, 317, 315), (313, 327, 311), (315, 332, 313), (317, 336, 315), (313, 332, 327), (315, 336, 332), (317, 340, 336), (327, 332, 334), (332, 336, 338), (336, 340, 342), (327, 334, 329), (332, 338, 334), (336, 342, 338), (329, 334, 350), (334, 338, 352), (338, 342, 354), (329, 350, 346), (334, 352, 350), (338, 354, 352), (346, 350, 364), (350, 352, 368), (352, 354, 372), (346, 364, 360), (350, 368, 364), (352, 372, 368), (364, 362, 360), (368, 366, 364), (372, 370, 368), (364, 366, 362), (368, 370, 366), (372, 374, 370), (362, 366, 392), (366, 370, 394), (370, 374, 396), (362, 392, 390), (366, 394, 392), (370, 396, 394), (390, 392, 414), (392, 394, 416), (394, 396, 418), (390, 414, 412), (392, 416, 414), (394, 418, 416), (412, 414, 436), (414, 416, 438), (416, 418, 440), (412, 436, 434), (414, 438, 436), (416, 440, 438), (434, 436, 458), (436, 438, 460), (438, 440, 462), (434, 458, 456), (436, 460, 458), (438, 462, 460), (458, 478, 456), (460, 480, 458), (462, 482, 460), (458, 480, 478), (460, 482, 480), (462, 484, 482), (478, 480, 502), (480, 482, 504), (482, 484, 506), (478, 502, 500), (480, 504, 502), (482, 506, 504), (500, 502, 524), (502, 504, 526), (504, 506, 528), (500, 524, 522), (502, 526, 524), (504, 528, 526), (524, 544, 522), (526, 546, 524), (528, 548, 526), (524, 546, 544), (526, 548, 546), (528, 550, 548), (544, 546, 568), (546, 548, 570), (548, 550, 572), (544, 568, 566), (546, 570, 568), (548, 572, 570), (568, 588, 566), (570, 590, 568), (572, 592, 570), (568, 590, 588), (570, 592, 590), (572, 594, 592), (588, 590, 612), (590, 592, 614), (592, 594, 616), (588, 612, 610), (590, 614, 612), (592, 616, 614), (34, 53, 54), (34, 33, 53), (54, 53, 65), (54, 65, 66), (65, 88, 66), (65, 87, 88), (88, 87, 109), (88, 109, 110), (109, 132, 110), (109, 131, 132), (132, 131, 153), (132, 153, 154), (154, 153, 175), (154, 175, 176), (175, 198, 176), (175, 197, 198), (198, 197, 219), (198, 219, 220), (219, 242, 220), (219, 241, 242), (242, 241, 316), (242, 316, 317), (316, 340, 317), (316, 339, 340), (340, 339, 341), (340, 341, 342), (342, 341, 353), (342, 353, 354), (354, 353, 371), (354, 371, 372), (371, 374, 372), (371, 373, 374), (374, 373, 395), (374, 395, 396), (396, 395, 417), (396, 417, 418), (418, 417, 439), (418, 439, 440), (440, 439, 461), (440, 461, 462), (461, 484, 462), (461, 483, 484), (484, 483, 505), (484, 505, 506), (505, 528, 506), (505, 527, 528), (527, 550, 528), (527, 549, 550), (550, 549, 571), (550, 571, 572), (571, 594, 572), (571, 593, 594), (594, 593, 615), (594, 615, 616), (33, 51, 53), (33, 30, 51), (53, 51, 63), (30, 28, 51), (53, 63, 65), (51, 49, 63), (28, 26, 51), (65, 63, 85), (26, 49, 51), (49, 47, 63), (65, 85, 87), (63, 61, 85), (26, 47, 49), (47, 61, 63), (87, 85, 107), (61, 59, 85), (26, 35, 47), (47, 59, 61), (87, 107, 109), (85, 83, 107), (59, 83, 85), (26, 24, 35), (47, 35, 57), (47, 57, 59), (109, 107, 129), (83, 81, 107), (59, 81, 83), (24, 32, 35), (35, 56, 57), (59, 57, 79), (109, 129, 131), (107, 105, 129), (81, 105, 107), (59, 79, 81), (24, 23, 32), (35, 32, 56), (57, 56, 78), (57, 78, 79), (131, 129, 151), (105, 103, 129), (81, 103, 105), (81, 79, 101), (23, 20, 32), (32, 45, 56), (45, 78, 56), (79, 78, 100), (131, 151, 153), (129, 127, 151), (103, 127, 129), (81, 101, 103), (79, 100, 101), (23, 10, 20), (32, 20, 45), (45, 76, 78), (78, 98, 100), (153, 151, 173), (127, 125, 151), (103, 125, 127), (103, 101, 123), (101, 100, 122), (10, 14, 20), (20, 37, 45), (37, 76, 45), (78, 76, 98), (100, 98, 120), (153, 173, 175), (151, 149, 173), (125, 149, 151), (103, 123, 125), (101, 122, 123), (100, 120, 122), (10, 5, 14), (20, 14, 37), (37, 68, 76), (76, 90, 98), (98, 112, 120), (175, 173, 195), (149, 147, 173), (125, 147, 149), (125, 123, 145), (123, 122, 144), (122, 120, 142), (5, 11, 14), (14, 36, 37), (36, 68, 37), (76, 68, 90), (98, 90, 112), (120, 112, 134), (175, 195, 197), (173, 171, 195), (147, 171, 173), (125, 145, 147), (123, 144, 145), (122, 142, 144), (120, 134, 142), (5, 3, 11), (14, 11, 36), (36, 67, 68), (68, 89, 90), (90, 111, 112), (112, 133, 134), (195, 219, 197), (171, 169, 195), (147, 169, 171), (147, 145, 167), (145, 144, 166), (144, 142, 164), (142, 134, 156), (68, 67, 89), (90, 89, 111), (112, 111, 133), (134, 133, 155), (195, 217, 219), (169, 193, 195), (147, 167, 169), (145, 166, 167), (144, 164, 166), (142, 156, 164), (134, 155, 156), (195, 193, 217), (219, 217, 239), (169, 191, 193), (169, 167, 189), (167, 166, 188), (166, 164, 186), (164, 156, 178), (156, 155, 177), (193, 191, 217), (219, 239, 241), (217, 215, 239), (169, 189, 191), (167, 188, 189), (166, 186, 188), (164, 178, 186), (156, 177, 178), (191, 215, 217), (239, 316, 241), (215, 213, 239), (189, 213, 191), (188, 211, 189), (188, 186, 208), (186, 178, 200), (178, 177, 199), (191, 213, 215), (239, 314, 316), (213, 237, 239), (189, 211, 213), (188, 210, 211), (188, 208, 210), (186, 200, 208), (178, 199, 200), (239, 237, 314), (316, 314, 335), (213, 235, 237), (213, 211, 233), (211, 210, 232), (208, 232, 210), (200, 230, 208), (199, 222, 200), (237, 235, 314), (316, 335, 339), (314, 312, 335), (213, 233, 235), (211, 232, 233), (208, 230, 232), (200, 222, 230), (199, 221, 222), (235, 312, 314), (339, 335, 337), (312, 310, 335), (233, 310, 235), (232, 307, 233), (232, 230, 252), (230, 222, 244), (222, 221, 243), (235, 310, 312), (339, 337, 341), (335, 331, 337), (310, 331, 335), (233, 307, 310), (232, 286, 307), (232, 252, 286), (230, 244, 252), (222, 243, 244), (337, 353, 341), (331, 326, 337), (310, 326, 331), (310, 307, 322), (307, 286, 318), (252, 318, 286), (244, 270, 252), (243, 254, 244), (337, 351, 353), (326, 333, 337), (310, 322, 326), (307, 318, 322), (252, 270, 318), (244, 254, 270), (243, 253, 254), (337, 333, 351), (353, 351, 367), (326, 328, 333), (326, 322, 323), (322, 318, 319), (318, 270, 272), (270, 254, 261), (254, 253, 260), (333, 328, 351), (353, 367, 371), (351, 349, 367), (326, 323, 328), (322, 319, 323), (318, 272, 319), (270, 261, 272), (254, 260, 261), (328, 349, 351), (371, 367, 369), (349, 345, 367), (323, 345, 328), (319, 343, 323), (319, 272, 283), (272, 261, 275), (261, 260, 274), (328, 345, 349), (371, 369, 373), (367, 363, 369), (345, 363, 367), (323, 343, 345), (319, 330, 343), (319, 283, 330), (272, 275, 283), (261, 274, 275), (369, 395, 373), (363, 359, 369), (345, 359, 363), (345, 343, 355), (343, 330, 347), (330, 283, 304), (283, 275, 288), (275, 274, 287), (369, 393, 395), (359, 365, 369), (345, 355, 359), (343, 347, 355), (330, 304, 347), (283, 288, 304), (275, 287, 288), (369, 365, 393), (395, 393, 415), (359, 361, 365), (359, 355, 356), (355, 347, 348), (304, 348, 347), (288, 306, 304), (287, 295, 288), (365, 361, 393), (395, 415, 417), (393, 391, 415), (359, 356, 361), (355, 348, 356), (304, 306, 348), (288, 295, 306), (287, 294, 295), (361, 391, 393), (417, 415, 437), (391, 389, 415), (356, 389, 361), (348, 387, 356), (348, 306, 384), (306, 295, 376), (295, 294, 375), (361, 389, 391), (417, 437, 439), (415, 413, 437), (389, 413, 415), (356, 387, 389), (348, 386, 387), (348, 384, 386), (306, 376, 384), (295, 375, 376), (439, 437, 459), (413, 411, 437), (389, 411, 413), (389, 387, 409), (387, 386, 408), (386, 384, 406), (384, 376, 398), (376, 375, 397), (439, 459, 461), (437, 435, 459), (411, 435, 437), (389, 409, 411), (387, 408, 409), (386, 406, 408), (384, 398, 406), (376, 397, 398), (461, 459, 481), (435, 433, 459), (411, 433, 435), (411, 409, 431), (409, 408, 430), (408, 406, 428), (406, 398, 420), (398, 397, 419), (461, 481, 483), (459, 457, 481), (433, 457, 459), (411, 431, 433), (409, 430, 431), (408, 428, 430), (406, 420, 428), (398, 419, 420), (483, 481, 503), (457, 455, 481), (433, 455, 457), (433, 431, 453), (431, 430, 452), (430, 428, 450), (428, 420, 442), (420, 419, 441), (483, 503, 505), (481, 479, 503), (455, 479, 481), (433, 453, 455), (431, 452, 453), (430, 450, 452), (428, 442, 450), (420, 441, 442), (505, 503, 525), (479, 477, 503), (455, 477, 479), (455, 453, 475), (453, 452, 474), (452, 450, 472), (450, 442, 464), (442, 441, 463), (505, 525, 527), (503, 501, 525), (477, 501, 503), (455, 475, 477), (453, 474, 475), (452, 472, 474), (450, 464, 472), (442, 463, 464), (527, 525, 547), (501, 499, 525), (477, 499, 501), (477, 475, 497), (475, 474, 496), (474, 472, 494), (472, 464, 486), (464, 463, 485), (527, 547, 549), (525, 523, 547), (499, 523, 525), (477, 497, 499), (475, 496, 497), (474, 494, 496), (472, 486, 494), (464, 485, 486), (549, 547, 569), (523, 521, 547), (499, 521, 523), (499, 497, 519), (497, 496, 518), (494, 518, 496), (486, 516, 494), (485, 508, 486), (549, 569, 571), (547, 545, 569), (521, 545, 547), (499, 519, 521), (497, 518, 519), (494, 516, 518), (486, 508, 516), (485, 507, 508), (571, 569, 591), (545, 543, 569), (521, 543, 545), (521, 519, 541), (519, 518, 540), (518, 516, 538), (516, 508, 530), (508, 507, 529), (571, 591, 593), (569, 567, 591), (543, 567, 569), (521, 541, 543), (519, 540, 541), (518, 538, 540), (516, 530, 538), (508, 529, 530), (593, 591, 613), (567, 565, 591), (543, 565, 567), (543, 541, 563), (541, 540, 562), (540, 538, 560), (538, 530, 552), (530, 529, 551), (593, 613, 615), (591, 589, 613), (565, 589, 591), (543, 563, 565), (541, 562, 563), (540, 560, 562), (538, 552, 560), (530, 551, 552), (589, 587, 613), (565, 587, 589), (565, 563, 585), (563, 562, 584), (562, 560, 582), (560, 552, 574), (552, 551, 573), (587, 611, 613), (565, 585, 587), (563, 584, 585), (562, 582, 584), (560, 574, 582), (552, 573, 574), (587, 609, 611), (587, 585, 607), (585, 584, 606), (584, 582, 604), (582, 574, 596), (574, 573, 595), (587, 607, 609), (585, 606, 607), (584, 604, 606), (582, 596, 604), (574, 595, 596), (3, 13, 11), (3, 2, 13), (11, 13, 39), (11, 39, 36), (36, 39, 70), (36, 70, 67), (67, 70, 92), (67, 92, 89), (89, 92, 114), (89, 114, 111), (111, 114, 137), (111, 137, 133), (133, 137, 159), (133, 159, 155), (155, 159, 181), (155, 181, 177), (181, 199, 177), (181, 203, 199), (199, 203, 225), (199, 225, 221), (225, 243, 221), (225, 247, 243), (243, 247, 257), (243, 257, 253), (253, 257, 264), (253, 264, 260), (264, 274, 260), (264, 278, 274), (274, 278, 291), (274, 291, 287), (287, 291, 298), (287, 298, 294), (298, 375, 294), (298, 379, 375), (375, 379, 401), (375, 401, 397), (397, 401, 423), (397, 423, 419), (419, 423, 445), (419, 445, 441), (441, 445, 467), (441, 467, 463), (463, 467, 489), (463, 489, 485), (485, 489, 511), (485, 511, 507), (507, 511, 533), (507, 533, 529), (529, 533, 555), (529, 555, 551), (551, 555, 577), (551, 577, 573), (573, 577, 599), (573, 599, 595), (599, 598, 595), (598, 597, 595), (595, 597, 596), (596, 597, 600), (596, 600, 601), (596, 601, 602), (596, 602, 604), (602, 603, 604), (603, 605, 604), (604, 605, 606), (605, 608, 606), (606, 608, 607), (607, 608, 609), (608, 610, 609), (609, 610, 612), (609, 612, 611), (611, 612, 614), (611, 614, 613), (613, 614, 616), (613, 616, 615)), $);
#1016 = IFCCOLOURRGB($, 6.66666984558105E-1, 6.27451002597809E-1, 5.88235020637512E-1);
#1017 = IFCSURFACESTYLERENDERING(#1016, 0., $, $, $, $, $, $, .FLAT.);
#1018 = IFCSURFACESTYLE('m:aaa096ff', .BOTH., (#1017));
#1019 = IFCPRESENTATIONSTYLEASSIGNMENT((#1018));
#1020 = IFCSTYLEDITEM(#1015, (#1019), $);
#1021 = IFCSHAPEREPRESENTATION(#24, 'Body', 'Tessellation', (#1015));
#1022 = IFCPRODUCTDEFINITIONSHAPE($, $, (#1021));
#1023 = IFCDIRECTION((1., 0., 0.));
#1024 = IFCDIRECTION((0., 0., 1.));
#1025 = IFCCARTESIANPOINT((0., 0., 0.));
#1026 = IFCAXIS2PLACEMENT3D(#1025, #1024, #1023);
#1027 = IFCLOCALPLACEMENT(#1012, #1026);
#1028 = IFCBUILDINGELEMENTPROXY('2tL1v$7r98uenVwYar_wyV', #5, '670960,000-671143,960', '670960,000-671143,960', $, #1027, #1022, $, $);
#1029 = IFCRELCONTAINEDINSPATIALSTRUCTURE('2EFDFeZpL6mvizQGXqBFL4', #5, $, $, (#1028), #1013);
#1030 = IFCPROPERTYSINGLEVALUE('BauphaseEnde', $, IFCTEXT('2'), $);
#1031 = IFCPROPERTYSINGLEVALUE('Bauphase', $, IFCTEXT('1'), $);
#1032 = IFCPROPERTYSINGLEVALUE('BauphaseStart', $, IFCTEXT('1'), $);
#1033 = IFCPROPERTYSET('2yUwg3jur26eZD86V8qWJn', #5, 'Bauphase', $, (#1030, #1031, #1032));
#1034 = IFCRELDEFINESBYPROPERTIES('241CVMpc17NwMaBRsxnBY6', #5, 'Bauphase', $, (#1028), #1033);
#1035 = IFCPROPERTYSINGLEVALUE('Material', $, IFCTEXT('Frostschutzschicht'), $);
#1036 = IFCPROPERTYSET('1DarmvnxH6eRccXzR$WPpJ', #5, 'Baustoff', $, (#1035));
#1037 = IFCRELDEFINESBYPROPERTIES('2NX7xGnDT4MhPkZ5kzgTdV', #5, 'Baustoff', $, (#1028), #1036);
#1038 = IFCPROPERTYSINGLEVALUE('Planer', $, IFCTEXT('Schuessler-Plan'), $);
#1039 = IFCPROPERTYSINGLEVALUE('Quelle/Herkunft_Daten', $, IFCTEXT('card_1'), $);
#1040 = IFCPROPERTYSINGLEVALUE('Bemerkungen', $, IFCTEXT('Senkrechte Sickerschicht herstellen'), $);
#1041 = IFCPROPERTYSINGLEVALUE('LOG', $, IFCINTEGER(200), $);
#1042 = IFCPROPERTYSINGLEVALUE('KBK_Nr', $, IFCTEXT('5.112.1.010'), $);
#1043 = IFCPROPERTYSINGLEVALUE('Planungsnormen', $, IFCTEXT('ZTV SoB 04/07'), $);
#1044 = IFCPROPERTYSINGLEVALUE('Bauteil', $, IFCTEXT('Aufbauschicht'), $);
#1045 = IFCPROPERTYSINGLEVALUE('LOI', $, IFCINTEGER(200), $);
#1046 = IFCPROPERTYSET('2R_apYSmDFAeln3QvQJjbE', #5, 'Bauteilinformation', $, (#1038, #1039, #1040, #1041, #1042, #1043, #1044, #1045));
#1047 = IFCRELDEFINESBYPROPERTIES('2XenQbwcjFNvxhAFU2XBZU', #5, 'Bauteilinformation', $, (#1028), #1046);
#1048 = IFCPROPERTYSINGLEVALUE('Objekttyp', $, IFCTEXT('Frostschutzschicht'), $);
#1049 = IFCPROPERTYSINGLEVALUE('Objektklasse', $, IFCTEXT('Aufbauschicht'), $);
#1050 = IFCPROPERTYSINGLEVALUE('Objektgruppe', $, IFCTEXT('Fahrbahnschicht'), $);
#1051 = IFCPROPERTYSET('39ZA4DZM10EB11zvcaQ0Y5', #5, 'Klassifizierung', $, (#1048, #1049, #1050));
#1052 = IFCRELDEFINESBYPROPERTIES('0_tYAcfDj9JhyriMIvil0N', #5, 'Klassifizierung', $, (#1028), #1051);
#1053 = IFCPROPERTYSINGLEVALUE('Bauabschnitt', $, IFCTEXT('1'), $);
#1054 = IFCPROPERTYSINGLEVALUE('Bereich', $, IFCTEXT('Sueden'), $);
#1055 = IFCPROPERTYSINGLEVALUE('StationierungBis', $, IFCTEXT('671+143,960'), $);
#1056 = IFCPROPERTYSINGLEVALUE('StationierungVon', $, IFCTEXT('670+960,000'), $);
#1057 = IFCPROPERTYSINGLEVALUE('Von_BauKM', $, IFCLENGTHMEASURE(670960.), $);
#1058 = IFCPROPERTYSINGLEVALUE('Achse', $, IFCTEXT('1'), $);
#1059 = IFCPROPERTYSINGLEVALUE('Ebene', $, IFCTEXT('1'), $);
#1060 = IFCPROPERTYSINGLEVALUE('Bis_BauKM', $, IFCLENGTHMEASURE(671143.96), $);
#1061 = IFCPROPERTYSET('1gBQ7zqb1AbR0rngLOX4Bx', #5, 'Lage', $, (#1053, #1054, #1055, #1056, #1057, #1058, #1059, #1060));
#1062 = IFCRELDEFINESBYPROPERTIES('2fvQ_MWSf7ZB5rj9RNbZ2c', #5, 'Lage', $, (#1028), #1061);
#1063 = IFCDIRECTION((1., 0., 0.));
#1064 = IFCDIRECTION((0., 0., 1.));
#1065 = IFCCARTESIANPOINT((0., 0., 0.));
#1066 = IFCAXIS2PLACEMENT3D(#1065, #1064, #1063);
#1067 = IFCLOCALPLACEMENT(#947, #1066);
#1068 = IFCBUILDINGSTOREY('3ExJZlM619qg7NtEHnGuk_', #5, 'FB_ASchicht_21', $, $, #1067, $, $, $, $);
#1069 = IFCCARTESIANPOINTLIST3D(((16.8519461951219, 91.109999999404, 128.564407609766), (16.6519461951102, 91.109999999404, 128.569407609766), (17.0857854694477, 91.109999999404, 128.40851476023), (8., 91.109999999404, 128.635659396966), (8., 91.109999999404, 128.785706264644), (16.8519461951219, 81.109999999404, 128.764407609766), (17.0857854694477, 81.109999999404, 128.60851476023), (16.6519461951102, 81.109999999404, 128.769407609766), (8., 81.109999999404, 128.835659396966), (8., 81.109999999404, 128.985706264644), (1.85180556279374, 91.109999999404, 128.939411125574), (1.6518055627821, 91.109999999404, 128.944411125574), (1.43487033242127, 91.109999999404, 128.799787638655), (1.85180556279374, 81.109999999404, 129.139411125574), (1.6518055627821, 81.109999999404, 129.144411125574), (1.43487033242127, 81.109999999404, 128.999787638655), (17.0857854694477, 71.109999999404, 128.80851476023), (16.8519461951219, 71.109999999404, 128.964407609766), (16.6519461951102, 71.109999999404, 128.969407609766), (8., 71.109999999404, 129.035659396966), (8., 71.109999999404, 129.185706264644), (1.85180556279374, 71.109999999404, 129.339411125574), (1.6518055627821, 71.109999999404, 129.344411125574), (1.43487033242127, 71.109999999404, 129.199787638655), (17.0857854694477, 61.109999999404, 129.00851476023), (16.8519461951219, 61.109999999404, 129.164407609766), (16.6519461951102, 61.109999999404, 129.169407609766), (8., 61.109999999404, 129.235659396966), (8., 61.109999999404, 129.385706264644), (1.85180556279374, 61.109999999404, 129.539411125574), (1.6518055627821, 61.109999999404, 129.544411125574), (1.43487033242127, 61.109999999404, 129.399787638656), (17.0857854694477, 51.109999999404, 129.20851476023), (16.8519461951219, 51.109999999404, 129.364407609766), (16.6519461951102, 51.109999999404, 129.369407609766), (8., 51.109999999404, 129.435659396966), (8., 51.109999999404, 129.585706264644), (1.85180556279374, 51.109999999404, 129.739411125574), (1.6518055627821, 51.109999999404, 129.744411125574), (1.43487033242127, 51.109999999404, 129.599787638656), (17.0857854694477, 41.109999999404, 129.40851476023), (16.8519461951219, 41.109999999404, 129.564407609766), (16.6519461951102, 41.109999999404, 129.569407609766), (8., 41.109999999404, 129.635659396966), (8., 41.109999999404, 129.785706264644), (1.85180556279374, 41.109999999404, 129.939411125574), (1.6518055627821, 41.109999999404, 129.944411125574), (1.43487033242127, 41.109999999404, 129.799787638656), (17.0857854694477, 31.109999999404, 129.60851476023), (16.8519461951219, 31.109999999404, 129.764407609766), (16.6519461951102, 31.109999999404, 129.769407609766), (8., 31.109999999404, 129.835659396966), (8., 31.109999999404, 129.985706264644), (1.85180556279374, 31.109999999404, 130.139411125574), (1.6518055627821, 31.109999999404, 130.144411125574), (1.43487033242127, 31.109999999404, 129.999787638656), (17.0857854694477, 21.109999999404, 129.80851476023), (16.8519461951219, 21.109999999404, 129.964407609766), (16.6519461951102, 21.109999999404, 129.969407609766), (8., 21.109999999404, 130.035659396966), (8., 21.109999999404, 130.185706264644), (1.85180556279374, 21.109999999404, 130.339411125574), (1.6518055627821, 21.109999999404, 130.344411125574), (1.43487033242127, 21.109999999404, 130.199787638656), (17.0857854694477, 11.109999999404, 130.00851476023), (16.8519461951219, 11.109999999404, 130.164407609766), (16.6519461951102, 11.109999999404, 130.169407609766), (8., 11.109999999404, 130.235659396966), (8., 11.109999999404, 130.385706264644), (1.85180556279374, 11.109999999404, 130.539411125574), (1.6518055627821, 11.109999999404, 130.544411125574), (1.43487033242127, 11.109999999404, 130.399787638656), (17.0857854694477, 8.10999999940395, 130.068514760231), (16.8519461951219, 8.10999999940395, 130.224407609766), (16.6519461951102, 8.10999999940395, 130.229407609766), (8., 8.10999999940395, 130.295659396966), (8., 8.10999999940395, 130.445706264644), (1.85180556279374, 8.10999999940395, 130.599411125574), (1.6518055627821, 8.10999999940395, 130.604411125574), (1.43487033242127, 8.10999999940395, 130.459787638656), (17.0857854694477, 4.10999999940395, 130.148514760231), (16.8519461951219, 4.10999999940395, 130.304407609766), (16.6519461951102, 4.10999999940395, 130.309407609766), (8., 4.10999999940395, 130.375659396966), (8., 4.10999999940395, 130.525706264644), (1.85180556279374, 4.10999999940395, 130.679411125574), (1.6518055627821, 4.10999999940395, 130.684411125574), (1.43487033242127, 4.10999999940395, 130.539787638656), (17.0857854694477, 1.10999999940395, 130.208514760231), (16.8519461951219, 1.10999999940395, 130.364407609766), (16.6519461951102, 1.10999999940395, 130.369407609766), (8., 1.10999999940395, 130.435659396966), (8., 1.10999999940395, 130.585706264644), (17.0857854694477, 4.6999999973923E-1, 130.221314760231), (16.8519461951219, 4.6999999973923E-1, 130.377207609766), (16.6519461951102, 4.6999999973923E-1, 130.382207609766), (17.0857854694477, 4.59999999962747E-1, 130.221514760231), (16.8519461951219, 4.59999999962747E-1, 130.377407609767), (16.6519461951102, 4.59999999962747E-1, 130.382407609767), (8., 4.6999999973923E-1, 130.448459396966), (8., 4.6999999973923E-1, 130.598506264644), (8., 4.59999999962747E-1, 130.448659396967), (8., 4.59999999962747E-1, 130.598706264645), (17.0857854694477, 0., 130.23071476023), (16.8519461951219, 0., 130.386607609766), (16.6519461951102, 0., 130.391607609766), (1.85180556279374, 1.10999999940395, 130.739411125574), (1.6518055627821, 1.10999999940395, 130.744411125574), (1.43487033242127, 1.10999999940395, 130.599787638656), (8., 0., 130.457859396966), (8., 0., 130.607906264644), (17.0857854694477, -4.40000000409782E-1, 130.239514760231), (16.8519461951219, -4.40000000409782E-1, 130.395407609767), (16.6519461951102, -4.40000000409782E-1, 130.400407609767), (17.0857854694477, -4.50000000186265E-1, 130.239714760232), (16.8519461951219, -4.50000000186265E-1, 130.395607609767), (16.6519461951102, -4.50000000186265E-1, 130.400607609767), (1.85180556279374, 4.6999999973923E-1, 130.752211125575), (1.85180556279374, 4.59999999962747E-1, 130.752411125575), (1.6518055627821, 4.6999999973923E-1, 130.757211125575), (1.6518055627821, 4.59999999962747E-1, 130.757411125575), (1.43487033242127, 4.6999999973923E-1, 130.612587638656), (1.43487033242127, 4.59999999962747E-1, 130.612787638656), (8., -4.40000000409782E-1, 130.466659396967), (8., -4.40000000409782E-1, 130.616706264645), (8., -4.50000000186265E-1, 130.466859396967), (8., -4.50000000186265E-1, 130.616906264645), (1.85180556279374, 0., 130.761611125574), (1.6518055627821, 0., 130.766611125574), (1.43487033242127, 0., 130.621987638656), (1.85180556279374, -4.40000000409782E-1, 130.770411125575), (1.85180556279374, -4.50000000186265E-1, 130.770611125576), (1.6518055627821, -4.40000000409782E-1, 130.775411125575), (1.6518055627821, -4.50000000186265E-1, 130.775611125576), (1.43487033242127, -4.40000000409782E-1, 130.630787638657), (1.43487033242127, -4.50000000186265E-1, 130.630987638657), (17.0857854694477, -3.89000000059605, 130.308514760231), (16.8519461951219, -3.89000000059605, 130.464407609766), (16.6519461951102, -3.89000000059605, 130.469407609766), (8., -3.89000000059605, 130.535659396966), (8., -3.89000000059605, 130.685706264644), (1.85180556279374, -3.89000000059605, 130.839411125574), (1.6518055627821, -3.89000000059605, 130.844411125574), (1.43487033242127, -3.89000000059605, 130.699787638656), (17.0857854694477, -8.89000000059605, 130.408514760231), (16.8519461951219, -8.89000000059605, 130.564407609766), (16.6519461951102, -8.89000000059605, 130.569407609766), (8., -8.89000000059605, 130.635659396966), (8., -8.89000000059605, 130.785706264644), (1.85180556279374, -8.89000000059605, 130.939411125575), (1.6518055627821, -8.89000000059605, 130.944411125575), (1.43487033242127, -8.89000000059605, 130.799787638656), (17.0857854694477, -18.890000000596, 130.608514760231), (16.8519461951219, -18.890000000596, 130.764407609766), (16.6519461951102, -18.890000000596, 130.769407609766), (8., -18.890000000596, 130.835659396966), (8., -18.890000000596, 130.985706264644), (1.85180556279374, -18.890000000596, 131.139411125575), (1.6518055627821, -18.890000000596, 131.144411125575), (1.43487033242127, -18.890000000596, 130.999787638656), (17.0857854694477, -28.890000000596, 130.808514760231), (16.8519461951219, -28.890000000596, 130.964407609766), (16.6519461951102, -28.890000000596, 130.969407609766), (8., -28.890000000596, 131.035659396966), (8., -28.890000000596, 131.185706264644), (1.85180556279374, -28.890000000596, 131.339411125575), (1.6518055627821, -28.890000000596, 131.344411125575), (1.43487033242127, -28.890000000596, 131.199787638656), (17.0857854694477, -38.890000000596, 131.008514760231), (16.8519461951219, -38.890000000596, 131.164407609766), (16.6519461951102, -38.890000000596, 131.169407609766), (8., -38.890000000596, 131.235659396966), (8., -38.890000000596, 131.385706264644), (1.85180556279374, -38.890000000596, 131.539411125575), (1.6518055627821, -38.890000000596, 131.544411125575), (1.43487033242127, -38.890000000596, 131.399787638656), (17.0857854694477, -48.890000000596, 131.208514760231), (16.8519461951219, -48.890000000596, 131.364407609766), (16.6519461951102, -48.890000000596, 131.369407609766), (8., -48.890000000596, 131.435659396966), (8., -48.890000000596, 131.585706264644), (1.85180556279374, -48.890000000596, 131.739411125575), (1.6518055627821, -48.890000000596, 131.744411125575), (1.43487033242127, -48.890000000596, 131.599787638656), (17.0857854694477, -58.890000000596, 131.408514760231), (16.8519461951219, -58.890000000596, 131.564407609767), (16.6519461951102, -58.890000000596, 131.569407609767), (8., -58.890000000596, 131.635659396966), (8., -58.890000000596, 131.785706264644), (1.85180556279374, -58.890000000596, 131.939411125575), (1.6518055627821, -58.890000000596, 131.944411125575), (1.43487033242127, -58.890000000596, 131.799787638656), (17.0857854694477, -68.890000000596, 131.608514760231), (16.8519461951219, -68.890000000596, 131.764407609767), (16.6519461951102, -68.890000000596, 131.769407609767), (8., -68.890000000596, 131.835659396966), (8., -68.890000000596, 131.985706264644), (1.85180556279374, -68.890000000596, 132.139411125575), (1.6518055627821, -68.890000000596, 132.144411125575), (1.43487033242127, -68.890000000596, 131.999787638656), (17.0857854694477, -78.890000000596, 131.808514760231), (16.8519461951219, -78.890000000596, 131.964407609767), (16.6519461951102, -78.890000000596, 131.969407609767), (8., -78.890000000596, 132.035659396966), (8., -78.890000000596, 132.185706264645), (1.85180556279374, -78.890000000596, 132.339411125575), (1.6518055627821, -78.890000000596, 132.344411125575), (1.43487033242127, -78.890000000596, 132.199787638656), (17.0857854694477, -88.890000000596, 132.008514760231), (16.8519461951219, -88.890000000596, 132.164407609767), (16.6519461951102, -88.890000000596, 132.169407609767), (8., -88.890000000596, 132.235659396967), (8., -88.890000000596, 132.385706264645), (1.85180556279374, -88.890000000596, 132.539411125575), (1.6518055627821, -88.890000000596, 132.544411125575), (1.43487033242127, -88.890000000596, 132.399787638656), (17.0857854694477, -92.8500000005588, 132.087714760216), (16.8519461951219, -92.8500000005588, 132.243607609752), (16.6519461951102, -92.8500000005588, 132.248607609752), (8., -92.8500000005588, 132.314859396952), (8., -92.8500000005588, 132.46490626463), (1.85180556279374, -92.8500000005588, 132.61861112556), (1.6518055627821, -92.8500000005588, 132.62361112556), (1.43487033242127, -92.8500000005588, 132.478987638642)));
#1070 = IFCTRIANGULATEDFACESET(#1069, $, .T., ((1, 3, 2), (2, 3, 4), (5, 2, 4), (5, 4, 11), (11, 4, 13), (12, 11, 13), (3, 6, 7), (3, 1, 6), (7, 6, 18), (7, 18, 17), (17, 18, 26), (17, 26, 25), (25, 26, 34), (25, 34, 33), (33, 34, 42), (33, 42, 41), (41, 42, 50), (41, 50, 49), (49, 50, 58), (49, 58, 57), (57, 58, 66), (57, 66, 65), (65, 66, 74), (65, 74, 73), (73, 74, 82), (73, 82, 81), (81, 82, 90), (81, 90, 89), (89, 90, 95), (89, 95, 94), (94, 95, 98), (94, 98, 97), (97, 98, 105), (97, 105, 104), (104, 105, 113), (104, 113, 112), (112, 113, 116), (112, 116, 115), (115, 116, 138), (115, 138, 137), (137, 138, 146), (137, 146, 145), (145, 146, 154), (145, 154, 153), (153, 154, 162), (153, 162, 161), (161, 162, 170), (161, 170, 169), (169, 170, 178), (169, 178, 177), (177, 178, 186), (177, 186, 185), (185, 186, 194), (185, 194, 193), (193, 194, 202), (193, 202, 201), (201, 202, 210), (201, 210, 209), (209, 210, 218), (209, 218, 217), (1, 8, 6), (1, 2, 8), (6, 8, 19), (2, 10, 8), (6, 19, 18), (8, 21, 19), (2, 5, 10), (8, 10, 21), (18, 19, 27), (19, 21, 29), (5, 14, 10), (10, 22, 21), (18, 27, 26), (19, 29, 27), (21, 30, 29), (5, 11, 14), (10, 14, 22), (21, 22, 30), (26, 27, 35), (27, 29, 37), (29, 30, 38), (11, 15, 14), (14, 23, 22), (22, 31, 30), (26, 35, 34), (27, 37, 35), (29, 38, 37), (30, 39, 38), (11, 12, 15), (14, 15, 23), (22, 23, 31), (30, 31, 39), (34, 35, 43), (35, 37, 45), (37, 38, 46), (38, 39, 47), (34, 43, 42), (35, 45, 43), (37, 46, 45), (38, 47, 46), (42, 43, 51), (43, 45, 53), (45, 46, 54), (46, 47, 55), (42, 51, 50), (43, 53, 51), (45, 54, 53), (46, 55, 54), (50, 51, 59), (51, 53, 61), (53, 54, 62), (54, 55, 63), (50, 59, 58), (51, 61, 59), (53, 62, 61), (54, 63, 62), (58, 59, 67), (59, 61, 69), (61, 62, 70), (62, 63, 71), (58, 67, 66), (59, 69, 67), (61, 70, 69), (62, 71, 70), (66, 67, 75), (67, 69, 77), (69, 70, 78), (70, 71, 79), (66, 75, 74), (67, 77, 75), (69, 78, 77), (70, 79, 78), (74, 75, 83), (75, 77, 85), (77, 78, 86), (78, 79, 87), (74, 83, 82), (75, 85, 83), (77, 86, 85), (78, 87, 86), (82, 83, 91), (83, 85, 93), (85, 86, 107), (86, 87, 108), (82, 91, 90), (83, 93, 91), (85, 107, 93), (86, 108, 107), (90, 91, 96), (91, 93, 101), (93, 107, 118), (107, 108, 120), (90, 96, 95), (91, 101, 96), (93, 118, 101), (107, 120, 118), (95, 96, 99), (96, 101, 103), (101, 118, 119), (118, 120, 121), (95, 99, 98), (96, 103, 99), (101, 119, 103), (118, 121, 119), (98, 99, 106), (99, 103, 111), (103, 119, 128), (119, 121, 129), (98, 106, 105), (99, 111, 106), (103, 128, 111), (119, 129, 128), (105, 106, 114), (106, 111, 125), (111, 128, 131), (128, 129, 133), (105, 114, 113), (106, 125, 114), (111, 131, 125), (128, 133, 131), (113, 114, 117), (114, 125, 127), (125, 131, 132), (131, 133, 134), (113, 117, 116), (114, 127, 117), (125, 132, 127), (131, 134, 132), (116, 117, 139), (117, 127, 141), (127, 132, 142), (132, 134, 143), (116, 139, 138), (117, 141, 139), (127, 142, 141), (132, 143, 142), (138, 139, 147), (139, 141, 149), (141, 142, 150), (142, 143, 151), (138, 147, 146), (139, 149, 147), (141, 150, 149), (142, 151, 150), (146, 147, 155), (147, 149, 157), (149, 150, 158), (150, 151, 159), (146, 155, 154), (147, 157, 155), (149, 158, 157), (150, 159, 158), (154, 155, 163), (155, 157, 165), (157, 158, 166), (158, 159, 167), (154, 163, 162), (155, 165, 163), (157, 166, 165), (158, 167, 166), (162, 163, 171), (163, 165, 173), (165, 166, 174), (166, 167, 175), (162, 171, 170), (163, 173, 171), (165, 174, 173), (166, 175, 174), (170, 171, 179), (171, 173, 181), (173, 174, 182), (174, 175, 183), (170, 179, 178), (171, 181, 179), (173, 182, 181), (174, 183, 182), (178, 179, 187), (179, 181, 189), (181, 182, 190), (182, 183, 191), (178, 187, 186), (179, 189, 187), (181, 190, 189), (182, 191, 190), (186, 187, 195), (187, 189, 197), (189, 190, 198), (190, 191, 199), (186, 195, 194), (187, 197, 195), (189, 198, 197), (190, 199, 198), (194, 195, 203), (195, 197, 205), (197, 198, 206), (198, 199, 207), (194, 203, 202), (195, 205, 203), (197, 206, 205), (198, 207, 206), (202, 203, 211), (203, 205, 213), (205, 206, 214), (206, 207, 215), (202, 211, 210), (203, 213, 211), (205, 214, 213), (206, 215, 214), (210, 211, 219), (211, 213, 221), (213, 214, 222), (214, 215, 223), (210, 219, 218), (211, 221, 219), (213, 222, 221), (214, 223, 222), (12, 16, 15), (12, 13, 16), (15, 16, 24), (15, 24, 23), (23, 24, 32), (23, 32, 31), (31, 32, 40), (31, 40, 39), (39, 40, 48), (39, 48, 47), (47, 48, 56), (47, 56, 55), (55, 56, 64), (55, 64, 63), (63, 64, 72), (63, 72, 71), (71, 72, 80), (71, 80, 79), (79, 80, 88), (79, 88, 87), (87, 88, 109), (87, 109, 108), (108, 109, 122), (108, 122, 120), (120, 122, 123), (120, 123, 121), (121, 123, 130), (121, 130, 129), (129, 130, 135), (129, 135, 133), (133, 135, 136), (133, 136, 134), (134, 136, 144), (134, 144, 143), (143, 144, 152), (143, 152, 151), (151, 152, 160), (151, 160, 159), (159, 160, 168), (159, 168, 167), (167, 168, 176), (167, 176, 175), (175, 176, 184), (175, 184, 183), (183, 184, 192), (183, 192, 191), (191, 192, 200), (191, 200, 199), (199, 200, 208), (199, 208, 207), (207, 208, 216), (207, 216, 215), (215, 216, 224), (215, 224, 223), (13, 9, 16), (13, 4, 9), (16, 9, 20), (4, 7, 9), (16, 20, 24), (9, 17, 20), (4, 3, 7), (9, 7, 17), (24, 20, 28), (20, 17, 25), (24, 28, 32), (20, 25, 28), (32, 28, 36), (28, 25, 33), (32, 36, 40), (28, 33, 36), (40, 36, 44), (36, 33, 41), (40, 44, 48), (36, 41, 44), (48, 44, 52), (44, 41, 49), (48, 52, 56), (44, 49, 52), (56, 52, 60), (52, 49, 57), (56, 60, 64), (52, 57, 60), (64, 60, 68), (60, 57, 65), (64, 68, 72), (60, 65, 68), (72, 68, 76), (68, 65, 73), (72, 76, 80), (68, 73, 76), (80, 76, 84), (76, 73, 81), (80, 84, 88), (76, 81, 84), (88, 84, 92), (84, 81, 89), (88, 92, 109), (84, 89, 92), (109, 92, 100), (92, 89, 94), (109, 100, 122), (92, 94, 100), (122, 100, 102), (100, 94, 97), (122, 102, 123), (100, 97, 102), (123, 102, 110), (102, 97, 104), (123, 110, 130), (102, 104, 110), (130, 110, 124), (110, 104, 112), (130, 124, 135), (110, 112, 124), (135, 124, 126), (124, 112, 115), (135, 126, 136), (124, 115, 126), (136, 126, 140), (126, 115, 137), (136, 140, 144), (126, 137, 140), (144, 140, 148), (140, 137, 145), (144, 148, 152), (140, 145, 148), (152, 148, 156), (148, 145, 153), (152, 156, 160), (148, 153, 156), (160, 156, 164), (156, 153, 161), (160, 164, 168), (156, 161, 164), (168, 164, 172), (164, 161, 169), (168, 172, 176), (164, 169, 172), (176, 172, 180), (172, 169, 177), (176, 180, 184), (172, 177, 180), (184, 180, 188), (180, 177, 185), (184, 188, 192), (180, 185, 188), (192, 188, 196), (188, 185, 193), (192, 196, 200), (188, 193, 196), (200, 196, 204), (196, 193, 201), (200, 204, 208), (196, 201, 204), (208, 204, 212), (204, 201, 209), (208, 212, 216), (204, 209, 212), (216, 212, 220), (212, 209, 217), (216, 220, 224), (212, 217, 220), (217, 218, 219), (217, 219, 220), (219, 221, 220), (220, 221, 222), (220, 222, 224), (222, 223, 224)), $);
#1071 = IFCCOLOURRGB($, 3.13724994659424E-1, 3.13724994659424E-1, 3.13724994659424E-1);
#1072 = IFCSURFACESTYLERENDERING(#1071, 0., $, $, $, $, $, $, .FLAT.);
#1073 = IFCSURFACESTYLE('m:505050ff', .BOTH., (#1072));
#1074 = IFCPRESENTATIONSTYLEASSIGNMENT((#1073));
#1075 = IFCSTYLEDITEM(#1070, (#1074), $);
#1076 = IFCSHAPEREPRESENTATION(#24, 'Body', 'Tessellation', (#1070));
#1077 = IFCPRODUCTDEFINITIONSHAPE($, $, (#1076));
#1078 = IFCDIRECTION((1., 0., 0.));
#1079 = IFCDIRECTION((0., 0., 1.));
#1080 = IFCCARTESIANPOINT((0., 0., 0.));
#1081 = IFCAXIS2PLACEMENT3D(#1080, #1079, #1078);
#1082 = IFCLOCALPLACEMENT(#1067, #1081);
#1083 = IFCBUILDINGELEMENTPROXY('28k57E3brDAB44lp$DZehj', #5, '670960,000-671143,960', '670960,000-671143,960', $, #1082, #1077, $, $);
#1084 = IFCRELCONTAINEDINSPATIALSTRUCTURE('2Z91wcpxfBfgehqCkAtwzB', #5, $, $, (#1083), #1068);
#1085 = IFCPROPERTYSINGLEVALUE('BauphaseEnde', $, IFCTEXT('2'), $);
#1086 = IFCPROPERTYSINGLEVALUE('Bauphase', $, IFCTEXT('1'), $);
#1087 = IFCPROPERTYSINGLEVALUE('BauphaseStart', $, IFCTEXT('1'), $);
#1088 = IFCPROPERTYSET('1mGod1kjLDlQWnZ9MkJOvx', #5, 'Bauphase', $, (#1085, #1086, #1087));
#1089 = IFCRELDEFINESBYPROPERTIES('01TOJQqZ1FCwgTg4oisQea', #5, 'Bauphase', $, (#1083), #1088);
#1090 = IFCPROPERTYSINGLEVALUE('Material', $, IFCTEXT('Schottertragschicht_0/32'), $);
#1091 = IFCPROPERTYSET('0i4GWMGQ90wQ3tZVbv1LJc', #5, 'Baustoff', $, (#1090));
#1092 = IFCRELDEFINESBYPROPERTIES('3F5tog9i95_RgLLwA9tWC2', #5, 'Baustoff', $, (#1083), #1091);
#1093 = IFCPROPERTYSINGLEVALUE('Planer', $, IFCTEXT('Schuessler-Plan'), $);
#1094 = IFCPROPERTYSINGLEVALUE('Belastungsklasse', $, IFCTEXT('100'), $);
#1095 = IFCPROPERTYSINGLEVALUE('Quelle/Herkunft_Daten', $, IFCTEXT('card_1'), $);
#1096 = IFCPROPERTYSINGLEVALUE('Bemerkungen', $, IFCTEXT('RStO12/24, Tafel 1, Zeile 5, Spalte 1, EV2>=150 Mpa'), $);
#1097 = IFCPROPERTYSINGLEVALUE('LOG', $, IFCINTEGER(200), $);
#1098 = IFCPROPERTYSINGLEVALUE('Verkehrsflaeche', $, IFCREAL(1.), $);
#1099 = IFCPROPERTYSINGLEVALUE('KBK_Nr', $, IFCTEXT('5.112.2.010'), $);
#1100 = IFCPROPERTYSINGLEVALUE('Planungsnormen', $, IFCTEXT('ZTV SoB 04/07'), $);
#1101 = IFCPROPERTYSINGLEVALUE('Bauteil', $, IFCTEXT('Aufbauschicht'), $);
#1102 = IFCPROPERTYSINGLEVALUE('Dicke', $, IFCLENGTHMEASURE(1.5E-1), $);
#1103 = IFCPROPERTYSINGLEVALUE('LOI', $, IFCINTEGER(200), $);
#1104 = IFCPROPERTYSET('0pfUYDGEr5bvyahc858_qI', #5, 'Bauteilinformation', $, (#1093, #1094, #1095, #1096, #1097, #1098, #1099, #1100, #1101, #1102, #1103));
#1105 = IFCRELDEFINESBYPROPERTIES('0tzd2vUvHAEhPOLITz2LyZ', #5, 'Bauteilinformation', $, (#1083), #1104);
#1106 = IFCPROPERTYSINGLEVALUE('Objekttyp', $, IFCTEXT('Tragschicht'), $);
#1107 = IFCPROPERTYSINGLEVALUE('Objektklasse', $, IFCTEXT('Aufbauschicht'), $);
#1108 = IFCPROPERTYSINGLEVALUE('Objektgruppe', $, IFCTEXT('Fahrbahnschicht'), $);
#1109 = IFCPROPERTYSET('1KQeu4cnH3RRk0iDL1Av4L', #5, 'Klassifizierung', $, (#1106, #1107, #1108));
#1110 = IFCRELDEFINESBYPROPERTIES('0kpDtCp8fFy9BxJaOwlsT2', #5, 'Klassifizierung', $, (#1083), #1109);
#1111 = IFCPROPERTYSINGLEVALUE('Bauabschnitt', $, IFCTEXT('1'), $);
#1112 = IFCPROPERTYSINGLEVALUE('Bereich', $, IFCTEXT('Sueden'), $);
#1113 = IFCPROPERTYSINGLEVALUE('StationierungBis', $, IFCTEXT('671+143,960'), $);
#1114 = IFCPROPERTYSINGLEVALUE('StationierungVon', $, IFCTEXT('670+960,000'), $);
#1115 = IFCPROPERTYSINGLEVALUE('Von_BauKM', $, IFCLENGTHMEASURE(670960.), $);
#1116 = IFCPROPERTYSINGLEVALUE('Achse', $, IFCTEXT('1'), $);
#1117 = IFCPROPERTYSINGLEVALUE('Ebene', $, IFCTEXT('1'), $);
#1118 = IFCPROPERTYSINGLEVALUE('Bis_BauKM', $, IFCLENGTHMEASURE(671143.96), $);
#1119 = IFCPROPERTYSET('1VopoZKk9Fdha8jm5yBJXh', #5, 'Lage', $, (#1111, #1112, #1113, #1114, #1115, #1116, #1117, #1118));
#1120 = IFCRELDEFINESBYPROPERTIES('1LycEfhmX4HAPNXs7U0I_0', #5, 'Lage', $, (#1083), #1119);
#1121 = IFCDIRECTION((1., 0., 0.));
#1122 = IFCDIRECTION((0., 0., 1.));
#1123 = IFCCARTESIANPOINT((0., 0., 0.));
#1124 = IFCAXIS2PLACEMENT3D(#1123, #1122, #1121);
#1125 = IFCLOCALPLACEMENT(#706, #1124);
#1126 = IFCBUILDINGSTOREY('1lcL_NJlnEU9Xqa4PeoTfS', #5, 'ErdBau_UB', $, $, #1125, $, $, $, $);
#1127 = IFCDIRECTION((1., 0., 0.));
#1128 = IFCDIRECTION((0., 0., 1.));
#1129 = IFCCARTESIANPOINT((0., 0., 0.));
#1130 = IFCAXIS2PLACEMENT3D(#1129, #1128, #1127);
#1131 = IFCLOCALPLACEMENT(#1125, #1130);
#1132 = IFCBUILDINGSTOREY('1jkKh3WD945f9ImdZA7OKF', #5, 'Sicker_L', $, $, #1131, $, $, $, $);
#1133 = IFCRELAGGREGATES('06VRpGjqXCSeIk$TubF2Jt', #5, '', $, #1126, (#1132, #1188, #1243, #1298));
#1134 = IFCCARTESIANPOINTLIST3D(((18.9994999999763, 91.109999999404, 127.60680003905), (19.1494999999995, 91.109999999404, 127.60680003905), (18.8490924772923, 91.109999999404, 127.60680003905), (19., 91.109999999404, 128.01055003905), (19.1499000025215, 91.109999999404, 128.006802538988), (18.8490924772923, 91.109999999404, 128.014322727117), (18.9994999999763, 81.109999999404, 127.80680003905), (19.1494999999995, 81.109999999404, 127.80680003905), (18.8490924772923, 81.109999999404, 127.80680003905), (19., 81.109999999404, 128.21055003905), (19.1499000025215, 81.109999999404, 128.206802538988), (18.8490924772923, 81.109999999404, 128.214322727117), (18.9994999999763, 71.109999999404, 128.00680003905), (19.1494999999995, 71.109999999404, 128.00680003905), (18.8490924772923, 71.109999999404, 128.00680003905), (19., 71.109999999404, 128.41055003905), (19.1499000025215, 71.109999999404, 128.406802538988), (18.8490924772923, 71.109999999404, 128.414322727117), (18.9994999999763, 61.109999999404, 128.20680003905), (19.1494999999995, 61.109999999404, 128.20680003905), (18.8490924772923, 61.109999999404, 128.20680003905), (19., 61.109999999404, 128.61055003905), (19.1499000025215, 61.109999999404, 128.606802538988), (18.8490924772923, 61.109999999404, 128.614322727117), (18.9994999999763, 51.109999999404, 128.40680003905), (19.1494999999995, 51.109999999404, 128.40680003905), (18.8490924772923, 51.109999999404, 128.40680003905), (19., 51.109999999404, 128.81055003905), (19.1499000025215, 51.109999999404, 128.806802538988), (18.8490924772923, 51.109999999404, 128.814322727118), (18.9994999999763, 41.109999999404, 128.60680003905), (19.1494999999995, 41.109999999404, 128.60680003905), (18.8490924772923, 41.109999999404, 128.60680003905), (19., 41.109999999404, 129.01055003905), (19.1499000025215, 41.109999999404, 129.006802538988), (18.8490924772923, 41.109999999404, 129.014322727118), (18.9994999999763, 31.109999999404, 128.80680003905), (19.1494999999995, 31.109999999404, 128.80680003905), (18.8490924772923, 31.109999999404, 128.80680003905), (19., 31.109999999404, 129.21055003905), (19.1499000025215, 31.109999999404, 129.206802538988), (18.8490924772923, 31.109999999404, 129.214322727118), (18.9994999999763, 21.109999999404, 129.00680003905), (19.1494999999995, 21.109999999404, 129.00680003905), (18.8490924772923, 21.109999999404, 129.00680003905), (19., 21.109999999404, 129.41055003905), (19.1499000025215, 21.109999999404, 129.406802538988), (18.8490924772923, 21.109999999404, 129.414322727118), (18.9994999999763, 11.109999999404, 129.20680003905), (19.1494999999995, 11.109999999404, 129.20680003905), (18.8490924772923, 11.109999999404, 129.20680003905), (19., 11.109999999404, 129.61055003905), (19.1499000025215, 11.109999999404, 129.606802538988), (18.8490924772923, 11.109999999404, 129.614322727118), (18.9994999999763, 8.10999999940395, 129.266800039051), (19.1494999999995, 8.10999999940395, 129.266800039051), (18.8490924772923, 8.10999999940395, 129.266800039051), (19., 8.10999999940395, 129.670550039051), (19.1499000025215, 8.10999999940395, 129.666802538988), (18.8490924772923, 8.10999999940395, 129.674322727118), (18.9994999999763, 4.10999999940395, 129.346800039051), (19.1494999999995, 4.10999999940395, 129.346800039051), (18.8490924772923, 4.10999999940395, 129.346800039051), (19., 4.10999999940395, 129.750550039051), (19.1499000025215, 4.10999999940395, 129.746802538988), (18.8490924772923, 4.10999999940395, 129.754322727118), (18.9994999999763, 1.10999999940395, 129.406800039051), (19.1494999999995, 1.10999999940395, 129.406800039051), (18.8490924772923, 1.10999999940395, 129.406800039051), (19., 1.10999999940395, 129.810550039051), (19.1499000025215, 1.10999999940395, 129.806802538988), (18.8490924772923, 1.10999999940395, 129.814322727118), (18.9994999999763, 4.6999999973923E-1, 129.419600039051), (19.1494999999995, 4.6999999973923E-1, 129.419600039051), (18.8490924772923, 4.6999999973923E-1, 129.419600039051), (19., 4.6999999973923E-1, 129.823350039051), (19.1499000025215, 4.6999999973923E-1, 129.819602538988), (18.8490924772923, 4.6999999973923E-1, 129.827122727118), (18.9994999999763, 4.59999999962747E-1, 129.419800039051), (19.1494999999995, 4.59999999962747E-1, 129.419800039051), (18.8490924772923, 4.59999999962747E-1, 129.419800039051), (19., 4.59999999962747E-1, 129.823550039051), (19.1499000025215, 4.59999999962747E-1, 129.819802538989), (18.8490924772923, 4.59999999962747E-1, 129.827322727118), (18.9994999999763, 0., 129.42900003905), (19.1494999999995, 0., 129.42900003905), (18.8490924772923, 0., 129.42900003905), (19., 0., 129.83275003905), (19.1499000025215, 0., 129.829002538988), (18.8490924772923, 0., 129.836522727117), (18.9994999999763, -4.40000000409782E-1, 129.437800039051), (19.1494999999995, -4.40000000409782E-1, 129.437800039051), (18.8490924772923, -4.40000000409782E-1, 129.437800039051), (19., -4.40000000409782E-1, 129.841550039051), (19.1499000025215, -4.40000000409782E-1, 129.837802538989), (18.8490924772923, -4.40000000409782E-1, 129.845322727119), (18.9994999999763, -4.50000000186265E-1, 129.438000039052), (19.1494999999995, -4.50000000186265E-1, 129.438000039052), (18.8490924772923, -4.50000000186265E-1, 129.438000039052), (19., -4.50000000186265E-1, 129.841750039052), (19.1499000025215, -4.50000000186265E-1, 129.838002538989), (18.8490924772923, -4.50000000186265E-1, 129.845522727119), (18.9994999999763, -3.89000000059605, 129.506800039051), (19.1494999999995, -3.89000000059605, 129.506800039051), (18.8490924772923, -3.89000000059605, 129.506800039051), (19., -3.89000000059605, 129.910550039051), (19.1499000025215, -3.89000000059605, 129.906802538988), (18.8490924772923, -3.89000000059605, 129.914322727118), (18.9994999999763, -8.89000000059605, 129.606800039051), (19.1494999999995, -8.89000000059605, 129.606800039051), (18.8490924772923, -8.89000000059605, 129.606800039051), (19., -8.89000000059605, 130.010550039051), (19.1499000025215, -8.89000000059605, 130.006802538988), (18.8490924772923, -8.89000000059605, 130.014322727118), (18.9994999999763, -18.890000000596, 129.806800039051), (19.1494999999995, -18.890000000596, 129.806800039051), (18.8490924772923, -18.890000000596, 129.806800039051), (19., -18.890000000596, 130.210550039051), (19.1499000025215, -18.890000000596, 130.206802538988), (18.8490924772923, -18.890000000596, 130.214322727118), (18.9994999999763, -28.890000000596, 130.006800039051), (19.1494999999995, -28.890000000596, 130.006800039051), (18.8490924772923, -28.890000000596, 130.006800039051), (19., -28.890000000596, 130.410550039051), (19.1499000025215, -28.890000000596, 130.406802538988), (18.8490924772923, -28.890000000596, 130.414322727118), (18.9994999999763, -38.890000000596, 130.206800039051), (19.1494999999995, -38.890000000596, 130.206800039051), (18.8490924772923, -38.890000000596, 130.206800039051), (19., -38.890000000596, 130.610550039051), (19.1499000025215, -38.890000000596, 130.606802538988), (18.8490924772923, -38.890000000596, 130.614322727118), (18.9994999999763, -48.890000000596, 130.406800039051), (19.1494999999995, -48.890000000596, 130.406800039051), (18.8490924772923, -48.890000000596, 130.406800039051), (19.1499000025215, -48.890000000596, 130.806802538988), (19., -48.890000000596, 130.810550039051), (18.8490924772923, -48.890000000596, 130.814322727118), (18.9994999999763, -58.890000000596, 130.606800039051), (19.1494999999995, -58.890000000596, 130.606800039051), (18.8490924772923, -58.890000000596, 130.606800039051), (19.1499000025215, -58.890000000596, 131.006802538988), (19., -58.890000000596, 131.010550039051), (18.8490924772923, -58.890000000596, 131.014322727118), (18.9994999999763, -68.890000000596, 130.806800039051), (19.1494999999995, -68.890000000596, 130.806800039051), (18.8490924772923, -68.890000000596, 130.806800039051), (19.1499000025215, -68.890000000596, 131.206802538988), (19., -68.890000000596, 131.210550039051), (18.8490924772923, -68.890000000596, 131.214322727118), (18.9994999999763, -78.890000000596, 131.006800039051), (19.1494999999995, -78.890000000596, 131.006800039051), (18.8490924772923, -78.890000000596, 131.006800039051), (19.1499000025215, -78.890000000596, 131.406802538988), (19., -78.890000000596, 131.410550039051), (18.8490924772923, -78.890000000596, 131.414322727118), (18.9994999999763, -88.890000000596, 131.206800039051), (19.1494999999995, -88.890000000596, 131.206800039051), (18.8490924772923, -88.890000000596, 131.206800039051), (19.1499000025215, -88.890000000596, 131.606802538988), (19., -88.890000000596, 131.610550039051), (18.8490924772923, -88.890000000596, 131.614322727118), (18.9994999999763, -92.8500000005588, 131.286000039036), (19.1494999999995, -92.8500000005588, 131.286000039036), (18.8490924772923, -92.8500000005588, 131.286000039036), (19.1499000025215, -92.8500000005588, 131.686002538974), (19., -92.8500000005588, 131.689750039036), (18.8490924772923, -92.8500000005588, 131.693522727103)));
#1135 = IFCTRIANGULATEDFACESET(#1134, $, .T., ((1, 5, 2), (4, 5, 1), (3, 4, 1), (6, 4, 3), (6, 9, 12), (6, 3, 9), (12, 9, 15), (12, 15, 18), (18, 15, 21), (18, 21, 24), (24, 21, 27), (24, 27, 30), (30, 27, 33), (30, 33, 36), (36, 33, 39), (36, 39, 42), (42, 39, 45), (42, 45, 48), (48, 45, 51), (48, 51, 54), (54, 51, 57), (54, 57, 60), (60, 57, 63), (60, 63, 66), (66, 63, 69), (66, 69, 72), (72, 69, 75), (72, 75, 78), (78, 75, 81), (78, 81, 84), (84, 81, 87), (84, 87, 90), (90, 87, 93), (90, 93, 96), (96, 93, 99), (96, 99, 102), (102, 99, 105), (102, 105, 108), (108, 105, 111), (108, 111, 114), (114, 111, 117), (114, 117, 120), (120, 117, 123), (120, 123, 126), (126, 123, 129), (126, 129, 132), (132, 129, 135), (132, 135, 138), (138, 135, 141), (138, 141, 144), (144, 141, 147), (144, 147, 150), (150, 147, 153), (150, 153, 156), (156, 153, 159), (156, 159, 162), (162, 159, 165), (162, 165, 168), (3, 7, 9), (3, 1, 7), (9, 7, 13), (1, 8, 7), (9, 13, 15), (7, 14, 13), (1, 2, 8), (7, 8, 14), (15, 13, 19), (13, 14, 20), (15, 19, 21), (13, 20, 19), (21, 19, 25), (19, 20, 26), (21, 25, 27), (19, 26, 25), (27, 25, 31), (25, 26, 32), (27, 31, 33), (25, 32, 31), (33, 31, 37), (31, 32, 38), (33, 37, 39), (31, 38, 37), (39, 37, 43), (37, 38, 44), (39, 43, 45), (37, 44, 43), (45, 43, 49), (43, 44, 50), (45, 49, 51), (43, 50, 49), (51, 49, 55), (49, 50, 56), (51, 55, 57), (49, 56, 55), (57, 55, 61), (55, 56, 62), (57, 61, 63), (55, 62, 61), (63, 61, 67), (61, 62, 68), (63, 67, 69), (61, 68, 67), (69, 67, 73), (67, 68, 74), (69, 73, 75), (67, 74, 73), (75, 73, 79), (73, 74, 80), (75, 79, 81), (73, 80, 79), (81, 79, 85), (79, 80, 86), (81, 85, 87), (79, 86, 85), (87, 85, 91), (85, 86, 92), (87, 91, 93), (85, 92, 91), (93, 91, 97), (91, 92, 98), (93, 97, 99), (91, 98, 97), (99, 97, 103), (97, 98, 104), (99, 103, 105), (97, 104, 103), (105, 103, 109), (103, 104, 110), (105, 109, 111), (103, 110, 109), (111, 109, 115), (109, 110, 116), (111, 115, 117), (109, 116, 115), (117, 115, 121), (115, 116, 122), (117, 121, 123), (115, 122, 121), (123, 121, 127), (121, 122, 128), (123, 127, 129), (121, 128, 127), (129, 127, 133), (127, 128, 134), (129, 133, 135), (127, 134, 133), (135, 133, 139), (133, 134, 140), (135, 139, 141), (133, 140, 139), (141, 139, 145), (139, 140, 146), (141, 145, 147), (139, 146, 145), (147, 145, 151), (145, 146, 152), (147, 151, 153), (145, 152, 151), (153, 151, 157), (151, 152, 158), (153, 157, 159), (151, 158, 157), (159, 157, 163), (157, 158, 164), (159, 163, 165), (157, 164, 163), (2, 11, 8), (2, 5, 11), (8, 11, 17), (8, 17, 14), (14, 17, 23), (14, 23, 20), (20, 23, 29), (20, 29, 26), (26, 29, 35), (26, 35, 32), (32, 35, 41), (32, 41, 38), (38, 41, 47), (38, 47, 44), (44, 47, 53), (44, 53, 50), (50, 53, 59), (50, 59, 56), (56, 59, 65), (56, 65, 62), (62, 65, 71), (62, 71, 68), (68, 71, 77), (68, 77, 74), (74, 77, 83), (74, 83, 80), (80, 83, 89), (80, 89, 86), (86, 89, 95), (86, 95, 92), (92, 95, 101), (92, 101, 98), (98, 101, 107), (98, 107, 104), (104, 107, 113), (104, 113, 110), (110, 113, 119), (110, 119, 116), (116, 119, 125), (116, 125, 122), (122, 125, 131), (122, 131, 128), (128, 131, 136), (128, 136, 134), (134, 136, 142), (134, 142, 140), (140, 142, 148), (140, 148, 146), (146, 148, 154), (146, 154, 152), (152, 154, 160), (152, 160, 158), (158, 160, 166), (158, 166, 164), (5, 10, 11), (5, 4, 10), (11, 10, 16), (4, 12, 10), (11, 16, 17), (10, 18, 16), (4, 6, 12), (10, 12, 18), (17, 16, 22), (16, 18, 24), (17, 22, 23), (16, 24, 22), (23, 22, 28), (22, 24, 30), (23, 28, 29), (22, 30, 28), (29, 28, 34), (28, 30, 36), (29, 34, 35), (28, 36, 34), (35, 34, 40), (34, 36, 42), (35, 40, 41), (34, 42, 40), (41, 40, 46), (40, 42, 48), (41, 46, 47), (40, 48, 46), (47, 46, 52), (46, 48, 54), (47, 52, 53), (46, 54, 52), (53, 52, 58), (52, 54, 60), (53, 58, 59), (52, 60, 58), (59, 58, 64), (58, 60, 66), (59, 64, 65), (58, 66, 64), (65, 64, 70), (64, 66, 72), (65, 70, 71), (64, 72, 70), (71, 70, 76), (70, 72, 78), (71, 76, 77), (70, 78, 76), (77, 76, 82), (76, 78, 84), (77, 82, 83), (76, 84, 82), (83, 82, 88), (82, 84, 90), (83, 88, 89), (82, 90, 88), (89, 88, 94), (88, 90, 96), (89, 94, 95), (88, 96, 94), (95, 94, 100), (94, 96, 102), (95, 100, 101), (94, 102, 100), (101, 100, 106), (100, 102, 108), (101, 106, 107), (100, 108, 106), (107, 106, 112), (106, 108, 114), (107, 112, 113), (106, 114, 112), (113, 112, 118), (112, 114, 120), (113, 118, 119), (112, 120, 118), (119, 118, 124), (118, 120, 126), (119, 124, 125), (118, 126, 124), (125, 124, 130), (124, 126, 132), (125, 130, 131), (124, 132, 130), (131, 130, 137), (130, 132, 138), (131, 137, 136), (130, 138, 137), (136, 137, 143), (137, 138, 144), (136, 143, 142), (137, 144, 143), (142, 143, 149), (143, 144, 150), (142, 149, 148), (143, 150, 149), (148, 149, 155), (149, 150, 156), (148, 155, 154), (149, 156, 155), (154, 155, 161), (155, 156, 162), (154, 161, 160), (155, 162, 161), (160, 161, 167), (161, 162, 168), (160, 167, 166), (161, 168, 167), (166, 163, 164), (166, 167, 163), (167, 165, 163), (167, 168, 165)), $);
#1136 = IFCCOLOURRGB($, 1., 1., 1.);
#1137 = IFCSURFACESTYLERENDERING(#1136, 0., $, $, $, $, $, $, .FLAT.);
#1138 = IFCSURFACESTYLE('m:ffffffff', .BOTH., (#1137));
#1139 = IFCPRESENTATIONSTYLEASSIGNMENT((#1138));
#1140 = IFCSTYLEDITEM(#1135, (#1139), $);
#1141 = IFCSHAPEREPRESENTATION(#24, 'Body', 'Tessellation', (#1135));
#1142 = IFCPRODUCTDEFINITIONSHAPE($, $, (#1141));
#1143 = IFCDIRECTION((1., 0., 0.));
#1144 = IFCDIRECTION((0., 0., 1.));
#1145 = IFCCARTESIANPOINT((0., 0., 0.));
#1146 = IFCAXIS2PLACEMENT3D(#1145, #1144, #1143);
#1147 = IFCLOCALPLACEMENT(#1131, #1146);
#1148 = IFCBUILDINGELEMENTPROXY('2DbCtrN2v1Pf1hyufiG54M', #5, '670960,000-671143,960', '670960,000-671143,960', $, #1147, #1142, $, $);
#1149 = IFCRELCONTAINEDINSPATIALSTRUCTURE('1kxq3GjzL1D8IzbOX5LTq0', #5, $, $, (#1148), #1132);
#1150 = IFCPROPERTYSINGLEVALUE('BauphaseEnde', $, IFCTEXT('2'), $);
#1151 = IFCPROPERTYSINGLEVALUE('Bauphase', $, IFCTEXT('1'), $);
#1152 = IFCPROPERTYSINGLEVALUE('BauphaseStart', $, IFCTEXT('1'), $);
#1153 = IFCPROPERTYSET('2i6BDqf9P8b9viA9d5ml0N', #5, 'Bauphase', $, (#1150, #1151, #1152));
#1154 = IFCRELDEFINESBYPROPERTIES('1v25mLujj4t8RF2kYFJeS5', #5, 'Bauphase', $, (#1148), #1153);
#1155 = IFCPROPERTYSINGLEVALUE('Material', $, IFCTEXT('Boden'), $);
#1156 = IFCPROPERTYSET('1KVYMiEJrERudulBsfBAHX', #5, 'Baustoff', $, (#1155));
#1157 = IFCRELDEFINESBYPROPERTIES('3Bz7XXLQ11zeAu9iJ7nDJq', #5, 'Baustoff', $, (#1148), #1156);
#1158 = IFCPROPERTYSINGLEVALUE('Planer', $, IFCTEXT('Schuessler-Plan'), $);
#1159 = IFCPROPERTYSINGLEVALUE('Quelle/Herkunft_Daten', $, IFCTEXT('card_1'), $);
#1160 = IFCPROPERTYSINGLEVALUE('Bemerkungen', $, IFCTEXT('Senkrechte Sickerschicht herstellen'), $);
#1161 = IFCPROPERTYSINGLEVALUE('LOG', $, IFCINTEGER(200), $);
#1162 = IFCPROPERTYSINGLEVALUE('KBK_Nr', $, IFCTEXT('4.110.2.020'), $);
#1163 = IFCPROPERTYSINGLEVALUE('Planungsnormen', $, IFCTEXT('ZTV E-StB 17'), $);
#1164 = IFCPROPERTYSINGLEVALUE('Bauteil', $, IFCTEXT('Oberflaechenentwaesserung'), $);
#1165 = IFCPROPERTYSINGLEVALUE('LOI', $, IFCINTEGER(200), $);
#1166 = IFCPROPERTYSET('3kw1wXNpD11Rf88YqEmp5B', #5, 'Bauteilinformation', $, (#1158, #1159, #1160, #1161, #1162, #1163, #1164, #1165));
#1167 = IFCRELDEFINESBYPROPERTIES('11_gi6OVv1nR1hJKYuZXz0', #5, 'Bauteilinformation', $, (#1148), #1166);
#1168 = IFCPROPERTYSINGLEVALUE('Objekttyp', $, IFCTEXT('Sickerschicht'), $);
#1169 = IFCPROPERTYSINGLEVALUE('Objektklasse', $, IFCTEXT('Oberflaechenentwaesserung'), $);
#1170 = IFCPROPERTYSINGLEVALUE('Objektgruppe', $, IFCTEXT('Entwaesserung'), $);
#1171 = IFCPROPERTYSET('0EF3ZxI2D4aAEDKpVmtJLL', #5, 'Klassifizierung', $, (#1168, #1169, #1170));
#1172 = IFCRELDEFINESBYPROPERTIES('0yov_A$t92AOxCYRhhSLyE', #5, 'Klassifizierung', $, (#1148), #1171);
#1173 = IFCPROPERTYSINGLEVALUE('Bauabschnitt', $, IFCTEXT('1'), $);
#1174 = IFCPROPERTYSINGLEVALUE('Bereich', $, IFCTEXT('Sueden'), $);
#1175 = IFCPROPERTYSINGLEVALUE('StationierungBis', $, IFCTEXT('671+143,960'), $);
#1176 = IFCPROPERTYSINGLEVALUE('StationierungVon', $, IFCTEXT('670+960,000'), $);
#1177 = IFCPROPERTYSINGLEVALUE('Von_BauKM', $, IFCLENGTHMEASURE(670960.), $);
#1178 = IFCPROPERTYSINGLEVALUE('Achse', $, IFCTEXT('1'), $);
#1179 = IFCPROPERTYSINGLEVALUE('Ebene', $, IFCTEXT('1'), $);
#1180 = IFCPROPERTYSINGLEVALUE('Bis_BauKM', $, IFCLENGTHMEASURE(671143.96), $);
#1181 = IFCPROPERTYSET('0W5UVDSAz6EuRnBJDGmGYf', #5, 'Lage', $, (#1173, #1174, #1175, #1176, #1177, #1178, #1179, #1180));
#1182 = IFCRELDEFINESBYPROPERTIES('0JgyGogg5FLAo3yu67g1_3', #5, 'Lage', $, (#1148), #1181);
#1183 = IFCDIRECTION((1., 0., 0.));
#1184 = IFCDIRECTION((0., 0., 1.));
#1185 = IFCCARTESIANPOINT((0., 0., 0.));
#1186 = IFCAXIS2PLACEMENT3D(#1185, #1184, #1183);
#1187 = IFCLOCALPLACEMENT(#1125, #1186);
#1188 = IFCBUILDINGSTOREY('3JHqTpO3P1TgI25YpuHnnC', #5, 'FB_F\X\FCllBoden_L', $, $, #1187, $, $, $, $);
#1189 = IFCCARTESIANPOINTLIST3D(((18.4426660424215, 91.109999999404, 128.246200140449), (18.5509373535751, 91.109999999404, 128.221839095448), (18.1680863578222, 91.109999999404, 128.349167522188), (18.0129755300586, 91.109999999404, 128.430600706754), (18., 91.109999999404, 128.4133), (17.3196247437154, 91.109999999404, 128.252621910694), (17.0857854694477, 91.109999999404, 128.40851476023), (16.8763507436379, 91.109999999404, 128.548137910766), (16.7115130037419, 91.109999999404, 128.56791843955), (16.6519461951102, 91.109999999404, 128.569407609766), (16.6489361702115, 91.109999999404, 128.575427659574), (18.4426660424215, 81.109999999404, 128.446200140449), (18.5509373535751, 81.109999999404, 128.421839095449), (18.1680863578222, 81.109999999404, 128.549167522188), (18., 81.109999999404, 128.6133), (18.0129755300586, 81.109999999404, 128.630600706754), (17.3196247437154, 81.109999999404, 128.452621910694), (17.0857854694477, 81.109999999404, 128.60851476023), (16.8763507436379, 81.109999999404, 128.748137910766), (16.7115130037419, 81.109999999404, 128.76791843955), (16.6519461951102, 81.109999999404, 128.769407609766), (16.6489361702115, 81.109999999404, 128.775427659574), (18.5509373535751, 71.109999999404, 128.621839095449), (18.4426660424215, 71.109999999404, 128.646200140449), (18.1680863578222, 71.109999999404, 128.749167522188), (18., 71.109999999404, 128.8133), (18.0129755300586, 71.109999999404, 128.830600706754), (17.3196247437154, 71.109999999404, 128.652621910695), (17.0857854694477, 71.109999999404, 128.80851476023), (16.8763507436379, 71.109999999404, 128.948137910766), (16.7115130037419, 71.109999999404, 128.96791843955), (16.6519461951102, 71.109999999404, 128.969407609766), (16.6489361702115, 71.109999999404, 128.975427659574), (18.5509373535751, 61.109999999404, 128.821839095449), (18.4426660424215, 61.109999999404, 128.846200140449), (18.1680863578222, 61.109999999404, 128.949167522188), (18., 61.109999999404, 129.0133), (18.0129755300586, 61.109999999404, 129.030600706754), (17.3196247437154, 61.109999999404, 128.852621910695), (17.0857854694477, 61.109999999404, 129.00851476023), (16.8763507436379, 61.109999999404, 129.148137910766), (16.7115130037419, 61.109999999404, 129.16791843955), (16.6519461951102, 61.109999999404, 129.169407609766), (16.6489361702115, 61.109999999404, 129.175427659574), (18.5509373535751, 51.109999999404, 129.021839095449), (18.4426660424215, 51.109999999404, 129.046200140449), (18.1680863578222, 51.109999999404, 129.149167522189), (18., 51.109999999404, 129.2133), (18.0129755300586, 51.109999999404, 129.230600706754), (17.3196247437154, 51.109999999404, 129.052621910695), (17.0857854694477, 51.109999999404, 129.20851476023), (16.8763507436379, 51.109999999404, 129.348137910766), (16.7115130037419, 51.109999999404, 129.36791843955), (16.6519461951102, 51.109999999404, 129.369407609766), (16.6489361702115, 51.109999999404, 129.375427659575), (18.5509373535751, 41.109999999404, 129.221839095449), (18.4426660424215, 41.109999999404, 129.24620014045), (18.1680863578222, 41.109999999404, 129.349167522189), (18., 41.109999999404, 129.4133), (18.0129755300586, 41.109999999404, 129.430600706754), (17.3196247437154, 41.109999999404, 129.252621910695), (17.0857854694477, 41.109999999404, 129.40851476023), (16.8763507436379, 41.109999999404, 129.548137910766), (16.7115130037419, 41.109999999404, 129.56791843955), (16.6519461951102, 41.109999999404, 129.569407609766), (16.6489361702115, 41.109999999404, 129.575427659575), (18.5509373535751, 31.109999999404, 129.421839095449), (18.4426660424215, 31.109999999404, 129.44620014045), (18.1680863578222, 31.109999999404, 129.549167522189), (18., 31.109999999404, 129.6133), (18.0129755300586, 31.109999999404, 129.630600706754), (17.3196247437154, 31.109999999404, 129.452621910695), (17.0857854694477, 31.109999999404, 129.60851476023), (16.8763507436379, 31.109999999404, 129.748137910766), (16.7115130037419, 31.109999999404, 129.76791843955), (16.6519461951102, 31.109999999404, 129.769407609766), (16.6489361702115, 31.109999999404, 129.775427659575), (18.5509373535751, 21.109999999404, 129.621839095449), (18.4426660424215, 21.109999999404, 129.64620014045), (18.1680863578222, 21.109999999404, 129.749167522189), (18., 21.109999999404, 129.8133), (18.0129755300586, 21.109999999404, 129.830600706754), (17.3196247437154, 21.109999999404, 129.652621910695), (17.0857854694477, 21.109999999404, 129.80851476023), (16.8763507436379, 21.109999999404, 129.948137910766), (16.7115130037419, 21.109999999404, 129.96791843955), (16.6519461951102, 21.109999999404, 129.969407609766), (16.6489361702115, 21.109999999404, 129.975427659575), (18.5509373535751, 11.109999999404, 129.821839095449), (18.4426660424215, 11.109999999404, 129.84620014045), (18.1680863578222, 11.109999999404, 129.949167522189), (18., 11.109999999404, 130.0133), (18.0129755300586, 11.109999999404, 130.030600706754), (17.3196247437154, 11.109999999404, 129.852621910695), (17.0857854694477, 11.109999999404, 130.00851476023), (16.8763507436379, 11.109999999404, 130.148137910766), (16.7115130037419, 11.109999999404, 130.16791843955), (16.6519461951102, 11.109999999404, 130.169407609766), (16.6489361702115, 11.109999999404, 130.175427659575), (18.5509373535751, 8.10999999940395, 129.881839095449), (18.4426660424215, 8.10999999940395, 129.90620014045), (18.1680863578222, 8.10999999940395, 130.009167522189), (18., 8.10999999940395, 130.0733), (18.0129755300586, 8.10999999940395, 130.090600706754), (17.3196247437154, 8.10999999940395, 129.912621910695), (17.0857854694477, 8.10999999940395, 130.068514760231), (16.8763507436379, 8.10999999940395, 130.208137910766), (16.7115130037419, 8.10999999940395, 130.22791843955), (16.6519461951102, 8.10999999940395, 130.229407609766), (16.6489361702115, 8.10999999940395, 130.235427659575), (18.5509373535751, 4.10999999940395, 129.961839095449), (18.4426660424215, 4.10999999940395, 129.98620014045), (18.1680863578222, 4.10999999940395, 130.089167522189), (18., 4.10999999940395, 130.1533), (18.0129755300586, 4.10999999940395, 130.170600706754), (17.3196247437154, 4.10999999940395, 129.992621910695), (17.0857854694477, 4.10999999940395, 130.148514760231), (16.8763507436379, 4.10999999940395, 130.288137910766), (16.7115130037419, 4.10999999940395, 130.30791843955), (16.6519461951102, 4.10999999940395, 130.309407609766), (16.6489361702115, 4.10999999940395, 130.315427659575), (18.5509373535751, 1.10999999940395, 130.021839095449), (18.4426660424215, 1.10999999940395, 130.04620014045), (18.1680863578222, 1.10999999940395, 130.149167522189), (18., 1.10999999940395, 130.2133), (18.0129755300586, 1.10999999940395, 130.230600706754), (17.3196247437154, 1.10999999940395, 130.052621910695), (17.0857854694477, 1.10999999940395, 130.208514760231), (16.8763507436379, 1.10999999940395, 130.348137910766), (16.7115130037419, 1.10999999940395, 130.36791843955), (16.6519461951102, 1.10999999940395, 130.369407609766), (16.6489361702115, 1.10999999940395, 130.375427659575), (18.5509373535751, 4.6999999973923E-1, 130.034639095449), (18.4426660424215, 4.6999999973923E-1, 130.05900014045), (18.1680863578222, 4.6999999973923E-1, 130.161967522189), (18., 4.6999999973923E-1, 130.226100000001), (18.0129755300586, 4.6999999973923E-1, 130.243400706755), (17.3196247437154, 4.6999999973923E-1, 130.065421910695), (18.5509373535751, 4.59999999962747E-1, 130.034839095449), (18.4426660424215, 4.59999999962747E-1, 130.05920014045), (18.1680863578222, 4.59999999962747E-1, 130.162167522189), (17.0857854694477, 4.6999999973923E-1, 130.221314760231), (18., 4.59999999962747E-1, 130.226300000001), (18.0129755300586, 4.59999999962747E-1, 130.243600706755), (17.3196247437154, 4.59999999962747E-1, 130.065621910695), (16.8763507436379, 4.6999999973923E-1, 130.360937910767), (16.7115130037419, 4.6999999973923E-1, 130.380718439551), (17.0857854694477, 4.59999999962747E-1, 130.221514760231), (16.6519461951102, 4.6999999973923E-1, 130.382207609766), (16.6489361702115, 4.6999999973923E-1, 130.388227659575), (16.8763507436379, 4.59999999962747E-1, 130.361137910767), (16.7115130037419, 4.59999999962747E-1, 130.380918439551), (16.6519461951102, 4.59999999962747E-1, 130.382407609767), (16.6489361702115, 4.59999999962747E-1, 130.388427659575), (18.5509373535751, 0., 130.044039095449), (18.4426660424215, 0., 130.068400140449), (18.1680863578222, 0., 130.171367522188), (18., 0., 130.2355), (18.0129755300586, 0., 130.252800706754), (17.3196247437154, 0., 130.074821910695), (17.0857854694477, 0., 130.23071476023), (16.8763507436379, 0., 130.370337910766), (16.7115130037419, 0., 130.39011843955), (16.6519461951102, 0., 130.391607609766), (16.6489361702115, 0., 130.397627659574), (18.5509373535751, -4.40000000409782E-1, 130.05283909545), (18.4426660424215, -4.40000000409782E-1, 130.077200140451), (18.1680863578222, -4.40000000409782E-1, 130.18016752219), (18., -4.40000000409782E-1, 130.244300000001), (18.0129755300586, -4.40000000409782E-1, 130.261600706755), (17.3196247437154, -4.40000000409782E-1, 130.083621910696), (18.5509373535751, -4.50000000186265E-1, 130.05303909545), (18.4426660424215, -4.50000000186265E-1, 130.077400140451), (18.1680863578222, -4.50000000186265E-1, 130.18036752219), (17.0857854694477, -4.40000000409782E-1, 130.239514760231), (18., -4.50000000186265E-1, 130.244500000001), (18.0129755300586, -4.50000000186265E-1, 130.261800706755), (17.3196247437154, -4.50000000186265E-1, 130.083821910696), (16.8763507436379, -4.40000000409782E-1, 130.379137910767), (16.7115130037419, -4.40000000409782E-1, 130.398918439551), (17.0857854694477, -4.50000000186265E-1, 130.239714760232), (16.6519461951102, -4.40000000409782E-1, 130.400407609767), (16.6489361702115, -4.40000000409782E-1, 130.406427659576), (16.8763507436379, -4.50000000186265E-1, 130.379337910767), (16.7115130037419, -4.50000000186265E-1, 130.399118439552), (16.6519461951102, -4.50000000186265E-1, 130.400607609767), (16.6489361702115, -4.50000000186265E-1, 130.406627659576), (18.5509373535751, -3.89000000059605, 130.121839095449), (18.4426660424215, -3.89000000059605, 130.14620014045), (18.1680863578222, -3.89000000059605, 130.249167522189), (18., -3.89000000059605, 130.3133), (18.0129755300586, -3.89000000059605, 130.330600706754), (17.3196247437154, -3.89000000059605, 130.152621910695), (17.0857854694477, -3.89000000059605, 130.308514760231), (16.8763507436379, -3.89000000059605, 130.448137910766), (16.7115130037419, -3.89000000059605, 130.46791843955), (16.6519461951102, -3.89000000059605, 130.469407609766), (16.6489361702115, -3.89000000059605, 130.475427659575), (18.5509373535751, -8.89000000059605, 130.221839095449), (18.4426660424215, -8.89000000059605, 130.24620014045), (18.1680863578222, -8.89000000059605, 130.349167522189), (18., -8.89000000059605, 130.4133), (18.0129755300586, -8.89000000059605, 130.430600706754), (17.3196247437154, -8.89000000059605, 130.252621910695), (17.0857854694477, -8.89000000059605, 130.408514760231), (16.8763507436379, -8.89000000059605, 130.548137910766), (16.7115130037419, -8.89000000059605, 130.56791843955), (16.6519461951102, -8.89000000059605, 130.569407609766), (16.6489361702115, -8.89000000059605, 130.575427659575), (18.5509373535751, -18.890000000596, 130.421839095449), (18.4426660424215, -18.890000000596, 130.44620014045), (18.1680863578222, -18.890000000596, 130.549167522189), (18., -18.890000000596, 130.6133), (18.0129755300586, -18.890000000596, 130.630600706754), (17.3196247437154, -18.890000000596, 130.452621910695), (17.0857854694477, -18.890000000596, 130.608514760231), (16.8763507436379, -18.890000000596, 130.748137910766), (16.7115130037419, -18.890000000596, 130.76791843955), (16.6519461951102, -18.890000000596, 130.769407609766), (16.6489361702115, -18.890000000596, 130.775427659575), (18.5509373535751, -28.890000000596, 130.621839095449), (18.4426660424215, -28.890000000596, 130.64620014045), (18.1680863578222, -28.890000000596, 130.749167522189), (18., -28.890000000596, 130.8133), (18.0129755300586, -28.890000000596, 130.830600706754), (17.3196247437154, -28.890000000596, 130.652621910695), (17.0857854694477, -28.890000000596, 130.808514760231), (16.8763507436379, -28.890000000596, 130.948137910766), (16.7115130037419, -28.890000000596, 130.967918439551), (16.6519461951102, -28.890000000596, 130.969407609766), (16.6489361702115, -28.890000000596, 130.975427659575), (18.5509373535751, -38.890000000596, 130.821839095449), (18.4426660424215, -38.890000000596, 130.84620014045), (18.1680863578222, -38.890000000596, 130.949167522189), (18., -38.890000000596, 131.0133), (18.0129755300586, -38.890000000596, 131.030600706755), (17.3196247437154, -38.890000000596, 130.852621910695), (17.0857854694477, -38.890000000596, 131.008514760231), (16.8763507436379, -38.890000000596, 131.148137910766), (16.7115130037419, -38.890000000596, 131.167918439551), (16.6519461951102, -38.890000000596, 131.169407609766), (16.6489361702115, -38.890000000596, 131.175427659575), (18.5509373535751, -48.890000000596, 131.021839095449), (18.4426660424215, -48.890000000596, 131.04620014045), (18.1680863578222, -48.890000000596, 131.149167522189), (18., -48.890000000596, 131.213300000001), (18.0129755300586, -48.890000000596, 131.230600706755), (17.3196247437154, -48.890000000596, 131.052621910695), (17.0857854694477, -48.890000000596, 131.208514760231), (16.8763507436379, -48.890000000596, 131.348137910766), (16.7115130037419, -48.890000000596, 131.367918439551), (16.6519461951102, -48.890000000596, 131.369407609766), (16.6489361702115, -48.890000000596, 131.375427659575), (18.5509373535751, -58.890000000596, 131.221839095449), (18.4426660424215, -58.890000000596, 131.24620014045), (18.1680863578222, -58.890000000596, 131.349167522189), (18., -58.890000000596, 131.413300000001), (17.3196247437154, -58.890000000596, 131.252621910695), (18.0129755300586, -58.890000000596, 131.430600706755), (17.0857854694477, -58.890000000596, 131.408514760231), (16.8763507436379, -58.890000000596, 131.548137910767), (16.7115130037419, -58.890000000596, 131.567918439551), (16.6519461951102, -58.890000000596, 131.569407609767), (16.6489361702115, -58.890000000596, 131.575427659575), (18.5509373535751, -68.890000000596, 131.421839095449), (18.4426660424215, -68.890000000596, 131.44620014045), (18.1680863578222, -68.890000000596, 131.549167522189), (18., -68.890000000596, 131.613300000001), (17.3196247437154, -68.890000000596, 131.452621910695), (18.0129755300586, -68.890000000596, 131.630600706755), (17.0857854694477, -68.890000000596, 131.608514760231), (16.8763507436379, -68.890000000596, 131.748137910767), (16.7115130037419, -68.890000000596, 131.767918439551), (16.6519461951102, -68.890000000596, 131.769407609767), (16.6489361702115, -68.890000000596, 131.775427659575), (18.5509373535751, -78.890000000596, 131.621839095449), (18.4426660424215, -78.890000000596, 131.64620014045), (18.1680863578222, -78.890000000596, 131.749167522189), (17.3196247437154, -78.890000000596, 131.652621910695), (18., -78.890000000596, 131.813300000001), (18.0129755300586, -78.890000000596, 131.830600706755), (17.0857854694477, -78.890000000596, 131.808514760231), (16.8763507436379, -78.890000000596, 131.948137910767), (16.7115130037419, -78.890000000596, 131.967918439551), (16.6519461951102, -78.890000000596, 131.969407609767), (16.6489361702115, -78.890000000596, 131.975427659575), (18.5509373535751, -88.890000000596, 131.821839095449), (18.4426660424215, -88.890000000596, 131.84620014045), (18.1680863578222, -88.890000000596, 131.949167522189), (17.3196247437154, -88.890000000596, 131.852621910695), (18., -88.890000000596, 132.013300000001), (18.0129755300586, -88.890000000596, 132.030600706755), (17.0857854694477, -88.890000000596, 132.008514760231), (16.8763507436379, -88.890000000596, 132.148137910767), (16.7115130037419, -88.890000000596, 132.167918439551), (16.6519461951102, -88.890000000596, 132.169407609767), (16.6489361702115, -88.890000000596, 132.175427659575), (18.5509373535751, -92.8500000005588, 131.901039095435), (18.4426660424215, -92.8500000005588, 131.925400140435), (18.1680863578222, -92.8500000005588, 132.028367522175), (17.3196247437154, -92.8500000005588, 131.931821910681), (18., -92.8500000005588, 132.092499999986), (18.0129755300586, -92.8500000005588, 132.10980070674), (17.0857854694477, -92.8500000005588, 132.087714760216), (16.8763507436379, -92.8500000005588, 132.227337910752), (16.7115130037419, -92.8500000005588, 132.247118439536), (16.6519461951102, -92.8500000005588, 132.248607609752), (16.6489361702115, -92.8500000005588, 132.25462765956)));
#1190 = IFCTRIANGULATEDFACESET(#1189, $, .T., ((1, 2, 6), (3, 1, 6), (5, 3, 6), (4, 3, 5), (7, 5, 6), (8, 5, 7), (11, 9, 10), (2, 12, 13), (2, 1, 12), (13, 12, 24), (1, 14, 12), (13, 24, 23), (12, 25, 24), (1, 3, 14), (12, 14, 25), (24, 34, 23), (25, 35, 24), (3, 16, 14), (14, 27, 25), (24, 35, 34), (25, 36, 35), (3, 4, 16), (14, 16, 27), (27, 36, 25), (34, 35, 46), (35, 36, 47), (27, 38, 36), (34, 46, 45), (35, 47, 46), (36, 49, 47), (36, 38, 49), (45, 46, 57), (46, 47, 58), (47, 49, 60), (45, 57, 56), (46, 58, 57), (47, 60, 58), (56, 57, 68), (57, 58, 69), (58, 60, 71), (56, 68, 67), (57, 69, 68), (58, 71, 69), (67, 68, 79), (68, 69, 80), (69, 71, 82), (67, 79, 78), (68, 80, 79), (69, 82, 80), (78, 79, 90), (79, 80, 91), (80, 82, 93), (78, 90, 89), (79, 91, 90), (80, 93, 91), (89, 90, 101), (90, 91, 102), (91, 93, 104), (89, 101, 100), (90, 102, 101), (91, 104, 102), (101, 111, 100), (102, 112, 101), (104, 113, 102), (101, 112, 111), (102, 113, 112), (104, 115, 113), (111, 112, 123), (112, 113, 124), (113, 115, 126), (111, 123, 122), (112, 124, 123), (113, 126, 124), (123, 133, 122), (124, 134, 123), (126, 135, 124), (123, 134, 133), (124, 135, 134), (126, 137, 135), (133, 134, 140), (134, 135, 141), (135, 137, 144), (133, 140, 139), (134, 141, 140), (135, 144, 141), (139, 140, 156), (140, 141, 157), (141, 144, 159), (139, 156, 155), (140, 157, 156), (141, 159, 157), (155, 156, 167), (156, 157, 168), (157, 159, 170), (155, 167, 166), (156, 168, 167), (157, 170, 168), (167, 172, 166), (168, 173, 167), (170, 174, 168), (167, 173, 172), (168, 174, 173), (170, 177, 174), (172, 173, 189), (173, 174, 190), (174, 177, 192), (172, 189, 188), (173, 190, 189), (174, 192, 190), (188, 189, 200), (189, 190, 201), (190, 192, 203), (188, 200, 199), (189, 201, 200), (190, 203, 201), (199, 200, 211), (200, 201, 212), (201, 203, 214), (199, 211, 210), (200, 212, 211), (201, 214, 212), (210, 211, 222), (211, 212, 223), (212, 214, 225), (210, 222, 221), (211, 223, 222), (212, 225, 223), (221, 222, 233), (222, 223, 234), (223, 225, 236), (221, 233, 232), (222, 234, 233), (223, 236, 234), (232, 233, 244), (233, 234, 245), (234, 236, 247), (232, 244, 243), (233, 245, 244), (234, 247, 245), (244, 254, 243), (245, 255, 244), (247, 256, 245), (244, 255, 254), (245, 256, 255), (247, 259, 256), (254, 255, 266), (255, 256, 267), (256, 259, 270), (254, 266, 265), (255, 267, 266), (256, 270, 267), (265, 266, 277), (266, 267, 278), (267, 270, 281), (265, 277, 276), (266, 278, 277), (267, 281, 278), (276, 277, 288), (277, 278, 289), (278, 281, 292), (276, 288, 287), (277, 289, 288), (278, 292, 289), (287, 288, 299), (288, 289, 300), (289, 292, 303), (287, 299, 298), (288, 300, 299), (289, 303, 300), (4, 15, 16), (4, 5, 15), (16, 15, 26), (16, 26, 27), (27, 26, 37), (27, 37, 38), (38, 37, 48), (38, 48, 49), (49, 48, 59), (49, 59, 60), (60, 59, 70), (60, 70, 71), (71, 70, 81), (71, 81, 82), (82, 81, 92), (82, 92, 93), (92, 104, 93), (92, 103, 104), (104, 103, 114), (104, 114, 115), (114, 126, 115), (114, 125, 126), (126, 125, 136), (126, 136, 137), (137, 136, 143), (137, 143, 144), (143, 159, 144), (143, 158, 159), (159, 158, 169), (159, 169, 170), (170, 169, 176), (170, 176, 177), (176, 192, 177), (176, 191, 192), (192, 191, 202), (192, 202, 203), (203, 202, 213), (203, 213, 214), (214, 213, 224), (214, 224, 225), (225, 224, 235), (225, 235, 236), (236, 235, 246), (236, 246, 247), (247, 246, 257), (247, 257, 259), (259, 257, 268), (259, 268, 270), (270, 268, 280), (270, 280, 281), (281, 280, 291), (281, 291, 292), (292, 291, 302), (292, 302, 303), (5, 19, 15), (5, 8, 19), (15, 19, 30), (15, 30, 26), (30, 37, 26), (30, 41, 37), (37, 41, 52), (37, 52, 48), (48, 52, 63), (48, 63, 59), (59, 63, 74), (59, 74, 70), (70, 74, 85), (70, 85, 81), (81, 85, 96), (81, 96, 92), (92, 96, 107), (92, 107, 103), (107, 114, 103), (107, 118, 114), (114, 118, 129), (114, 129, 125), (129, 136, 125), (129, 146, 136), (136, 146, 151), (136, 151, 143), (143, 151, 162), (143, 162, 158), (158, 162, 179), (158, 179, 169), (179, 176, 169), (179, 184, 176), (176, 184, 195), (176, 195, 191), (191, 195, 206), (191, 206, 202), (202, 206, 217), (202, 217, 213), (213, 217, 228), (213, 228, 224), (224, 228, 239), (224, 239, 235), (235, 239, 250), (235, 250, 246), (250, 257, 246), (250, 261, 257), (257, 261, 272), (257, 272, 268), (268, 272, 283), (268, 283, 280), (280, 283, 294), (280, 294, 291), (291, 294, 305), (291, 305, 302), (8, 18, 19), (8, 7, 18), (19, 18, 29), (7, 17, 18), (19, 29, 30), (18, 28, 29), (7, 6, 17), (18, 17, 28), (30, 29, 40), (29, 28, 39), (30, 40, 41), (29, 39, 40), (41, 40, 51), (40, 39, 50), (41, 51, 52), (40, 50, 51), (52, 51, 62), (51, 50, 61), (52, 62, 63), (51, 61, 62), (63, 62, 73), (62, 61, 72), (63, 73, 74), (62, 72, 73), (74, 73, 84), (73, 72, 83), (74, 84, 85), (73, 83, 84), (85, 84, 95), (84, 83, 94), (85, 95, 96), (84, 94, 95), (95, 107, 96), (94, 106, 95), (95, 106, 107), (94, 105, 106), (107, 106, 117), (106, 105, 116), (107, 117, 118), (106, 116, 117), (117, 129, 118), (116, 128, 117), (117, 128, 129), (116, 127, 128), (129, 128, 142), (128, 127, 138), (129, 142, 146), (128, 138, 142), (146, 142, 148), (142, 138, 145), (146, 148, 151), (142, 145, 148), (148, 162, 151), (145, 161, 148), (148, 161, 162), (145, 160, 161), (162, 161, 175), (161, 160, 171), (162, 175, 179), (161, 171, 175), (179, 175, 181), (175, 171, 178), (179, 181, 184), (175, 178, 181), (181, 195, 184), (178, 194, 181), (181, 194, 195), (178, 193, 194), (195, 194, 205), (194, 193, 204), (195, 205, 206), (194, 204, 205), (206, 205, 216), (205, 204, 215), (206, 216, 217), (205, 215, 216), (217, 216, 227), (216, 215, 226), (217, 227, 228), (216, 226, 227), (228, 227, 238), (227, 226, 237), (228, 238, 239), (227, 237, 238), (239, 238, 249), (238, 237, 248), (239, 249, 250), (238, 248, 249), (250, 249, 260), (249, 248, 258), (250, 260, 261), (249, 258, 260), (261, 260, 271), (260, 258, 269), (261, 271, 272), (260, 269, 271), (272, 271, 282), (271, 269, 279), (272, 282, 283), (271, 279, 282), (283, 282, 293), (282, 279, 290), (283, 293, 294), (282, 290, 293), (294, 293, 304), (293, 290, 301), (294, 304, 305), (293, 301, 304), (6, 13, 17), (6, 2, 13), (17, 13, 23), (17, 23, 28), (28, 23, 34), (28, 34, 39), (39, 34, 45), (39, 45, 50), (50, 45, 56), (50, 56, 61), (61, 56, 67), (61, 67, 72), (72, 67, 78), (72, 78, 83), (83, 78, 89), (83, 89, 94), (89, 105, 94), (89, 100, 105), (105, 100, 111), (105, 111, 116), (111, 127, 116), (111, 122, 127), (127, 122, 133), (127, 133, 138), (138, 133, 139), (138, 139, 145), (139, 160, 145), (139, 155, 160), (160, 155, 166), (160, 166, 171), (171, 166, 172), (171, 172, 178), (172, 193, 178), (172, 188, 193), (193, 188, 199), (193, 199, 204), (204, 199, 210), (204, 210, 215), (215, 210, 221), (215, 221, 226), (226, 221, 232), (226, 232, 237), (237, 232, 243), (237, 243, 248), (248, 243, 254), (248, 254, 258), (258, 254, 265), (258, 265, 269), (269, 265, 276), (269, 276, 279), (279, 276, 287), (279, 287, 290), (290, 287, 298), (290, 298, 301), (10, 20, 21), (10, 9, 20), (21, 20, 31), (21, 31, 32), (32, 31, 42), (32, 42, 43), (43, 42, 53), (43, 53, 54), (54, 53, 64), (54, 64, 65), (65, 64, 75), (65, 75, 76), (76, 75, 86), (76, 86, 87), (87, 86, 97), (87, 97, 98), (98, 97, 108), (98, 108, 109), (109, 108, 119), (109, 119, 120), (120, 119, 130), (120, 130, 131), (131, 130, 147), (131, 147, 149), (149, 147, 152), (149, 152, 153), (153, 152, 163), (153, 163, 164), (164, 163, 180), (164, 180, 182), (182, 180, 185), (182, 185, 186), (186, 185, 196), (186, 196, 197), (197, 196, 207), (197, 207, 208), (208, 207, 218), (208, 218, 219), (219, 218, 229), (219, 229, 230), (230, 229, 240), (230, 240, 241), (241, 240, 251), (241, 251, 252), (252, 251, 262), (252, 262, 263), (263, 262, 273), (263, 273, 274), (274, 273, 284), (274, 284, 285), (285, 284, 295), (285, 295, 296), (296, 295, 306), (296, 306, 307), (9, 22, 20), (9, 11, 22), (20, 22, 33), (20, 33, 31), (31, 33, 44), (31, 44, 42), (42, 44, 55), (42, 55, 53), (53, 55, 66), (53, 66, 64), (64, 66, 77), (64, 77, 75), (75, 77, 88), (75, 88, 86), (86, 88, 99), (86, 99, 97), (97, 99, 110), (97, 110, 108), (108, 110, 121), (108, 121, 119), (119, 121, 132), (119, 132, 130), (130, 132, 150), (130, 150, 147), (147, 150, 154), (147, 154, 152), (152, 154, 165), (152, 165, 163), (163, 165, 183), (163, 183, 180), (180, 183, 187), (180, 187, 185), (185, 187, 198), (185, 198, 196), (196, 198, 209), (196, 209, 207), (207, 209, 220), (207, 220, 218), (218, 220, 231), (218, 231, 229), (229, 231, 242), (229, 242, 240), (240, 242, 253), (240, 253, 251), (251, 253, 264), (251, 264, 262), (262, 264, 275), (262, 275, 273), (273, 275, 286), (273, 286, 284), (284, 286, 297), (284, 297, 295), (295, 297, 308), (295, 308, 306), (11, 21, 22), (11, 10, 21), (22, 21, 32), (22, 32, 33), (33, 32, 43), (33, 43, 44), (44, 43, 54), (44, 54, 55), (55, 54, 65), (55, 65, 66), (66, 65, 76), (66, 76, 77), (77, 76, 87), (77, 87, 88), (88, 87, 98), (88, 98, 99), (99, 98, 109), (99, 109, 110), (110, 109, 120), (110, 120, 121), (121, 120, 131), (121, 131, 132), (132, 131, 149), (132, 149, 150), (150, 149, 153), (150, 153, 154), (154, 153, 164), (154, 164, 165), (165, 164, 182), (165, 182, 183), (183, 182, 186), (183, 186, 187), (187, 186, 197), (187, 197, 198), (198, 197, 208), (198, 208, 209), (209, 208, 219), (209, 219, 220), (220, 219, 230), (220, 230, 231), (231, 230, 241), (231, 241, 242), (242, 241, 252), (242, 252, 253), (253, 252, 263), (253, 263, 264), (264, 263, 274), (264, 274, 275), (275, 274, 285), (275, 285, 286), (286, 285, 296), (286, 296, 297), (297, 296, 307), (297, 307, 308), (298, 299, 301), (299, 300, 301), (300, 302, 301), (300, 303, 302), (302, 304, 301), (302, 305, 304), (306, 308, 307)), $);
#1191 = IFCCOLOURRGB($, 1., 9.92156982421875E-1, 8.66666972637177E-1);
#1192 = IFCSURFACESTYLERENDERING(#1191, 0., $, $, $, $, $, $, .FLAT.);
#1193 = IFCSURFACESTYLE('m:fffdddff', .BOTH., (#1192));
#1194 = IFCPRESENTATIONSTYLEASSIGNMENT((#1193));
#1195 = IFCSTYLEDITEM(#1190, (#1194), $);
#1196 = IFCSHAPEREPRESENTATION(#24, 'Body', 'Tessellation', (#1190));
#1197 = IFCPRODUCTDEFINITIONSHAPE($, $, (#1196));
#1198 = IFCDIRECTION((1., 0., 0.));
#1199 = IFCDIRECTION((0., 0., 1.));
#1200 = IFCCARTESIANPOINT((0., 0., 0.));
#1201 = IFCAXIS2PLACEMENT3D(#1200, #1199, #1198);
#1202 = IFCLOCALPLACEMENT(#1187, #1201);
#1203 = IFCBUILDINGELEMENTPROXY('36F$1cAeL2m84OcKXEraDW', #5, '670960,000-671143,960', '670960,000-671143,960', $, #1202, #1197, $, $);
#1204 = IFCRELCONTAINEDINSPATIALSTRUCTURE('2olIrQHAfCSBewzS_fTQTw', #5, $, $, (#1203), #1188);
#1205 = IFCPROPERTYSINGLEVALUE('BauphaseEnde', $, IFCTEXT('2'), $);
#1206 = IFCPROPERTYSINGLEVALUE('Bauphase', $, IFCTEXT('1'), $);
#1207 = IFCPROPERTYSINGLEVALUE('BauphaseStart', $, IFCTEXT('1'), $);
#1208 = IFCPROPERTYSET('2JSC_mW9j3AOOjcyYXKtTO', #5, 'Bauphase', $, (#1205, #1206, #1207));
#1209 = IFCRELDEFINESBYPROPERTIES('2Xz6HULVTCCfl$z5iHaqOB', #5, 'Bauphase', $, (#1203), #1208);
#1210 = IFCPROPERTYSINGLEVALUE('Material', $, IFCTEXT('frostbestaendiger_verdichtungsfaehiger_Boden'), $);
#1211 = IFCPROPERTYSET('0Q2ff55iHCA9E2lj6wwkrh', #5, 'Baustoff', $, (#1210));
#1212 = IFCRELDEFINESBYPROPERTIES('3835t_1mHB8BugnnKDCBk2', #5, 'Baustoff', $, (#1203), #1211);
#1213 = IFCPROPERTYSINGLEVALUE('Planer', $, IFCTEXT('Schuessler-Plan'), $);
#1214 = IFCPROPERTYSINGLEVALUE('Quelle/Herkunft_Daten', $, IFCTEXT('card_1'), $);
#1215 = IFCPROPERTYSINGLEVALUE('Bemerkungen', $, IFCTEXT('Fuellboden_Bankett'), $);
#1216 = IFCPROPERTYSINGLEVALUE('LOG', $, IFCINTEGER(200), $);
#1217 = IFCPROPERTYSINGLEVALUE('KBK_Nr', $, IFCTEXT('5.112.1.020'), $);
#1218 = IFCPROPERTYSINGLEVALUE('Planungsnormen', $, IFCTEXT('ZTV SoB 04/07'), $);
#1219 = IFCPROPERTYSINGLEVALUE('Bauteil', $, IFCTEXT('Auftrag'), $);
#1220 = IFCPROPERTYSINGLEVALUE('LOI', $, IFCINTEGER(200), $);
#1221 = IFCPROPERTYSET('07hzLYhQf3jRB3LDN$4Qt4', #5, 'Bauteilinformation', $, (#1213, #1214, #1215, #1216, #1217, #1218, #1219, #1220));
#1222 = IFCRELDEFINESBYPROPERTIES('1yDC2MVfH3YhDqS_QBW1zN', #5, 'Bauteilinformation', $, (#1203), #1221);
#1223 = IFCPROPERTYSINGLEVALUE('Objekttyp', $, IFCTEXT('Verfuellung'), $);
#1224 = IFCPROPERTYSINGLEVALUE('Objektklasse', $, IFCTEXT('Auftrag'), $);
#1225 = IFCPROPERTYSINGLEVALUE('Objektgruppe', $, IFCTEXT('Erdbau'), $);
#1226 = IFCPROPERTYSET('0FfQWXd2b8tf_jmG9E4KpC', #5, 'Klassifizierung', $, (#1223, #1224, #1225));
#1227 = IFCRELDEFINESBYPROPERTIES('1fsdYfpyvBkuxkrjHjqTAS', #5, 'Klassifizierung', $, (#1203), #1226);
#1228 = IFCPROPERTYSINGLEVALUE('Bauabschnitt', $, IFCTEXT('1'), $);
#1229 = IFCPROPERTYSINGLEVALUE('Bereich', $, IFCTEXT('Sueden'), $);
#1230 = IFCPROPERTYSINGLEVALUE('StationierungBis', $, IFCTEXT('671+143,960'), $);
#1231 = IFCPROPERTYSINGLEVALUE('StationierungVon', $, IFCTEXT('670+960,000'), $);
#1232 = IFCPROPERTYSINGLEVALUE('Von_BauKM', $, IFCLENGTHMEASURE(670960.), $);
#1233 = IFCPROPERTYSINGLEVALUE('Achse', $, IFCTEXT('1'), $);
#1234 = IFCPROPERTYSINGLEVALUE('Ebene', $, IFCTEXT('1'), $);
#1235 = IFCPROPERTYSINGLEVALUE('Bis_BauKM', $, IFCLENGTHMEASURE(671143.96), $);
#1236 = IFCPROPERTYSET('1rOJnP_JP6DOsxqA_nxDNz', #5, 'Lage', $, (#1228, #1229, #1230, #1231, #1232, #1233, #1234, #1235));
#1237 = IFCRELDEFINESBYPROPERTIES('0m74n5aIP3pPbp$3S8Id0x', #5, 'Lage', $, (#1203), #1236);
#1238 = IFCDIRECTION((1., 0., 0.));
#1239 = IFCDIRECTION((0., 0., 1.));
#1240 = IFCCARTESIANPOINT((0., 0., 0.));
#1241 = IFCAXIS2PLACEMENT3D(#1240, #1239, #1238);
#1242 = IFCLOCALPLACEMENT(#1125, #1241);
#1243 = IFCBUILDINGSTOREY('0HqMuvirHCLQEckAAn5dQI', #5, 'FB_F\X\FCllBoden_R', $, $, #1242, $, $, $, $);
#1244 = IFCCARTESIANPOINTLIST3D(((1.76360311347526, 91.109999999404, 128.941616186807), (1.85180556279374, 91.109999999404, 128.939411125574), (1.85567010310479, 91.109999999404, 128.947140206185), (1.63614162022714, 91.109999999404, 128.933968497215), (1.5, 91.109999999404, 128.9258), (1.43487033242127, 91.109999999404, 128.799787638655), (1.125, 91.109999999404, 128.88205), (1.03324876283295, 91.109999999404, 128.532039925615), (7.5E-1, 91.109999999404, 128.8508), (5.E-1, 91.109999999404, 128.510709975101), (3.75E-1, 91.109999999404, 128.83205), (3.49999999976717E-1, 91.109999999404, 128.504709975101), (5.00000023748726E-4, 91.109999999404, 128.825808333333), (5.00000023748726E-4, 91.109999999404, 128.490729975101), (1.76360311347526, 81.109999999404, 129.141616186807), (1.85180556279374, 81.109999999404, 129.139411125574), (1.85567010310479, 81.109999999404, 129.147140206185), (1.63614162022714, 81.109999999404, 129.133968497215), (1.5, 81.109999999404, 129.1258), (1.43487033242127, 81.109999999404, 128.999787638655), (1.125, 81.109999999404, 129.08205), (1.03324876283295, 81.109999999404, 128.732039925615), (7.5E-1, 81.109999999404, 129.0508), (5.E-1, 81.109999999404, 128.710709975101), (3.75E-1, 81.109999999404, 129.03205), (3.49999999976717E-1, 81.109999999404, 128.704709975101), (5.00000023748726E-4, 81.109999999404, 129.025808333333), (5.00000023748726E-4, 81.109999999404, 128.690729975101), (1.76360311347526, 71.109999999404, 129.341616186807), (1.85180556279374, 71.109999999404, 129.339411125574), (1.63614162022714, 71.109999999404, 129.333968497215), (1.85567010310479, 71.109999999404, 129.347140206185), (1.43487033242127, 71.109999999404, 129.199787638655), (1.5, 71.109999999404, 129.3258), (1.125, 71.109999999404, 129.28205), (1.03324876283295, 71.109999999404, 128.932039925615), (7.5E-1, 71.109999999404, 129.2508), (5.E-1, 71.109999999404, 128.910709975101), (3.49999999976717E-1, 71.109999999404, 128.904709975101), (3.75E-1, 71.109999999404, 129.23205), (5.00000023748726E-4, 71.109999999404, 128.890729975101), (5.00000023748726E-4, 71.109999999404, 129.225808333333), (1.43487033242127, 61.109999999404, 129.399787638656), (1.76360311347526, 61.109999999404, 129.541616186807), (1.85180556279374, 61.109999999404, 129.539411125574), (1.63614162022714, 61.109999999404, 129.533968497215), (1.85567010310479, 61.109999999404, 129.547140206186), (1.5, 61.109999999404, 129.5258), (1.03324876283295, 61.109999999404, 129.132039925615), (1.125, 61.109999999404, 129.48205), (7.5E-1, 61.109999999404, 129.4508), (5.E-1, 61.109999999404, 129.110709975101), (3.49999999976717E-1, 61.109999999404, 129.104709975101), (3.75E-1, 61.109999999404, 129.43205), (5.00000023748726E-4, 61.109999999404, 129.090729975101), (5.00000023748726E-4, 61.109999999404, 129.425808333333), (1.43487033242127, 51.109999999404, 129.599787638656), (1.76360311347526, 51.109999999404, 129.741616186807), (1.63614162022714, 51.109999999404, 129.733968497215), (1.85180556279374, 51.109999999404, 129.739411125574), (1.85567010310479, 51.109999999404, 129.747140206186), (1.5, 51.109999999404, 129.7258), (1.03324876283295, 51.109999999404, 129.332039925615), (1.125, 51.109999999404, 129.68205), (7.5E-1, 51.109999999404, 129.6508), (5.E-1, 51.109999999404, 129.310709975101), (3.49999999976717E-1, 51.109999999404, 129.304709975101), (3.75E-1, 51.109999999404, 129.63205), (5.00000023748726E-4, 51.109999999404, 129.290729975101), (5.00000023748726E-4, 51.109999999404, 129.625808333333), (1.43487033242127, 41.109999999404, 129.799787638656), (1.03324876283295, 41.109999999404, 129.532039925615), (1.76360311347526, 41.109999999404, 129.941616186807), (1.63614162022714, 41.109999999404, 129.933968497215), (1.85180556279374, 41.109999999404, 129.939411125574), (1.85567010310479, 41.109999999404, 129.947140206186), (1.5, 41.109999999404, 129.9258), (1.125, 41.109999999404, 129.88205), (7.5E-1, 41.109999999404, 129.8508), (5.E-1, 41.109999999404, 129.510709975101), (3.49999999976717E-1, 41.109999999404, 129.504709975101), (3.75E-1, 41.109999999404, 129.83205), (5.00000023748726E-4, 41.109999999404, 129.490729975101), (5.00000023748726E-4, 41.109999999404, 129.825808333333), (1.03324876283295, 31.109999999404, 129.732039925615), (1.43487033242127, 31.109999999404, 129.999787638656), (1.63614162022714, 31.109999999404, 130.133968497215), (1.76360311347526, 31.109999999404, 130.141616186808), (1.85180556279374, 31.109999999404, 130.139411125574), (1.85567010310479, 31.109999999404, 130.147140206186), (1.5, 31.109999999404, 130.1258), (1.125, 31.109999999404, 130.08205), (5.E-1, 31.109999999404, 129.710709975102), (7.5E-1, 31.109999999404, 130.0508), (3.49999999976717E-1, 31.109999999404, 129.704709975102), (3.75E-1, 31.109999999404, 130.03205), (5.00000023748726E-4, 31.109999999404, 129.690729975102), (5.00000023748726E-4, 31.109999999404, 130.025808333333), (1.03324876283295, 21.109999999404, 129.932039925616), (1.43487033242127, 21.109999999404, 130.199787638656), (1.63614162022714, 21.109999999404, 130.333968497215), (1.76360311347526, 21.109999999404, 130.341616186808), (1.85180556279374, 21.109999999404, 130.339411125574), (1.85567010310479, 21.109999999404, 130.347140206186), (1.5, 21.109999999404, 130.3258), (1.125, 21.109999999404, 130.28205), (5.E-1, 21.109999999404, 129.910709975102), (7.5E-1, 21.109999999404, 130.2508), (3.49999999976717E-1, 21.109999999404, 129.904709975102), (3.75E-1, 21.109999999404, 130.23205), (5.00000023748726E-4, 21.109999999404, 129.890729975102), (5.00000023748726E-4, 21.109999999404, 130.225808333333), (1.03324876283295, 11.109999999404, 130.132039925616), (1.43487033242127, 11.109999999404, 130.399787638656), (1.63614162022714, 11.109999999404, 130.533968497215), (1.76360311347526, 11.109999999404, 130.541616186808), (1.85180556279374, 11.109999999404, 130.539411125574), (1.5, 11.109999999404, 130.5258), (1.85567010310479, 11.109999999404, 130.547140206186), (1.125, 11.109999999404, 130.48205), (5.E-1, 11.109999999404, 130.110709975102), (7.5E-1, 11.109999999404, 130.4508), (3.49999999976717E-1, 11.109999999404, 130.104709975102), (3.75E-1, 11.109999999404, 130.43205), (5.00000023748726E-4, 11.109999999404, 130.090729975102), (5.00000023748726E-4, 11.109999999404, 130.425808333334), (1.03324876283295, 8.10999999940395, 130.192039925616), (1.43487033242127, 8.10999999940395, 130.459787638656), (1.63614162022714, 8.10999999940395, 130.593968497215), (1.76360311347526, 8.10999999940395, 130.601616186808), (1.85180556279374, 8.10999999940395, 130.599411125574), (1.5, 8.10999999940395, 130.5858), (1.85567010310479, 8.10999999940395, 130.607140206186), (1.125, 8.10999999940395, 130.54205), (5.E-1, 8.10999999940395, 130.170709975102), (7.5E-1, 8.10999999940395, 130.5108), (3.49999999976717E-1, 8.10999999940395, 130.164709975102), (3.75E-1, 8.10999999940395, 130.49205), (5.00000023748726E-4, 8.10999999940395, 130.150729975102), (5.00000023748726E-4, 8.10999999940395, 130.485808333334), (1.03324876283295, 4.10999999940395, 130.272039925616), (1.43487033242127, 4.10999999940395, 130.539787638656), (1.63614162022714, 4.10999999940395, 130.673968497215), (1.76360311347526, 4.10999999940395, 130.681616186808), (1.85180556279374, 4.10999999940395, 130.679411125574), (1.5, 4.10999999940395, 130.6658), (1.85567010310479, 4.10999999940395, 130.687140206186), (1.125, 4.10999999940395, 130.62205), (5.E-1, 4.10999999940395, 130.250709975102), (3.49999999976717E-1, 4.10999999940395, 130.244709975102), (7.5E-1, 4.10999999940395, 130.5908), (3.75E-1, 4.10999999940395, 130.57205), (5.00000023748726E-4, 4.10999999940395, 130.230729975102), (5.00000023748726E-4, 4.10999999940395, 130.565808333334), (1.03324876283295, 1.10999999940395, 130.332039925616), (1.43487033242127, 1.10999999940395, 130.599787638656), (1.63614162022714, 1.10999999940395, 130.733968497215), (1.85180556279374, 1.10999999940395, 130.739411125574), (1.76360311347526, 1.10999999940395, 130.741616186808), (1.5, 1.10999999940395, 130.7258), (1.85567010310479, 1.10999999940395, 130.747140206186), (1.125, 1.10999999940395, 130.68205), (5.E-1, 1.10999999940395, 130.310709975102), (3.49999999976717E-1, 1.10999999940395, 130.304709975102), (7.5E-1, 1.10999999940395, 130.6508), (3.75E-1, 1.10999999940395, 130.63205), (5.00000023748726E-4, 1.10999999940395, 130.290729975102), (5.00000023748726E-4, 1.10999999940395, 130.625808333334), (1.03324876283295, 4.6999999973923E-1, 130.344839925616), (1.43487033242127, 4.6999999973923E-1, 130.612587638656), (1.63614162022714, 4.6999999973923E-1, 130.746768497215), (1.85180556279374, 4.6999999973923E-1, 130.752211125575), (1.76360311347526, 4.6999999973923E-1, 130.754416186808), (1.5, 4.6999999973923E-1, 130.738600000001), (1.85567010310479, 4.6999999973923E-1, 130.759940206186), (1.125, 4.6999999973923E-1, 130.694850000001), (5.E-1, 4.6999999973923E-1, 130.323509975102), (3.49999999976717E-1, 4.6999999973923E-1, 130.317509975102), (7.5E-1, 4.6999999973923E-1, 130.663600000001), (1.03324876283295, 4.59999999962747E-1, 130.345039925616), (1.43487033242127, 4.59999999962747E-1, 130.612787638656), (3.75E-1, 4.6999999973923E-1, 130.644850000001), (5.00000023748726E-4, 4.6999999973923E-1, 130.303529975102), (1.63614162022714, 4.59999999962747E-1, 130.746968497216), (1.85180556279374, 4.59999999962747E-1, 130.752411125575), (1.76360311347526, 4.59999999962747E-1, 130.754616186808), (1.5, 4.59999999962747E-1, 130.738800000001), (1.85567010310479, 4.59999999962747E-1, 130.760140206186), (1.125, 4.59999999962747E-1, 130.695050000001), (5.E-1, 4.59999999962747E-1, 130.323709975102), (3.49999999976717E-1, 4.59999999962747E-1, 130.317709975102), (7.5E-1, 4.59999999962747E-1, 130.663800000001), (5.00000023748726E-4, 4.6999999973923E-1, 130.638608333334), (3.75E-1, 4.59999999962747E-1, 130.645050000001), (5.00000023748726E-4, 4.59999999962747E-1, 130.303729975102), (5.00000023748726E-4, 4.59999999962747E-1, 130.638808333334), (1.03324876283295, 0., 130.354239925615), (1.43487033242127, 0., 130.621987638656), (1.63614162022714, 0., 130.756168497215), (1.85180556279374, 0., 130.761611125574), (1.76360311347526, 0., 130.763816186807), (1.5, 0., 130.748), (1.85567010310479, 0., 130.769340206186), (1.125, 0., 130.70425), (5.E-1, 0., 130.332909975101), (3.49999999976717E-1, 0., 130.326909975101), (7.5E-1, 0., 130.673), (3.75E-1, 0., 130.65425), (5.00000023748726E-4, 0., 130.312929975101), (5.00000023748726E-4, 0., 130.648008333333), (1.03324876283295, -4.40000000409782E-1, 130.363039925617), (1.43487033242127, -4.40000000409782E-1, 130.630787638657), (1.63614162022714, -4.40000000409782E-1, 130.764968497216), (1.85180556279374, -4.40000000409782E-1, 130.770411125575), (1.76360311347526, -4.40000000409782E-1, 130.772616186809), (1.5, -4.40000000409782E-1, 130.756800000001), (1.85567010310479, -4.40000000409782E-1, 130.778140206187), (1.125, -4.40000000409782E-1, 130.713050000001), (5.E-1, -4.40000000409782E-1, 130.341709975103), (3.49999999976717E-1, -4.40000000409782E-1, 130.335709975103), (7.5E-1, -4.40000000409782E-1, 130.681800000001), (1.03324876283295, -4.50000000186265E-1, 130.363239925617), (1.43487033242127, -4.50000000186265E-1, 130.630987638657), (3.75E-1, -4.40000000409782E-1, 130.663050000001), (5.00000023748726E-4, -4.40000000409782E-1, 130.321729975103), (1.63614162022714, -4.50000000186265E-1, 130.765168497216), (1.85180556279374, -4.50000000186265E-1, 130.770611125576), (1.76360311347526, -4.50000000186265E-1, 130.772816186809), (1.5, -4.50000000186265E-1, 130.757000000001), (1.85567010310479, -4.50000000186265E-1, 130.778340206187), (1.125, -4.50000000186265E-1, 130.713250000001), (5.E-1, -4.50000000186265E-1, 130.341909975103), (3.49999999976717E-1, -4.50000000186265E-1, 130.335909975103), (7.5E-1, -4.50000000186265E-1, 130.682000000001), (5.00000023748726E-4, -4.40000000409782E-1, 130.656808333335), (3.75E-1, -4.50000000186265E-1, 130.663250000001), (5.00000023748726E-4, -4.50000000186265E-1, 130.321929975103), (5.00000023748726E-4, -4.50000000186265E-1, 130.657008333335), (1.03324876283295, -3.89000000059605, 130.432039925616), (1.43487033242127, -3.89000000059605, 130.699787638656), (1.63614162022714, -3.89000000059605, 130.833968497215), (1.85180556279374, -3.89000000059605, 130.839411125574), (1.76360311347526, -3.89000000059605, 130.841616186808), (1.5, -3.89000000059605, 130.8258), (1.85567010310479, -3.89000000059605, 130.847140206186), (5.E-1, -3.89000000059605, 130.410709975102), (1.125, -3.89000000059605, 130.78205), (3.49999999976717E-1, -3.89000000059605, 130.404709975102), (7.5E-1, -3.89000000059605, 130.7508), (3.75E-1, -3.89000000059605, 130.73205), (5.00000023748726E-4, -3.89000000059605, 130.390729975102), (5.00000023748726E-4, -3.89000000059605, 130.725808333334), (1.03324876283295, -8.89000000059605, 130.532039925616), (1.43487033242127, -8.89000000059605, 130.799787638656), (1.63614162022714, -8.89000000059605, 130.933968497215), (1.85180556279374, -8.89000000059605, 130.939411125575), (1.76360311347526, -8.89000000059605, 130.941616186808), (1.5, -8.89000000059605, 130.9258), (1.85567010310479, -8.89000000059605, 130.947140206186), (5.E-1, -8.89000000059605, 130.510709975102), (1.125, -8.89000000059605, 130.88205), (3.49999999976717E-1, -8.89000000059605, 130.504709975102), (7.5E-1, -8.89000000059605, 130.8508), (3.75E-1, -8.89000000059605, 130.83205), (5.00000023748726E-4, -8.89000000059605, 130.490729975102), (5.00000023748726E-4, -8.89000000059605, 130.825808333334), (1.03324876283295, -18.890000000596, 130.732039925616), (1.43487033242127, -18.890000000596, 130.999787638656), (5.E-1, -18.890000000596, 130.710709975102), (1.63614162022714, -18.890000000596, 131.133968497215), (1.85180556279374, -18.890000000596, 131.139411125575), (1.76360311347526, -18.890000000596, 131.141616186808), (1.5, -18.890000000596, 131.1258), (1.85567010310479, -18.890000000596, 131.147140206186), (1.125, -18.890000000596, 131.08205), (3.49999999976717E-1, -18.890000000596, 130.704709975102), (7.5E-1, -18.890000000596, 131.0508), (5.00000023748726E-4, -18.890000000596, 130.690729975102), (3.75E-1, -18.890000000596, 131.03205), (5.00000023748726E-4, -18.890000000596, 131.025808333334), (1.03324876283295, -28.890000000596, 130.932039925616), (1.43487033242127, -28.890000000596, 131.199787638656), (5.E-1, -28.890000000596, 130.910709975102), (1.63614162022714, -28.890000000596, 131.333968497215), (1.5, -28.890000000596, 131.3258), (1.85180556279374, -28.890000000596, 131.339411125575), (1.76360311347526, -28.890000000596, 131.341616186808), (1.85567010310479, -28.890000000596, 131.347140206186), (3.49999999976717E-1, -28.890000000596, 130.904709975102), (1.125, -28.890000000596, 131.28205), (7.5E-1, -28.890000000596, 131.2508), (5.00000023748726E-4, -28.890000000596, 130.890729975102), (3.75E-1, -28.890000000596, 131.23205), (5.00000023748726E-4, -28.890000000596, 131.225808333334), (1.03324876283295, -38.890000000596, 131.132039925616), (1.43487033242127, -38.890000000596, 131.399787638656), (5.E-1, -38.890000000596, 131.110709975102), (3.49999999976717E-1, -38.890000000596, 131.104709975102), (1.63614162022714, -38.890000000596, 131.533968497215), (1.5, -38.890000000596, 131.5258), (1.85180556279374, -38.890000000596, 131.539411125575), (1.76360311347526, -38.890000000596, 131.541616186808), (1.85567010310479, -38.890000000596, 131.547140206186), (1.125, -38.890000000596, 131.48205), (7.5E-1, -38.890000000596, 131.4508), (5.00000023748726E-4, -38.890000000596, 131.090729975102), (3.75E-1, -38.890000000596, 131.43205), (5.00000023748726E-4, -38.890000000596, 131.425808333334), (1.03324876283295, -48.890000000596, 131.332039925616), (1.43487033242127, -48.890000000596, 131.599787638656), (5.E-1, -48.890000000596, 131.310709975102), (3.49999999976717E-1, -48.890000000596, 131.304709975102), (1.63614162022714, -48.890000000596, 131.733968497215), (1.5, -48.890000000596, 131.7258), (1.85180556279374, -48.890000000596, 131.739411125575), (1.76360311347526, -48.890000000596, 131.741616186808), (1.85567010310479, -48.890000000596, 131.747140206186), (1.125, -48.890000000596, 131.68205), (7.5E-1, -48.890000000596, 131.6508), (5.00000023748726E-4, -48.890000000596, 131.290729975102), (3.75E-1, -48.890000000596, 131.63205), (5.00000023748726E-4, -48.890000000596, 131.625808333334), (1.03324876283295, -58.890000000596, 131.532039925616), (5.E-1, -58.890000000596, 131.510709975102), (1.43487033242127, -58.890000000596, 131.799787638656), (3.49999999976717E-1, -58.890000000596, 131.504709975102), (1.63614162022714, -58.890000000596, 131.933968497215), (1.5, -58.890000000596, 131.925800000001), (1.85180556279374, -58.890000000596, 131.939411125575), (1.76360311347526, -58.890000000596, 131.941616186808), (1.85567010310479, -58.890000000596, 131.947140206186), (1.125, -58.890000000596, 131.882050000001), (7.5E-1, -58.890000000596, 131.850800000001), (5.00000023748726E-4, -58.890000000596, 131.490729975102), (3.75E-1, -58.890000000596, 131.832050000001), (5.00000023748726E-4, -58.890000000596, 131.825808333334), (1.03324876283295, -68.890000000596, 131.732039925616), (5.E-1, -68.890000000596, 131.710709975102), (1.43487033242127, -68.890000000596, 131.999787638656), (3.49999999976717E-1, -68.890000000596, 131.704709975102), (1.63614162022714, -68.890000000596, 132.133968497215), (1.5, -68.890000000596, 132.125800000001), (1.85180556279374, -68.890000000596, 132.139411125575), (1.76360311347526, -68.890000000596, 132.141616186808), (1.125, -68.890000000596, 132.082050000001), (1.85567010310479, -68.890000000596, 132.147140206186), (5.00000023748726E-4, -68.890000000596, 131.690729975102), (7.5E-1, -68.890000000596, 132.050800000001), (3.75E-1, -68.890000000596, 132.032050000001), (5.00000023748726E-4, -68.890000000596, 132.025808333334), (1.03324876283295, -78.890000000596, 131.932039925616), (5.E-1, -78.890000000596, 131.910709975102), (1.43487033242127, -78.890000000596, 132.199787638656), (3.49999999976717E-1, -78.890000000596, 131.904709975102), (1.5, -78.890000000596, 132.325800000001), (1.63614162022714, -78.890000000596, 132.333968497216), (1.85180556279374, -78.890000000596, 132.339411125575), (1.76360311347526, -78.890000000596, 132.341616186808), (1.125, -78.890000000596, 132.282050000001), (1.85567010310479, -78.890000000596, 132.347140206186), (5.00000023748726E-4, -78.890000000596, 131.890729975102), (7.5E-1, -78.890000000596, 132.250800000001), (3.75E-1, -78.890000000596, 132.232050000001), (5.00000023748726E-4, -78.890000000596, 132.225808333334), (1.03324876283295, -88.890000000596, 132.132039925616), (5.E-1, -88.890000000596, 132.110709975102), (3.49999999976717E-1, -88.890000000596, 132.104709975102), (1.43487033242127, -88.890000000596, 132.399787638656), (1.5, -88.890000000596, 132.525800000001), (1.63614162022714, -88.890000000596, 132.533968497216), (1.125, -88.890000000596, 132.482050000001), (1.85180556279374, -88.890000000596, 132.539411125575), (1.76360311347526, -88.890000000596, 132.541616186808), (1.85567010310479, -88.890000000596, 132.547140206186), (5.00000023748726E-4, -88.890000000596, 132.090729975102), (7.5E-1, -88.890000000596, 132.450800000001), (3.75E-1, -88.890000000596, 132.432050000001), (5.00000023748726E-4, -88.890000000596, 132.425808333334), (1.03324876283295, -92.8500000005588, 132.211239925601), (5.E-1, -92.8500000005588, 132.189909975087), (3.49999999976717E-1, -92.8500000005588, 132.183909975087), (1.43487033242127, -92.8500000005588, 132.478987638642), (1.5, -92.8500000005588, 132.604999999986), (1.63614162022714, -92.8500000005588, 132.613168497201), (1.125, -92.8500000005588, 132.561249999986), (1.85180556279374, -92.8500000005588, 132.61861112556), (5.00000023748726E-4, -92.8500000005588, 132.169929975087), (1.76360311347526, -92.8500000005588, 132.620816186793), (1.85567010310479, -92.8500000005588, 132.626340206172), (7.5E-1, -92.8500000005588, 132.529999999986), (3.75E-1, -92.8500000005588, 132.511249999986), (5.00000023748726E-4, -92.8500000005588, 132.505008333319)));
#1245 = IFCTRIANGULATEDFACESET(#1244, $, .T., ((1, 3, 2), (5, 4, 6), (7, 5, 6), (7, 6, 8), (9, 7, 8), (9, 8, 10), (11, 9, 10), (11, 10, 12), (13, 11, 12), (13, 12, 14), (2, 17, 16), (2, 3, 17), (16, 17, 32), (16, 32, 30), (32, 45, 30), (32, 47, 45), (45, 47, 61), (45, 61, 60), (60, 61, 76), (60, 76, 75), (76, 89, 75), (76, 90, 89), (89, 90, 104), (89, 104, 103), (104, 117, 103), (104, 119, 117), (117, 119, 133), (117, 133, 131), (133, 145, 131), (133, 147, 145), (145, 147, 161), (145, 161, 158), (158, 161, 175), (158, 175, 172), (175, 185, 172), (175, 188, 185), (185, 188, 203), (185, 203, 200), (200, 203, 217), (200, 217, 214), (217, 227, 214), (217, 230, 227), (230, 242, 227), (230, 245, 242), (242, 245, 259), (242, 259, 256), (256, 259, 274), (256, 274, 271), (274, 286, 271), (274, 288, 286), (286, 288, 303), (286, 303, 301), (301, 303, 317), (301, 317, 315), (317, 329, 315), (317, 331, 329), (329, 331, 346), (329, 346, 343), (343, 346, 360), (343, 360, 357), (357, 360, 374), (357, 374, 372), (374, 386, 372), (374, 389, 386), (1, 17, 3), (1, 15, 17), (17, 15, 29), (17, 29, 32), (32, 29, 44), (32, 44, 47), (44, 61, 47), (44, 58, 61), (61, 58, 73), (61, 73, 76), (76, 73, 88), (76, 88, 90), (88, 104, 90), (88, 102, 104), (104, 102, 116), (104, 116, 119), (116, 133, 119), (116, 130, 133), (133, 130, 144), (133, 144, 147), (147, 144, 159), (147, 159, 161), (159, 175, 161), (159, 173, 175), (175, 173, 186), (175, 186, 188), (186, 203, 188), (186, 201, 203), (203, 201, 215), (203, 215, 217), (217, 215, 228), (217, 228, 230), (230, 228, 243), (230, 243, 245), (245, 243, 257), (245, 257, 259), (257, 274, 259), (257, 272, 274), (274, 272, 287), (274, 287, 288), (288, 287, 302), (288, 302, 303), (302, 317, 303), (302, 316, 317), (317, 316, 330), (317, 330, 331), (330, 346, 331), (330, 344, 346), (344, 360, 346), (344, 358, 360), (360, 358, 373), (360, 373, 374), (374, 373, 388), (374, 388, 389), (2, 15, 1), (2, 16, 15), (15, 16, 30), (15, 30, 29), (29, 30, 45), (29, 45, 44), (45, 58, 44), (45, 60, 58), (58, 60, 75), (58, 75, 73), (73, 75, 89), (73, 89, 88), (89, 102, 88), (89, 103, 102), (102, 103, 117), (102, 117, 116), (117, 130, 116), (117, 131, 130), (130, 131, 145), (130, 145, 144), (144, 145, 158), (144, 158, 159), (158, 173, 159), (158, 172, 173), (173, 172, 185), (173, 185, 186), (186, 185, 200), (186, 200, 201), (201, 200, 214), (201, 214, 215), (214, 228, 215), (214, 227, 228), (228, 227, 242), (228, 242, 243), (243, 242, 256), (243, 256, 257), (257, 256, 271), (257, 271, 272), (271, 287, 272), (271, 286, 287), (287, 286, 301), (287, 301, 302), (301, 316, 302), (301, 315, 316), (316, 315, 329), (316, 329, 330), (330, 329, 343), (330, 343, 344), (343, 358, 344), (343, 357, 358), (358, 357, 372), (358, 372, 373), (373, 372, 386), (373, 386, 388), (5, 21, 19), (5, 7, 21), (4, 5, 19), (21, 34, 19), (7, 23, 21), (4, 19, 18), (21, 35, 34), (19, 34, 31), (7, 9, 23), (23, 35, 21), (19, 31, 18), (34, 35, 50), (31, 34, 48), (9, 25, 23), (23, 37, 35), (34, 50, 48), (35, 51, 50), (31, 48, 46), (9, 11, 25), (25, 37, 23), (35, 37, 51), (48, 50, 64), (50, 51, 65), (46, 48, 62), (11, 27, 25), (25, 40, 37), (37, 54, 51), (48, 64, 62), (50, 65, 64), (51, 68, 65), (46, 62, 59), (11, 13, 27), (27, 40, 25), (37, 40, 54), (51, 54, 68), (62, 64, 78), (64, 65, 79), (65, 68, 82), (59, 62, 77), (27, 42, 40), (40, 56, 54), (54, 70, 68), (62, 78, 77), (64, 79, 78), (65, 82, 79), (68, 84, 82), (59, 77, 74), (40, 42, 56), (54, 56, 70), (68, 70, 84), (78, 91, 77), (79, 92, 78), (82, 94, 79), (84, 96, 82), (74, 77, 91), (78, 92, 91), (79, 94, 92), (82, 96, 94), (84, 98, 96), (74, 91, 87), (91, 92, 106), (92, 94, 108), (94, 96, 110), (96, 98, 112), (87, 91, 105), (91, 106, 105), (92, 108, 106), (94, 110, 108), (96, 112, 110), (87, 105, 101), (105, 106, 120), (106, 108, 122), (108, 110, 124), (110, 112, 126), (101, 105, 118), (105, 120, 118), (106, 122, 120), (108, 124, 122), (110, 126, 124), (101, 118, 115), (118, 120, 134), (120, 122, 136), (122, 124, 138), (124, 126, 140), (115, 118, 132), (118, 134, 132), (120, 136, 134), (122, 138, 136), (124, 140, 138), (115, 132, 129), (134, 146, 132), (136, 148, 134), (138, 151, 136), (140, 152, 138), (129, 132, 146), (134, 148, 146), (136, 151, 148), (138, 152, 151), (140, 154, 152), (129, 146, 143), (146, 148, 162), (148, 151, 165), (151, 152, 166), (152, 154, 168), (143, 146, 160), (146, 162, 160), (148, 165, 162), (151, 166, 165), (152, 168, 166), (143, 160, 157), (160, 162, 176), (162, 165, 179), (165, 166, 182), (166, 168, 193), (157, 160, 174), (160, 176, 174), (162, 179, 176), (165, 182, 179), (166, 193, 182), (157, 174, 171), (174, 176, 189), (176, 179, 192), (179, 182, 194), (182, 193, 196), (171, 174, 187), (174, 189, 187), (176, 192, 189), (179, 194, 192), (182, 196, 194), (171, 187, 184), (187, 189, 204), (189, 192, 207), (192, 194, 208), (194, 196, 210), (184, 187, 202), (187, 204, 202), (189, 207, 204), (192, 208, 207), (194, 210, 208), (184, 202, 199), (202, 204, 218), (204, 207, 221), (207, 208, 224), (208, 210, 235), (199, 202, 216), (202, 218, 216), (204, 221, 218), (207, 224, 221), (208, 235, 224), (199, 216, 213), (218, 229, 216), (221, 231, 218), (224, 234, 221), (235, 236, 224), (216, 226, 213), (218, 231, 229), (216, 229, 226), (221, 234, 231), (224, 236, 234), (235, 238, 236), (229, 231, 247), (226, 229, 244), (231, 234, 249), (234, 236, 250), (236, 238, 252), (229, 247, 244), (231, 249, 247), (226, 244, 241), (234, 250, 249), (236, 252, 250), (244, 247, 261), (247, 249, 263), (241, 244, 258), (249, 250, 264), (250, 252, 266), (244, 261, 258), (247, 263, 261), (249, 264, 263), (241, 258, 255), (250, 266, 264), (258, 261, 275), (261, 263, 277), (263, 264, 279), (255, 258, 273), (264, 266, 280), (258, 275, 273), (261, 277, 275), (263, 279, 277), (264, 280, 279), (255, 273, 270), (275, 285, 273), (277, 290, 275), (279, 291, 277), (280, 293, 279), (273, 284, 270), (275, 290, 285), (273, 285, 284), (277, 291, 290), (279, 293, 291), (280, 294, 293), (285, 290, 304), (284, 285, 300), (290, 291, 305), (291, 293, 307), (293, 294, 308), (285, 304, 300), (290, 305, 304), (284, 300, 299), (291, 307, 305), (293, 308, 307), (300, 304, 318), (304, 305, 319), (299, 300, 314), (305, 307, 321), (307, 308, 322), (300, 318, 314), (304, 319, 318), (305, 321, 319), (299, 314, 313), (307, 322, 321), (318, 328, 314), (319, 332, 318), (321, 333, 319), (314, 327, 313), (322, 335, 321), (318, 332, 328), (314, 328, 327), (319, 333, 332), (321, 335, 333), (322, 336, 335), (328, 332, 345), (327, 328, 342), (332, 333, 348), (333, 335, 349), (335, 336, 350), (328, 345, 342), (332, 348, 345), (327, 342, 341), (333, 349, 348), (335, 350, 349), (342, 345, 359), (345, 348, 362), (341, 342, 355), (348, 349, 363), (349, 350, 364), (342, 359, 355), (345, 362, 359), (348, 363, 362), (341, 355, 356), (349, 364, 363), (355, 359, 371), (359, 362, 376), (362, 363, 377), (356, 355, 369), (363, 364, 378), (355, 371, 369), (359, 376, 371), (362, 377, 376), (363, 378, 377), (356, 369, 370), (369, 371, 385), (371, 376, 390), (376, 377, 391), (377, 378, 392), (370, 369, 383), (369, 385, 383), (371, 390, 385), (376, 391, 390), (377, 392, 391), (370, 383, 384), (13, 28, 27), (13, 14, 28), (28, 42, 27), (28, 41, 42), (41, 56, 42), (41, 55, 56), (56, 55, 69), (56, 69, 70), (69, 84, 70), (69, 83, 84), (84, 83, 97), (84, 97, 98), (98, 97, 111), (98, 111, 112), (111, 126, 112), (111, 125, 126), (126, 125, 139), (126, 139, 140), (139, 154, 140), (139, 153, 154), (154, 153, 167), (154, 167, 168), (167, 193, 168), (167, 183, 193), (193, 183, 195), (193, 195, 196), (196, 195, 209), (196, 209, 210), (210, 209, 225), (210, 225, 235), (225, 238, 235), (225, 237, 238), (238, 237, 251), (238, 251, 252), (252, 251, 265), (252, 265, 266), (266, 265, 278), (266, 278, 280), (278, 294, 280), (278, 292, 294), (294, 292, 306), (294, 306, 308), (308, 306, 320), (308, 320, 322), (320, 336, 322), (320, 334, 336), (334, 350, 336), (334, 347, 350), (350, 347, 361), (350, 361, 364), (361, 378, 364), (361, 375, 378), (378, 375, 387), (378, 387, 392), (14, 26, 28), (14, 12, 26), (28, 26, 39), (12, 24, 26), (28, 39, 41), (26, 38, 39), (12, 10, 24), (26, 24, 38), (41, 39, 53), (39, 38, 52), (10, 22, 24), (24, 36, 38), (41, 53, 55), (39, 52, 53), (38, 49, 52), (10, 8, 22), (24, 22, 36), (38, 36, 49), (53, 69, 55), (52, 67, 53), (49, 66, 52), (53, 67, 69), (52, 66, 67), (49, 63, 66), (67, 83, 69), (66, 81, 67), (63, 80, 66), (67, 81, 83), (66, 80, 81), (63, 72, 80), (83, 81, 95), (81, 80, 93), (80, 72, 85), (83, 95, 97), (81, 93, 95), (80, 85, 93), (95, 111, 97), (93, 109, 95), (85, 107, 93), (95, 109, 111), (93, 107, 109), (85, 99, 107), (111, 109, 123), (109, 107, 121), (107, 99, 113), (111, 123, 125), (109, 121, 123), (107, 113, 121), (123, 139, 125), (121, 137, 123), (113, 135, 121), (123, 137, 139), (121, 135, 137), (113, 127, 135), (139, 137, 150), (137, 135, 149), (135, 127, 141), (139, 150, 153), (137, 149, 150), (135, 141, 149), (150, 167, 153), (149, 164, 150), (141, 163, 149), (150, 164, 167), (149, 163, 164), (141, 155, 163), (167, 164, 178), (164, 163, 177), (163, 155, 169), (167, 178, 183), (164, 177, 178), (163, 169, 177), (183, 178, 191), (178, 177, 190), (177, 169, 180), (183, 191, 195), (178, 190, 191), (177, 180, 190), (191, 209, 195), (190, 206, 191), (180, 205, 190), (191, 206, 209), (190, 205, 206), (180, 197, 205), (209, 206, 220), (206, 205, 219), (205, 197, 211), (209, 220, 225), (206, 219, 220), (205, 211, 219), (225, 220, 233), (220, 219, 232), (219, 211, 222), (225, 233, 237), (220, 232, 233), (219, 222, 232), (233, 251, 237), (232, 248, 233), (222, 246, 232), (233, 248, 251), (232, 246, 248), (222, 239, 246), (251, 248, 262), (248, 246, 260), (246, 239, 253), (251, 262, 265), (248, 260, 262), (246, 253, 260), (265, 262, 276), (262, 260, 269), (260, 253, 267), (265, 276, 278), (262, 269, 276), (260, 267, 269), (278, 276, 289), (276, 269, 283), (269, 267, 281), (278, 289, 292), (276, 283, 289), (269, 281, 283), (292, 289, 298), (289, 283, 297), (283, 281, 295), (292, 298, 306), (289, 297, 298), (283, 295, 297), (306, 298, 312), (298, 297, 311), (297, 295, 309), (306, 312, 320), (298, 311, 312), (297, 309, 311), (320, 312, 326), (312, 311, 324), (311, 309, 323), (320, 326, 334), (312, 324, 326), (311, 323, 324), (334, 326, 340), (326, 324, 338), (324, 323, 337), (334, 340, 347), (326, 338, 340), (324, 337, 338), (340, 361, 347), (338, 354, 340), (337, 352, 338), (340, 354, 361), (338, 352, 354), (337, 351, 352), (361, 354, 367), (354, 352, 366), (352, 351, 365), (361, 367, 375), (354, 366, 367), (352, 365, 366), (367, 387, 375), (366, 381, 367), (365, 380, 366), (367, 381, 387), (366, 380, 381), (365, 379, 380), (8, 6, 22), (6, 20, 22), (6, 18, 20), (22, 20, 36), (6, 4, 18), (20, 18, 31), (20, 33, 36), (20, 31, 33), (36, 33, 49), (33, 31, 46), (33, 43, 49), (33, 46, 43), (49, 43, 63), (43, 46, 59), (43, 57, 63), (43, 59, 57), (63, 57, 72), (57, 59, 74), (57, 71, 72), (57, 74, 71), (72, 71, 85), (71, 74, 87), (71, 86, 85), (71, 87, 86), (85, 86, 99), (86, 87, 101), (86, 100, 99), (86, 101, 100), (99, 100, 113), (100, 101, 115), (100, 114, 113), (100, 115, 114), (113, 114, 127), (114, 115, 129), (114, 128, 127), (114, 129, 128), (127, 128, 141), (128, 129, 143), (128, 142, 141), (128, 143, 142), (141, 142, 155), (142, 143, 157), (142, 156, 155), (142, 157, 156), (155, 156, 169), (156, 157, 171), (156, 170, 169), (156, 171, 170), (169, 170, 180), (170, 171, 184), (170, 181, 180), (170, 184, 181), (180, 181, 197), (184, 198, 181), (181, 198, 197), (184, 199, 198), (197, 198, 211), (198, 199, 213), (198, 212, 211), (198, 213, 212), (211, 212, 222), (212, 213, 226), (212, 223, 222), (212, 226, 223), (222, 223, 239), (226, 240, 223), (223, 240, 239), (226, 241, 240), (239, 240, 253), (240, 241, 255), (240, 254, 253), (240, 255, 254), (253, 254, 267), (254, 255, 270), (254, 268, 267), (254, 270, 268), (267, 268, 281), (268, 270, 284), (268, 282, 281), (268, 284, 282), (281, 282, 295), (284, 296, 282), (282, 296, 295), (284, 299, 296), (295, 296, 309), (296, 299, 313), (296, 310, 309), (296, 313, 310), (309, 310, 323), (310, 313, 327), (310, 325, 323), (310, 327, 325), (323, 325, 337), (325, 327, 341), (325, 339, 337), (325, 341, 339), (337, 339, 351), (339, 341, 356), (339, 353, 351), (339, 356, 353), (351, 353, 365), (353, 356, 370), (353, 368, 365), (353, 370, 368), (365, 368, 379), (368, 370, 384), (368, 382, 379), (368, 384, 382), (389, 388, 386), (384, 383, 382), (383, 385, 382), (382, 385, 379), (385, 390, 379), (379, 390, 380), (390, 391, 380), (380, 391, 381), (391, 392, 381), (381, 392, 387)), $);
#1246 = IFCCOLOURRGB($, 1., 9.92156982421875E-1, 8.66666972637177E-1);
#1247 = IFCSURFACESTYLERENDERING(#1246, 0., $, $, $, $, $, $, .FLAT.);
#1248 = IFCSURFACESTYLE('m:fffdddff', .BOTH., (#1247));
#1249 = IFCPRESENTATIONSTYLEASSIGNMENT((#1248));
#1250 = IFCSTYLEDITEM(#1245, (#1249), $);
#1251 = IFCSHAPEREPRESENTATION(#24, 'Body', 'Tessellation', (#1245));
#1252 = IFCPRODUCTDEFINITIONSHAPE($, $, (#1251));
#1253 = IFCDIRECTION((1., 0., 0.));
#1254 = IFCDIRECTION((0., 0., 1.));
#1255 = IFCCARTESIANPOINT((0., 0., 0.));
#1256 = IFCAXIS2PLACEMENT3D(#1255, #1254, #1253);
#1257 = IFCLOCALPLACEMENT(#1242, #1256);
#1258 = IFCBUILDINGELEMENTPROXY('0TZLFSNqTEiA4zl3RWn3F8', #5, '670960,000-671143,960', '670960,000-671143,960', $, #1257, #1252, $, $);
#1259 = IFCRELCONTAINEDINSPATIALSTRUCTURE('1qrSdStubAsQoGPK8Qy13c', #5, $, $, (#1258), #1243);
#1260 = IFCPROPERTYSINGLEVALUE('BauphaseEnde', $, IFCTEXT('2'), $);
#1261 = IFCPROPERTYSINGLEVALUE('Bauphase', $, IFCTEXT('1'), $);
#1262 = IFCPROPERTYSINGLEVALUE('BauphaseStart', $, IFCTEXT('1'), $);
#1263 = IFCPROPERTYSET('085PVCxivAZPJYYusrQ2dw', #5, 'Bauphase', $, (#1260, #1261, #1262));
#1264 = IFCRELDEFINESBYPROPERTIES('033uUCnpLAvgUxlAH6yh8J', #5, 'Bauphase', $, (#1258), #1263);
#1265 = IFCPROPERTYSINGLEVALUE('Material', $, IFCTEXT('frostbestaendiger_verdichtungsfaehiger_Boden'), $);
#1266 = IFCPROPERTYSET('0wEr2Fflf1EhJnH_t8N_Hi', #5, 'Baustoff', $, (#1265));
#1267 = IFCRELDEFINESBYPROPERTIES('1DOB5kOaLCG9L_I_3Ojl0Q', #5, 'Baustoff', $, (#1258), #1266);
#1268 = IFCPROPERTYSINGLEVALUE('Planer', $, IFCTEXT('Schuessler-Plan'), $);
#1269 = IFCPROPERTYSINGLEVALUE('Quelle/Herkunft_Daten', $, IFCTEXT('card_1'), $);
#1270 = IFCPROPERTYSINGLEVALUE('Bemerkungen', $, IFCTEXT('Fuellboden_Bankett'), $);
#1271 = IFCPROPERTYSINGLEVALUE('LOG', $, IFCINTEGER(200), $);
#1272 = IFCPROPERTYSINGLEVALUE('KBK_Nr', $, IFCTEXT('5.112.1.020'), $);
#1273 = IFCPROPERTYSINGLEVALUE('Planungsnormen', $, IFCTEXT('ZTV SoB 04/07'), $);
#1274 = IFCPROPERTYSINGLEVALUE('Bauteil', $, IFCTEXT('Auftrag'), $);
#1275 = IFCPROPERTYSINGLEVALUE('LOI', $, IFCINTEGER(200), $);
#1276 = IFCPROPERTYSET('1443oOlWLExRZcnsSkk$rX', #5, 'Bauteilinformation', $, (#1268, #1269, #1270, #1271, #1272, #1273, #1274, #1275));
#1277 = IFCRELDEFINESBYPROPERTIES('15vKrMwv1F0wilXZRHm1K8', #5, 'Bauteilinformation', $, (#1258), #1276);
#1278 = IFCPROPERTYSINGLEVALUE('Objekttyp', $, IFCTEXT('Verfuellung'), $);
#1279 = IFCPROPERTYSINGLEVALUE('Objektklasse', $, IFCTEXT('Auftrag'), $);
#1280 = IFCPROPERTYSINGLEVALUE('Objektgruppe', $, IFCTEXT('Erdbau'), $);
#1281 = IFCPROPERTYSET('0BmNWia8TCIBmQa0W4SWmK', #5, 'Klassifizierung', $, (#1278, #1279, #1280));
#1282 = IFCRELDEFINESBYPROPERTIES('3IUCbf$eTBBBkJ16j$lFSQ', #5, 'Klassifizierung', $, (#1258), #1281);
#1283 = IFCPROPERTYSINGLEVALUE('Bauabschnitt', $, IFCTEXT('1'), $);
#1284 = IFCPROPERTYSINGLEVALUE('Bereich', $, IFCTEXT('Sueden'), $);
#1285 = IFCPROPERTYSINGLEVALUE('StationierungBis', $, IFCTEXT('671+143,960'), $);
#1286 = IFCPROPERTYSINGLEVALUE('StationierungVon', $, IFCTEXT('670+960,000'), $);
#1287 = IFCPROPERTYSINGLEVALUE('Von_BauKM', $, IFCLENGTHMEASURE(670960.), $);
#1288 = IFCPROPERTYSINGLEVALUE('Achse', $, IFCTEXT('1'), $);
#1289 = IFCPROPERTYSINGLEVALUE('Ebene', $, IFCTEXT('1'), $);
#1290 = IFCPROPERTYSINGLEVALUE('Bis_BauKM', $, IFCLENGTHMEASURE(671143.96), $);
#1291 = IFCPROPERTYSET('2vHRiss1n7wff_5D0TrN0u', #5, 'Lage', $, (#1283, #1284, #1285, #1286, #1287, #1288, #1289, #1290));
#1292 = IFCRELDEFINESBYPROPERTIES('0xtiDhHfLA0BvQSXbWzE34', #5, 'Lage', $, (#1258), #1291);
#1293 = IFCDIRECTION((1., 0., 0.));
#1294 = IFCDIRECTION((0., 0., 1.));
#1295 = IFCCARTESIANPOINT((0., 0., 0.));
#1296 = IFCAXIS2PLACEMENT3D(#1295, #1294, #1293);
#1297 = IFCLOCALPLACEMENT(#1125, #1296);
#1298 = IFCBUILDINGSTOREY('3hk2rYWxn7ZvHfi1qp4PCe', #5, 'Sicker_R', $, $, #1297, $, $, $, $);
#1299 = IFCCARTESIANPOINTLIST3D(((5.00000023748726E-4, 91.109999999404, 128.29057003905), (1.5090601623524E-1, 91.109999999404, 128.2965862797), (0., 91.109999999404, 127.89057003905), (1.50499999988824E-1, 91.109999999404, 127.89057003905), (5.00000023748726E-4, 81.109999999404, 128.49057003905), (0., 81.109999999404, 128.09057003905), (1.50499999988824E-1, 81.109999999404, 128.09057003905), (1.5090601623524E-1, 81.109999999404, 128.4965862797), (0., 71.109999999404, 128.29057003905), (1.50499999988824E-1, 71.109999999404, 128.29057003905), (5.00000023748726E-4, 71.109999999404, 128.69057003905), (1.5090601623524E-1, 71.109999999404, 128.6965862797), (0., 61.109999999404, 128.49057003905), (1.50499999988824E-1, 61.109999999404, 128.49057003905), (5.00000023748726E-4, 61.109999999404, 128.89057003905), (1.5090601623524E-1, 61.109999999404, 128.8965862797), (0., 51.109999999404, 128.69057003905), (1.50499999988824E-1, 51.109999999404, 128.69057003905), (5.00000023748726E-4, 51.109999999404, 129.09057003905), (1.5090601623524E-1, 51.109999999404, 129.0965862797), (0., 41.109999999404, 128.89057003905), (1.50499999988824E-1, 41.109999999404, 128.89057003905), (5.00000023748726E-4, 41.109999999404, 129.29057003905), (1.5090601623524E-1, 41.109999999404, 129.2965862797), (0., 31.109999999404, 129.09057003905), (1.50499999988824E-1, 31.109999999404, 129.09057003905), (5.00000023748726E-4, 31.109999999404, 129.49057003905), (1.5090601623524E-1, 31.109999999404, 129.4965862797), (0., 21.109999999404, 129.29057003905), (1.50499999988824E-1, 21.109999999404, 129.29057003905), (5.00000023748726E-4, 21.109999999404, 129.69057003905), (1.5090601623524E-1, 21.109999999404, 129.6965862797), (0., 11.109999999404, 129.49057003905), (1.50499999988824E-1, 11.109999999404, 129.49057003905), (5.00000023748726E-4, 11.109999999404, 129.89057003905), (1.5090601623524E-1, 11.109999999404, 129.8965862797), (0., 8.10999999940395, 129.550570039051), (1.50499999988824E-1, 8.10999999940395, 129.550570039051), (5.00000023748726E-4, 8.10999999940395, 129.950570039051), (1.5090601623524E-1, 8.10999999940395, 129.9565862797), (0., 4.10999999940395, 129.630570039051), (1.50499999988824E-1, 4.10999999940395, 129.630570039051), (5.00000023748726E-4, 4.10999999940395, 130.030570039051), (1.5090601623524E-1, 4.10999999940395, 130.0365862797), (0., 1.10999999940395, 129.690570039051), (1.50499999988824E-1, 1.10999999940395, 129.690570039051), (5.00000023748726E-4, 1.10999999940395, 130.090570039051), (1.5090601623524E-1, 1.10999999940395, 130.0965862797), (0., 4.6999999973923E-1, 129.703370039051), (1.50499999988824E-1, 4.6999999973923E-1, 129.703370039051), (5.00000023748726E-4, 4.6999999973923E-1, 130.103370039051), (1.5090601623524E-1, 4.6999999973923E-1, 130.1093862797), (0., 4.59999999962747E-1, 129.703570039051), (1.50499999988824E-1, 4.59999999962747E-1, 129.703570039051), (5.00000023748726E-4, 4.59999999962747E-1, 130.103570039051), (1.5090601623524E-1, 4.59999999962747E-1, 130.109586279701), (0., 0., 129.71277003905), (1.50499999988824E-1, 0., 129.71277003905), (5.00000023748726E-4, 0., 130.11277003905), (1.5090601623524E-1, 0., 130.1187862797), (0., -4.40000000409782E-1, 129.721570039051), (1.50499999988824E-1, -4.40000000409782E-1, 129.721570039051), (5.00000023748726E-4, -4.40000000409782E-1, 130.121570039051), (1.5090601623524E-1, -4.40000000409782E-1, 130.127586279701), (0., -4.50000000186265E-1, 129.721770039052), (1.50499999988824E-1, -4.50000000186265E-1, 129.721770039052), (5.00000023748726E-4, -4.50000000186265E-1, 130.121770039052), (1.5090601623524E-1, -4.50000000186265E-1, 130.127786279701), (0., -3.89000000059605, 129.790570039051), (1.50499999988824E-1, -3.89000000059605, 129.790570039051), (5.00000023748726E-4, -3.89000000059605, 130.190570039051), (1.5090601623524E-1, -3.89000000059605, 130.1965862797), (0., -8.89000000059605, 129.890570039051), (1.50499999988824E-1, -8.89000000059605, 129.890570039051), (5.00000023748726E-4, -8.89000000059605, 130.290570039051), (1.5090601623524E-1, -8.89000000059605, 130.2965862797), (0., -18.890000000596, 130.090570039051), (1.50499999988824E-1, -18.890000000596, 130.090570039051), (5.00000023748726E-4, -18.890000000596, 130.490570039051), (1.5090601623524E-1, -18.890000000596, 130.4965862797), (0., -28.890000000596, 130.290570039051), (1.50499999988824E-1, -28.890000000596, 130.290570039051), (5.00000023748726E-4, -28.890000000596, 130.690570039051), (1.5090601623524E-1, -28.890000000596, 130.6965862797), (0., -38.890000000596, 130.490570039051), (1.50499999988824E-1, -38.890000000596, 130.490570039051), (5.00000023748726E-4, -38.890000000596, 130.890570039051), (1.5090601623524E-1, -38.890000000596, 130.8965862797), (0., -48.890000000596, 130.690570039051), (1.50499999988824E-1, -48.890000000596, 130.690570039051), (5.00000023748726E-4, -48.890000000596, 131.090570039051), (1.5090601623524E-1, -48.890000000596, 131.0965862797), (0., -58.890000000596, 130.890570039051), (1.50499999988824E-1, -58.890000000596, 130.890570039051), (5.00000023748726E-4, -58.890000000596, 131.290570039051), (1.5090601623524E-1, -58.890000000596, 131.2965862797), (0., -68.890000000596, 131.090570039051), (1.50499999988824E-1, -68.890000000596, 131.090570039051), (5.00000023748726E-4, -68.890000000596, 131.490570039051), (1.5090601623524E-1, -68.890000000596, 131.496586279701), (0., -78.890000000596, 131.290570039051), (1.50499999988824E-1, -78.890000000596, 131.290570039051), (5.00000023748726E-4, -78.890000000596, 131.690570039051), (1.5090601623524E-1, -78.890000000596, 131.696586279701), (0., -88.890000000596, 131.490570039051), (1.50499999988824E-1, -88.890000000596, 131.490570039051), (5.00000023748726E-4, -88.890000000596, 131.890570039051), (1.5090601623524E-1, -88.890000000596, 131.896586279701), (0., -92.8500000005588, 131.569770039036), (1.50499999988824E-1, -92.8500000005588, 131.569770039036), (5.00000023748726E-4, -92.8500000005588, 131.969770039036), (1.5090601623524E-1, -92.8500000005588, 131.975786279686)));
#1300 = IFCTRIANGULATEDFACESET(#1299, $, .T., ((1, 2, 4), (1, 4, 3), (3, 7, 6), (3, 4, 7), (6, 7, 10), (6, 10, 9), (9, 10, 14), (9, 14, 13), (13, 14, 18), (13, 18, 17), (17, 18, 22), (17, 22, 21), (21, 22, 26), (21, 26, 25), (25, 26, 30), (25, 30, 29), (29, 30, 34), (29, 34, 33), (33, 34, 38), (33, 38, 37), (37, 38, 42), (37, 42, 41), (41, 42, 46), (41, 46, 45), (45, 46, 50), (45, 50, 49), (49, 50, 54), (49, 54, 53), (53, 54, 58), (53, 58, 57), (57, 58, 62), (57, 62, 61), (61, 62, 66), (61, 66, 65), (65, 66, 70), (65, 70, 69), (69, 70, 74), (69, 74, 73), (73, 74, 78), (73, 78, 77), (77, 78, 82), (77, 82, 81), (81, 82, 86), (81, 86, 85), (85, 86, 90), (85, 90, 89), (89, 90, 94), (89, 94, 93), (93, 94, 98), (93, 98, 97), (97, 98, 102), (97, 102, 101), (101, 102, 106), (101, 106, 105), (105, 106, 110), (105, 110, 109), (4, 8, 7), (4, 2, 8), (7, 8, 12), (7, 12, 10), (10, 12, 16), (10, 16, 14), (14, 16, 20), (14, 20, 18), (18, 20, 24), (18, 24, 22), (22, 24, 28), (22, 28, 26), (26, 28, 32), (26, 32, 30), (30, 32, 36), (30, 36, 34), (36, 38, 34), (36, 40, 38), (38, 40, 44), (38, 44, 42), (44, 46, 42), (44, 48, 46), (46, 48, 52), (46, 52, 50), (50, 52, 56), (50, 56, 54), (56, 58, 54), (56, 60, 58), (58, 60, 64), (58, 64, 62), (62, 64, 68), (62, 68, 66), (68, 70, 66), (68, 72, 70), (70, 72, 76), (70, 76, 74), (74, 76, 80), (74, 80, 78), (78, 80, 84), (78, 84, 82), (82, 84, 88), (82, 88, 86), (86, 88, 92), (86, 92, 90), (90, 92, 96), (90, 96, 94), (94, 96, 100), (94, 100, 98), (98, 100, 104), (98, 104, 102), (102, 104, 108), (102, 108, 106), (106, 108, 112), (106, 112, 110), (2, 5, 8), (2, 1, 5), (8, 5, 11), (8, 11, 12), (11, 16, 12), (11, 15, 16), (16, 15, 19), (16, 19, 20), (20, 19, 23), (20, 23, 24), (24, 23, 27), (24, 27, 28), (28, 27, 31), (28, 31, 32), (32, 31, 35), (32, 35, 36), (36, 35, 39), (36, 39, 40), (39, 44, 40), (39, 43, 44), (44, 43, 47), (44, 47, 48), (47, 52, 48), (47, 51, 52), (52, 51, 55), (52, 55, 56), (56, 55, 59), (56, 59, 60), (60, 59, 63), (60, 63, 64), (63, 68, 64), (63, 67, 68), (68, 67, 71), (68, 71, 72), (72, 71, 75), (72, 75, 76), (76, 75, 79), (76, 79, 80), (80, 79, 83), (80, 83, 84), (84, 83, 87), (84, 87, 88), (88, 87, 91), (88, 91, 92), (91, 96, 92), (91, 95, 96), (96, 95, 99), (96, 99, 100), (100, 99, 103), (100, 103, 104), (104, 103, 107), (104, 107, 108), (108, 107, 111), (108, 111, 112), (1, 6, 5), (1, 3, 6), (5, 6, 9), (5, 9, 11), (9, 15, 11), (9, 13, 15), (15, 13, 17), (15, 17, 19), (19, 17, 21), (19, 21, 23), (23, 21, 25), (23, 25, 27), (27, 25, 29), (27, 29, 31), (31, 29, 33), (31, 33, 35), (35, 33, 37), (35, 37, 39), (37, 43, 39), (37, 41, 43), (43, 41, 45), (43, 45, 47), (45, 51, 47), (45, 49, 51), (51, 49, 53), (51, 53, 55), (55, 53, 57), (55, 57, 59), (59, 57, 61), (59, 61, 63), (61, 67, 63), (61, 65, 67), (67, 65, 69), (67, 69, 71), (71, 69, 73), (71, 73, 75), (75, 73, 77), (75, 77, 79), (79, 77, 81), (79, 81, 83), (83, 81, 85), (83, 85, 87), (87, 85, 89), (87, 89, 91), (89, 95, 91), (89, 93, 95), (95, 93, 97), (95, 97, 99), (99, 97, 101), (99, 101, 103), (103, 101, 105), (103, 105, 107), (107, 105, 109), (107, 109, 111), (112, 111, 110), (110, 111, 109)), $);
#1301 = IFCCOLOURRGB($, 1., 1., 1.);
#1302 = IFCSURFACESTYLERENDERING(#1301, 0., $, $, $, $, $, $, .FLAT.);
#1303 = IFCSURFACESTYLE('m:ffffffff', .BOTH., (#1302));
#1304 = IFCPRESENTATIONSTYLEASSIGNMENT((#1303));
#1305 = IFCSTYLEDITEM(#1300, (#1304), $);
#1306 = IFCSHAPEREPRESENTATION(#24, 'Body', 'Tessellation', (#1300));
#1307 = IFCPRODUCTDEFINITIONSHAPE($, $, (#1306));
#1308 = IFCDIRECTION((1., 0., 0.));
#1309 = IFCDIRECTION((0., 0., 1.));
#1310 = IFCCARTESIANPOINT((0., 0., 0.));
#1311 = IFCAXIS2PLACEMENT3D(#1310, #1309, #1308);
#1312 = IFCLOCALPLACEMENT(#1297, #1311);
#1313 = IFCBUILDINGELEMENTPROXY('0SDP9I3HzFVv73_kDmSL8a', #5, '670960,000-671143,960', '670960,000-671143,960', $, #1312, #1307, $, $);
#1314 = IFCRELCONTAINEDINSPATIALSTRUCTURE('2V53OYxYX0DQ4qGBsyqsLY', #5, $, $, (#1313), #1298);
#1315 = IFCPROPERTYSINGLEVALUE('BauphaseEnde', $, IFCTEXT('2'), $);
#1316 = IFCPROPERTYSINGLEVALUE('Bauphase', $, IFCTEXT('1'), $);
#1317 = IFCPROPERTYSINGLEVALUE('BauphaseStart', $, IFCTEXT('1'), $);
#1318 = IFCPROPERTYSET('20hYozpq1EFRabnxJCKuSo', #5, 'Bauphase', $, (#1315, #1316, #1317));
#1319 = IFCRELDEFINESBYPROPERTIES('0LCSK0oL93n90TtmEWcylq', #5, 'Bauphase', $, (#1313), #1318);
#1320 = IFCPROPERTYSINGLEVALUE('Material', $, IFCTEXT('Boden'), $);
#1321 = IFCPROPERTYSET('0PRjVUhH1Ebhv90qQmHVDf', #5, 'Baustoff', $, (#1320));
#1322 = IFCRELDEFINESBYPROPERTIES('2VcCvisnzA_fgX2O$q8kX8', #5, 'Baustoff', $, (#1313), #1321);
#1323 = IFCPROPERTYSINGLEVALUE('Planer', $, IFCTEXT('Schuessler-Plan'), $);
#1324 = IFCPROPERTYSINGLEVALUE('Quelle/Herkunft_Daten', $, IFCTEXT('card_1'), $);
#1325 = IFCPROPERTYSINGLEVALUE('Bemerkungen', $, IFCTEXT('Senkrechte Sickerschicht herstellen'), $);
#1326 = IFCPROPERTYSINGLEVALUE('LOG', $, IFCINTEGER(200), $);
#1327 = IFCPROPERTYSINGLEVALUE('KBK_Nr', $, IFCTEXT('4.110.2.020'), $);
#1328 = IFCPROPERTYSINGLEVALUE('Planungsnormen', $, IFCTEXT('ZTV E-StB 17'), $);
#1329 = IFCPROPERTYSINGLEVALUE('Bauteil', $, IFCTEXT('Oberflaechenentwaesserung'), $);
#1330 = IFCPROPERTYSINGLEVALUE('LOI', $, IFCINTEGER(200), $);
#1331 = IFCPROPERTYSET('0qsBD6ujLEPAwCvX5N1miw', #5, 'Bauteilinformation', $, (#1323, #1324, #1325, #1326, #1327, #1328, #1329, #1330));
#1332 = IFCRELDEFINESBYPROPERTIES('0XnTLSf5DEavXsTNY$qWw6', #5, 'Bauteilinformation', $, (#1313), #1331);
#1333 = IFCPROPERTYSINGLEVALUE('Objekttyp', $, IFCTEXT('Sickerschicht'), $);
#1334 = IFCPROPERTYSINGLEVALUE('Objektklasse', $, IFCTEXT('Oberflaechenentwaesserung'), $);
#1335 = IFCPROPERTYSINGLEVALUE('Objektgruppe', $, IFCTEXT('Entwaesserung'), $);
#1336 = IFCPROPERTYSET('1J2eK_3rz04h3rZomMoPpm', #5, 'Klassifizierung', $, (#1333, #1334, #1335));
#1337 = IFCRELDEFINESBYPROPERTIES('0XJcax2d11YQFyoaM__$qd', #5, 'Klassifizierung', $, (#1313), #1336);
#1338 = IFCPROPERTYSINGLEVALUE('Bauabschnitt', $, IFCTEXT('1'), $);
#1339 = IFCPROPERTYSINGLEVALUE('Bereich', $, IFCTEXT('Sueden'), $);
#1340 = IFCPROPERTYSINGLEVALUE('StationierungBis', $, IFCTEXT('671+143,960'), $);
#1341 = IFCPROPERTYSINGLEVALUE('StationierungVon', $, IFCTEXT('670+960,000'), $);
#1342 = IFCPROPERTYSINGLEVALUE('Von_BauKM', $, IFCLENGTHMEASURE(670960.), $);
#1343 = IFCPROPERTYSINGLEVALUE('Achse', $, IFCTEXT('1'), $);
#1344 = IFCPROPERTYSINGLEVALUE('Ebene', $, IFCTEXT('1'), $);
#1345 = IFCPROPERTYSINGLEVALUE('Bis_BauKM', $, IFCLENGTHMEASURE(671143.96), $);
#1346 = IFCPROPERTYSET('3GBqWV$c13Bhqv2dbvMcQm', #5, 'Lage', $, (#1338, #1339, #1340, #1341, #1342, #1343, #1344, #1345));
#1347 = IFCRELDEFINESBYPROPERTIES('0B0ztHdWH4ixKeZQpdjBZP', #5, 'Lage', $, (#1313), #1346);
ENDSEC;
END-ISO-10303-21;
